/home/gliu2/miniconda3/envs/contrastive_rl/lib/python3.9/site-packages/gym/spaces/box.py:127: UserWarning: [33mWARN: Box bound precision lowered by casting to float32[0m
  logger.warn(f"Box bound precision lowered by casting to {self.dtype}")
/home/gliu2/miniconda3/envs/contrastive_rl/lib/python3.9/site-packages/gym/spaces/box.py:127: UserWarning: [33mWARN: Box bound precision lowered by casting to float32[0m
  logger.warn(f"Box bound precision lowered by casting to {self.dtype}")
I0528 14:46:59.490067 22927996241728 xla_bridge.py:448] Unable to initialize backend 'rocm': NOT_FOUND: Could not find registered platform with name: "rocm". Available platform names are: Interpreter Host CUDA
I0528 14:46:59.490414 22927996241728 xla_bridge.py:448] Unable to initialize backend 'tpu': module 'jaxlib.xla_extension' has no attribute 'get_tpu_client'
I0528 14:46:59.490490 22927996241728 xla_bridge.py:448] Unable to initialize backend 'plugin': xla_extension has no attributes named get_plugin_device_client. Compile TensorFlow with //tensorflow/compiler/xla/python:enable_plugin_device set to true (defaults to false) to enable this.
I0528 14:46:59.912130 22918291473984 courier_utils.py:50] Binding: run
[reverb/cc/platform/tfrecord_checkpointer.cc:150]  Initializing TFRecordCheckpointer in /tmp/tmpogxb3kr1.
[reverb/cc/platform/tfrecord_checkpointer.cc:386] Loading latest checkpoint from /tmp/tmpogxb3kr1
[reverb/cc/platform/default/server.cc:71] Started replay server on port 44701
I0528 14:46:59.912465 22897759475264 node.py:62] Reverb client connecting to: localhost:44701
I0528 14:46:59.919285 22918291473984 lp_utils.py:88] StepsLimiter: Starting with max_steps = 1000000 (actor_steps)
I0528 14:47:00.083339 22892421006912 node.py:62] Reverb client connecting to: localhost:44701
I0528 14:47:00.105273 22918293575232 savers.py:165] Attempting to restore checkpoint: None
I0528 14:47:00.105538 22892418905664 node.py:62] Reverb client connecting to: localhost:44701
I0528 14:47:00.118496 22892410500672 node.py:62] Reverb client connecting to: localhost:44701
I0528 14:47:00.121214 22892391589440 node.py:62] Reverb client connecting to: localhost:44701
I0528 14:47:00.131429 22918293575232 courier_utils.py:50] Binding: get_counts
I0528 14:47:00.133224 22918293575232 courier_utils.py:50] Binding: get_directory
I0528 14:47:00.133307 22918293575232 courier_utils.py:50] Binding: increment
I0528 14:47:00.133362 22918293575232 courier_utils.py:50] Binding: restore
I0528 14:47:00.133413 22918293575232 courier_utils.py:50] Binding: save
I0528 14:47:00.133739 22918293575232 savers.py:156] Saving checkpoint: /home/gliu2/rebuttal/checkpoints/contrastive_cpc_point_FourRooms_0/checkpoints/counter
I0528 14:47:00.398963 22892391589440 courier_utils.py:50] Binding: run
I0528 14:47:00.400404 22892418905664 courier_utils.py:50] Binding: run
I0528 14:47:00.400982 22892391589440 courier_utils.py:50] Binding: run_episode
I0528 14:47:00.401899 22892410500672 courier_utils.py:50] Binding: run
I0528 14:47:00.422855 22892418905664 courier_utils.py:50] Binding: run_episode
I0528 14:47:00.428060 22892421006912 csv.py:76] Logging to /home/gliu2/rebuttal/checkpoints/contrastive_cpc_point_FourRooms_0/logs/actor/logs.csv
I0528 14:47:00.433970 22895222769216 csv.py:76] Logging to /home/gliu2/rebuttal/checkpoints/contrastive_cpc_point_FourRooms_0/logs/evaluator/logs.csv
I0528 14:47:00.434516 22892410500672 courier_utils.py:50] Binding: run_episode
I0528 14:47:00.442363 22892421006912 courier_utils.py:50] Binding: run
I0528 14:47:00.442761 22895222769216 courier_utils.py:50] Binding: run
I0528 14:47:00.443416 22892421006912 courier_utils.py:50] Binding: run_episode
I0528 14:47:00.446566 22895222769216 courier_utils.py:50] Binding: run_episode
I0528 14:47:01.146416 22918291473984 lp_utils.py:96] StepsLimiter: Reached 0 recorded steps
I0528 14:47:01.483588 22897759475264 csv.py:76] Logging to /home/gliu2/rebuttal/checkpoints/contrastive_cpc_point_FourRooms_0/logs/learner/logs.csv
W0528 14:47:02.274342 22897759475264 __init__.py:773] The use of `check_types` is deprecated and does not have any effect.
I0528 14:47:03.751916 22897759475264 savers.py:165] Attempting to restore checkpoint: None
I0528 14:47:03.752861 22897759475264 courier_utils.py:50] Binding: get_directory
I0528 14:47:03.752948 22897759475264 courier_utils.py:50] Binding: get_variables
I0528 14:47:03.753004 22897759475264 courier_utils.py:50] Binding: restore
I0528 14:47:03.753036 22897759475264 courier_utils.py:50] Binding: run
I0528 14:47:03.753064 22897759475264 courier_utils.py:50] Binding: save
I0528 14:47:03.753098 22897759475264 courier_utils.py:50] Binding: step
[reverb/cc/client.cc:165] Sampler and server are owned by the same process (522982) so Table priority_table is accessed directly without gRPC.
[reverb/cc/client.cc:165] Sampler and server are owned by the same process (522982) so Table priority_table is accessed directly without gRPC.
[reverb/cc/client.cc:165] Sampler and server are owned by the same process (522982) so Table priority_table is accessed directly without gRPC.
[reverb/cc/client.cc:165] Sampler and server are owned by the same process (522982) so Table priority_table is accessed directly without gRPC.
/home/gliu2/miniconda3/envs/contrastive_rl/lib/python3.9/site-packages/numpy/core/fromnumeric.py:3504: RuntimeWarning: Mean of empty slice.
  return _methods._mean(a, axis=axis, dtype=dtype,
I0528 14:47:05.935853 22892410500672 terminal.py:91] [Actor] Actor Episodes = 2 | Actor Steps = 100 | Delta Dist = 4.113 | Delta Dist 10 = 0.000 | Delta Dist 100 = 0.000 | Delta Dist 1000 = 0.000 | Episode Length = 50 | Episode Return = 0.0 | Final Dist = 7.201 | Final Dist 10 = 11.314 | Final Dist 100 = 11.314 | Final Dist 1000 = 11.314 | Init Dist = 11.314 | Init Dist 10 = 11.314 | Init Dist 100 = 11.314 | Init Dist 1000 = 11.314 | Min Dist = 5.319 | Min Dist 10 = 11.314 | Min Dist 100 = 11.314 | Min Dist 1000 = 11.314 | Steps Per Second = 9.105 | Success = 0.000 | Success 1000 = nan
/home/gliu2/miniconda3/envs/contrastive_rl/lib/python3.9/site-packages/numpy/core/_methods.py:129: RuntimeWarning: invalid value encountered in scalar divide
  ret = ret.dtype.type(ret / rcount)
I0528 14:47:05.937352 22892421006912 terminal.py:91] [Actor] Actor Episodes = 1 | Actor Steps = 50 | Delta Dist = 4.113 | Delta Dist 10 = 0.000 | Delta Dist 100 = 0.000 | Delta Dist 1000 = 0.000 | Episode Length = 50 | Episode Return = 0.0 | Final Dist = 7.201 | Final Dist 10 = 11.314 | Final Dist 100 = 11.314 | Final Dist 1000 = 11.314 | Init Dist = 11.314 | Init Dist 10 = 11.314 | Init Dist 100 = 11.314 | Init Dist 1000 = 11.314 | Min Dist = 5.319 | Min Dist 10 = 11.314 | Min Dist 100 = 11.314 | Min Dist 1000 = 11.314 | Steps Per Second = 9.132 | Success = 0.000 | Success 1000 = nan
I0528 14:47:05.947552 22892418905664 terminal.py:91] [Actor] Actor Episodes = 3 | Actor Steps = 150 | Delta Dist = 1.224 | Delta Dist 10 = 0.823 | Delta Dist 100 = 0.823 | Delta Dist 1000 = 0.823 | Episode Length = 50 | Episode Return = 0.0 | Final Dist = 10.090 | Final Dist 10 = 10.491 | Final Dist 100 = 10.491 | Final Dist 1000 = 10.491 | Init Dist = 11.314 | Init Dist 10 = 11.314 | Init Dist 100 = 11.314 | Init Dist 1000 = 11.314 | Min Dist = 6.736 | Min Dist 10 = 10.115 | Min Dist 100 = 10.115 | Min Dist 1000 = 10.115 | Steps Per Second = 9.082 | Success = 0.000 | Success 1000 = 0.000
I0528 14:47:05.957642 22895222769216 terminal.py:91] [Evaluator] Actor Episodes = 3 | Actor Steps = 150 | Delta Dist = 3.567 | Episode Length = 50 | Episode Return = 0.0 | Evaluator Episodes = 1 | Evaluator Steps = 50 | Final Dist = 7.746 | Init Dist = 11.314 | Min Dist = 7.020 | Steps Per Second = 9.078 | Success = 0.000 | Success 1000 = nan
I0528 14:47:05.967253 22892391589440 terminal.py:91] [Actor] Actor Episodes = 4 | Actor Steps = 200 | Delta Dist = 5.347 | Delta Dist 10 = 1.606 | Delta Dist 100 = 1.606 | Delta Dist 1000 = 1.606 | Episode Length = 50 | Episode Return = 0.0 | Evaluator Episodes = 1 | Evaluator Steps = 50 | Final Dist = 5.967 | Final Dist 10 = 9.708 | Final Dist 100 = 9.708 | Final Dist 1000 = 9.708 | Init Dist = 11.314 | Init Dist 10 = 11.314 | Init Dist 100 = 11.314 | Init Dist 1000 = 11.314 | Min Dist = 5.952 | Min Dist 10 = 9.395 | Min Dist 100 = 9.395 | Min Dist 1000 = 9.395 | Steps Per Second = 9.037 | Success = 0.000 | Success 1000 = 0.000
I0528 14:47:07.400404 22895222769216 terminal.py:91] [Evaluator] Actor Episodes = 16 | Actor Steps = 800 | Delta Dist = 4.570 | Delta Dist 10 = 3.981 | Delta Dist 100 = 3.981 | Delta Dist 1000 = 3.981 | Episode Length = 50 | Episode Return = 0.0 | Evaluator Episodes = 4 | Evaluator Steps = 200 | Final Dist = 6.743 | Final Dist 10 = 7.333 | Final Dist 100 = 7.333 | Final Dist 1000 = 7.333 | Init Dist = 11.314 | Init Dist 10 = 11.314 | Init Dist 100 = 11.314 | Init Dist 1000 = 11.314 | Min Dist = 6.008 | Min Dist 10 = 5.493 | Min Dist 100 = 5.493 | Min Dist 1000 = 5.493 | Steps Per Second = 102.430 | Success = 0.000 | Success 1000 = 0.000
I0528 14:47:08.858877 22895222769216 terminal.py:91] [Evaluator] Actor Episodes = 28 | Actor Steps = 1400 | Delta Dist = 5.408 | Delta Dist 10 = 3.330 | Delta Dist 100 = 3.330 | Delta Dist 1000 = 3.330 | Episode Length = 50 | Episode Return = 0.0 | Evaluator Episodes = 7 | Evaluator Steps = 350 | Final Dist = 5.906 | Final Dist 10 = 7.984 | Final Dist 100 = 7.984 | Final Dist 1000 = 7.984 | Init Dist = 11.314 | Init Dist 10 = 11.314 | Init Dist 100 = 11.314 | Init Dist 1000 = 11.314 | Min Dist = 5.906 | Min Dist 10 = 6.276 | Min Dist 100 = 6.276 | Min Dist 1000 = 6.276 | Steps Per Second = 108.055 | Success = 0.000 | Success 1000 = 0.000
I0528 14:47:10.301667 22895222769216 terminal.py:91] [Evaluator] Actor Episodes = 40 | Actor Steps = 2000 | Delta Dist = 2.381 | Delta Dist 10 = 3.147 | Delta Dist 100 = 3.147 | Delta Dist 1000 = 3.147 | Episode Length = 50 | Episode Return = 0.0 | Evaluator Episodes = 10 | Evaluator Steps = 500 | Final Dist = 8.933 | Final Dist 10 = 8.166 | Final Dist 100 = 8.166 | Final Dist 1000 = 8.166 | Init Dist = 11.314 | Init Dist 10 = 11.314 | Init Dist 100 = 11.314 | Init Dist 1000 = 11.314 | Min Dist = 5.818 | Min Dist 10 = 6.347 | Min Dist 100 = 6.347 | Min Dist 1000 = 6.347 | Steps Per Second = 100.138 | Success = 0.000 | Success 1000 = 0.000
I0528 14:47:11.165820 22918291473984 lp_utils.py:96] StepsLimiter: Reached 2000 recorded steps
I0528 14:47:11.740224 22895222769216 terminal.py:91] [Evaluator] Actor Episodes = 52 | Actor Steps = 2600 | Delta Dist = 2.076 | Delta Dist 10 = 2.567 | Delta Dist 100 = 2.809 | Delta Dist 1000 = 2.809 | Episode Length = 50 | Episode Return = 0.0 | Evaluator Episodes = 13 | Evaluator Steps = 650 | Final Dist = 9.238 | Final Dist 10 = 8.747 | Final Dist 100 = 8.504 | Final Dist 1000 = 8.504 | Init Dist = 11.314 | Init Dist 10 = 11.314 | Init Dist 100 = 11.314 | Init Dist 1000 = 11.314 | Min Dist = 9.041 | Min Dist 10 = 6.718 | Min Dist 100 = 6.540 | Min Dist 1000 = 6.540 | Steps Per Second = 99.487 | Success = 0.000 | Success 1000 = 0.000
I0528 14:47:13.191742 22895222769216 terminal.py:91] [Evaluator] Actor Episodes = 63 | Actor Steps = 3150 | Delta Dist = 3.947 | Delta Dist 10 = 2.581 | Delta Dist 100 = 2.919 | Delta Dist 1000 = 2.919 | Episode Length = 50 | Episode Return = 0.0 | Evaluator Episodes = 16 | Evaluator Steps = 800 | Final Dist = 7.367 | Final Dist 10 = 8.732 | Final Dist 100 = 8.395 | Final Dist 1000 = 8.395 | Init Dist = 11.314 | Init Dist 10 = 11.314 | Init Dist 100 = 11.314 | Init Dist 1000 = 11.314 | Min Dist = 7.367 | Min Dist 10 = 7.067 | Min Dist 100 = 6.722 | Min Dist 1000 = 6.722 | Steps Per Second = 108.258 | Success = 0.000 | Success 1000 = 0.000
I0528 14:47:14.611351 22895222769216 terminal.py:91] [Evaluator] Actor Episodes = 75 | Actor Steps = 3750 | Delta Dist = 5.178 | Delta Dist 10 = 2.657 | Delta Dist 100 = 2.883 | Delta Dist 1000 = 2.883 | Episode Length = 50 | Episode Return = 0.0 | Evaluator Episodes = 19 | Evaluator Steps = 950 | Final Dist = 6.136 | Final Dist 10 = 8.657 | Final Dist 100 = 8.430 | Final Dist 1000 = 8.430 | Init Dist = 11.314 | Init Dist 10 = 11.314 | Init Dist 100 = 11.314 | Init Dist 1000 = 11.314 | Min Dist = 6.136 | Min Dist 10 = 6.814 | Min Dist 100 = 6.637 | Min Dist 1000 = 6.637 | Steps Per Second = 99.452 | Success = 0.000 | Success 1000 = 0.000
I0528 14:47:15.949141 22892410500672 terminal.py:91] [Actor] Actor Episodes = 87 | Actor Steps = 4350 | Delta Dist = 3.097 | Delta Dist 10 = 3.058 | Delta Dist 100 = 2.048 | Delta Dist 1000 = 2.048 | Episode Length = 50 | Episode Return = 0.0 | Evaluator Episodes = 19 | Evaluator Steps = 950 | Final Dist = 8.216 | Final Dist 10 = 8.256 | Final Dist 100 = 9.265 | Final Dist 1000 = 9.265 | Init Dist = 11.314 | Init Dist 10 = 11.314 | Init Dist 100 = 11.314 | Init Dist 1000 = 11.314 | Min Dist = 6.918 | Min Dist 10 = 6.766 | Min Dist 100 = 6.993 | Min Dist 1000 = 6.993 | Steps Per Second = 103.937 | Success = 0.000 | Success 1000 = 0.000
I0528 14:47:15.980089 22892391589440 terminal.py:91] [Actor] Actor Episodes = 79 | Actor Steps = 3950 | Delta Dist = 2.687 | Delta Dist 10 = 3.199 | Delta Dist 100 = 2.047 | Delta Dist 1000 = 2.047 | Episode Length = 50 | Episode Return = 0.0 | Evaluator Episodes = 19 | Evaluator Steps = 950 | Final Dist = 8.627 | Final Dist 10 = 8.115 | Final Dist 100 = 9.266 | Final Dist 1000 = 9.266 | Init Dist = 11.314 | Init Dist 10 = 11.314 | Init Dist 100 = 11.314 | Init Dist 1000 = 11.314 | Min Dist = 8.627 | Min Dist 10 = 6.803 | Min Dist 100 = 6.993 | Min Dist 1000 = 6.993 | Steps Per Second = 108.323 | Success = 0.000 | Success 1000 = 0.000
I0528 14:47:16.040473 22895222769216 terminal.py:91] [Evaluator] Actor Episodes = 87 | Actor Steps = 4350 | Delta Dist = 0.959 | Delta Dist 10 = 2.891 | Delta Dist 100 = 2.987 | Delta Dist 1000 = 2.987 | Episode Length = 50 | Episode Return = 0.0 | Evaluator Episodes = 22 | Evaluator Steps = 1100 | Final Dist = 10.355 | Final Dist 10 = 8.422 | Final Dist 100 = 8.327 | Final Dist 1000 = 8.327 | Init Dist = 11.314 | Init Dist 10 = 11.314 | Init Dist 100 = 11.314 | Init Dist 1000 = 11.314 | Min Dist = 8.580 | Min Dist 10 = 7.068 | Min Dist 100 = 6.754 | Min Dist 1000 = 6.754 | Steps Per Second = 102.161 | Success = 0.000 | Success 1000 = 0.000
I0528 14:47:16.330604 22892421006912 terminal.py:91] [Actor] Actor Episodes = 82 | Actor Steps = 4100 | Delta Dist = 1.053 | Delta Dist 10 = 2.984 | Delta Dist 100 = 2.041 | Delta Dist 1000 = 2.041 | Episode Length = 50 | Episode Return = 0.0 | Evaluator Episodes = 19 | Evaluator Steps = 950 | Final Dist = 10.260 | Final Dist 10 = 8.330 | Final Dist 100 = 9.272 | Final Dist 1000 = 9.272 | Init Dist = 11.314 | Init Dist 10 = 11.314 | Init Dist 100 = 11.314 | Init Dist 1000 = 11.314 | Min Dist = 6.025 | Min Dist 10 = 7.098 | Min Dist 100 = 7.011 | Min Dist 1000 = 7.011 | Steps Per Second = 99.109 | Success = 0.000 | Success 1000 = 0.000
I0528 14:47:16.403638 22892418905664 terminal.py:91] [Actor] Actor Episodes = 85 | Actor Steps = 4250 | Delta Dist = 3.746 | Delta Dist 10 = 2.846 | Delta Dist 100 = 2.032 | Delta Dist 1000 = 2.032 | Episode Length = 50 | Episode Return = 0.0 | Evaluator Episodes = 19 | Evaluator Steps = 950 | Final Dist = 7.568 | Final Dist 10 = 8.467 | Final Dist 100 = 9.282 | Final Dist 1000 = 9.282 | Init Dist = 11.314 | Init Dist 10 = 11.314 | Init Dist 100 = 11.314 | Init Dist 1000 = 11.314 | Min Dist = 7.459 | Min Dist 10 = 6.770 | Min Dist 100 = 6.973 | Min Dist 1000 = 6.973 | Steps Per Second = 100.069 | Success = 0.000 | Success 1000 = 0.000
I0528 14:47:17.420989 22895222769216 terminal.py:91] [Evaluator] Actor Episodes = 99 | Actor Steps = 4950 | Delta Dist = 3.454 | Delta Dist 10 = 2.889 | Delta Dist 100 = 2.950 | Delta Dist 1000 = 2.950 | Episode Length = 50 | Episode Return = 0.0 | Evaluator Episodes = 25 | Evaluator Steps = 1250 | Final Dist = 7.860 | Final Dist 10 = 8.424 | Final Dist 100 = 8.364 | Final Dist 1000 = 8.364 | Init Dist = 11.314 | Init Dist 10 = 11.314 | Init Dist 100 = 11.314 | Init Dist 1000 = 11.314 | Min Dist = 5.040 | Min Dist 10 = 7.346 | Min Dist 100 = 6.880 | Min Dist 1000 = 6.880 | Steps Per Second = 102.011 | Success = 0.000 | Success 1000 = 0.000
I0528 14:47:18.841196 22895222769216 terminal.py:91] [Evaluator] Actor Episodes = 111 | Actor Steps = 5550 | Delta Dist = 2.405 | Delta Dist 10 = 3.208 | Delta Dist 100 = 2.932 | Delta Dist 1000 = 2.932 | Episode Length = 50 | Episode Return = 0.0 | Evaluator Episodes = 28 | Evaluator Steps = 1400 | Final Dist = 8.908 | Final Dist 10 = 8.106 | Final Dist 100 = 8.382 | Final Dist 1000 = 8.382 | Init Dist = 11.314 | Init Dist 10 = 11.314 | Init Dist 100 = 11.314 | Init Dist 1000 = 11.314 | Min Dist = 6.112 | Min Dist 10 = 6.993 | Min Dist 100 = 6.830 | Min Dist 1000 = 6.830 | Steps Per Second = 103.588 | Success = 0.000 | Success 1000 = 0.000
I0528 14:47:20.277023 22895222769216 terminal.py:91] [Evaluator] Actor Episodes = 120 | Actor Steps = 6000 | Delta Dist = 3.419 | Delta Dist 10 = 2.758 | Delta Dist 100 = 2.931 | Delta Dist 1000 = 2.931 | Episode Length = 50 | Episode Return = 0.0 | Evaluator Episodes = 31 | Evaluator Steps = 1550 | Final Dist = 7.895 | Final Dist 10 = 8.556 | Final Dist 100 = 8.383 | Final Dist 1000 = 8.383 | Init Dist = 11.314 | Init Dist 10 = 11.314 | Init Dist 100 = 11.314 | Init Dist 1000 = 11.314 | Min Dist = 5.565 | Min Dist 10 = 7.188 | Min Dist 100 = 6.845 | Min Dist 1000 = 6.845 | Steps Per Second = 102.523 | Success = 0.000 | Success 1000 = 0.000
I0528 14:47:21.179479 22918291473984 lp_utils.py:96] StepsLimiter: Reached 6150 recorded steps
I0528 14:47:21.761436 22895222769216 terminal.py:91] [Evaluator] Actor Episodes = 135 | Actor Steps = 6750 | Delta Dist = 2.307 | Delta Dist 10 = 3.427 | Delta Dist 100 = 3.035 | Delta Dist 1000 = 3.035 | Episode Length = 50 | Episode Return = 0.0 | Evaluator Episodes = 34 | Evaluator Steps = 1700 | Final Dist = 9.007 | Final Dist 10 = 7.886 | Final Dist 100 = 8.279 | Final Dist 1000 = 8.279 | Init Dist = 11.314 | Init Dist 10 = 11.314 | Init Dist 100 = 11.314 | Init Dist 1000 = 11.314 | Min Dist = 7.688 | Min Dist 10 = 6.469 | Min Dist 100 = 6.795 | Min Dist 1000 = 6.795 | Steps Per Second = 100.569 | Success = 0.000 | Success 1000 = 0.000
I0528 14:47:22.766258 22895222769216 terminal.py:91] [Evaluator] Actor Episodes = 137 | Actor Steps = 6850 | Delta Dist = 1.448 | Delta Dist 10 = 3.452 | Delta Dist 100 = 3.107 | Delta Dist 1000 = 3.107 | Episode Length = 50 | Episode Return = 0.0 | Evaluator Episodes = 36 | Evaluator Steps = 1800 | Final Dist = 9.866 | Final Dist 10 = 7.862 | Final Dist 100 = 8.206 | Final Dist 1000 = 8.206 | Init Dist = 11.314 | Init Dist 10 = 11.314 | Init Dist 100 = 11.314 | Init Dist 1000 = 11.314 | Min Dist = 9.679 | Min Dist 10 = 6.675 | Min Dist 100 = 6.769 | Min Dist 1000 = 6.769 | Steps Per Second = 101.491 | Success = 0.000 | Success 1000 = 0.000
I0528 14:47:24.205036 22895222769216 terminal.py:91] [Evaluator] Actor Episodes = 147 | Actor Steps = 7350 | Delta Dist = 0.284 | Delta Dist 10 = 2.966 | Delta Dist 100 = 2.927 | Delta Dist 1000 = 2.927 | Episode Length = 50 | Episode Return = 0.0 | Evaluator Episodes = 39 | Evaluator Steps = 1950 | Final Dist = 11.030 | Final Dist 10 = 8.348 | Final Dist 100 = 8.387 | Final Dist 1000 = 8.387 | Init Dist = 11.314 | Init Dist 10 = 11.314 | Init Dist 100 = 11.314 | Init Dist 1000 = 11.314 | Min Dist = 7.918 | Min Dist 10 = 7.219 | Min Dist 100 = 6.913 | Min Dist 1000 = 6.913 | Steps Per Second = 106.195 | Success = 0.000 | Success 1000 = 0.000
I0528 14:47:25.592078 22895222769216 terminal.py:91] [Evaluator] Actor Episodes = 159 | Actor Steps = 7950 | Delta Dist = -0.658 | Delta Dist 10 = 2.601 | Delta Dist 100 = 2.862 | Delta Dist 1000 = 2.862 | Episode Length = 50 | Episode Return = 0.0 | Evaluator Episodes = 42 | Evaluator Steps = 2100 | Final Dist = 11.971 | Final Dist 10 = 8.713 | Final Dist 100 = 8.451 | Final Dist 1000 = 8.451 | Init Dist = 11.314 | Init Dist 10 = 11.314 | Init Dist 100 = 11.314 | Init Dist 1000 = 11.314 | Min Dist = 10.036 | Min Dist 10 = 7.332 | Min Dist 100 = 6.932 | Min Dist 1000 = 6.932 | Steps Per Second = 110.315 | Success = 0.000 | Success 1000 = 0.000
I0528 14:47:26.210952 22892410500672 terminal.py:91] [Actor] Actor Episodes = 163 | Actor Steps = 8150 | Delta Dist = 3.082 | Delta Dist 10 = 4.205 | Delta Dist 100 = 2.432 | Delta Dist 1000 = 2.236 | Episode Length = 50 | Episode Return = 0.0 | Evaluator Episodes = 42 | Evaluator Steps = 2100 | Final Dist = 8.231 | Final Dist 10 = 7.109 | Final Dist 100 = 8.882 | Final Dist 1000 = 9.077 | Init Dist = 11.314 | Init Dist 10 = 11.314 | Init Dist 100 = 11.314 | Init Dist 1000 = 11.314 | Min Dist = 6.172 | Min Dist 10 = 5.459 | Min Dist 100 = 6.815 | Min Dist 1000 = 6.903 | Steps Per Second = 100.383 | Success = 0.000 | Success 1000 = 0.000
I0528 14:47:26.229712 22892391589440 terminal.py:91] [Actor] Actor Episodes = 171 | Actor Steps = 8550 | Delta Dist = 0.514 | Delta Dist 10 = 4.086 | Delta Dist 100 = 2.461 | Delta Dist 1000 = 2.241 | Episode Length = 50 | Episode Return = 0.0 | Evaluator Episodes = 42 | Evaluator Steps = 2100 | Final Dist = 10.800 | Final Dist 10 = 7.228 | Final Dist 100 = 8.853 | Final Dist 1000 = 9.073 | Init Dist = 11.314 | Init Dist 10 = 11.314 | Init Dist 100 = 11.314 | Init Dist 1000 = 11.314 | Min Dist = 6.335 | Min Dist 10 = 5.696 | Min Dist 100 = 6.795 | Min Dist 1000 = 6.899 | Steps Per Second = 100.687 | Success = 0.000 | Success 1000 = 0.000
I0528 14:47:26.482694 22892418905664 terminal.py:91] [Actor] Actor Episodes = 166 | Actor Steps = 8300 | Delta Dist = -0.392 | Delta Dist 10 = 3.563 | Delta Dist 100 = 2.444 | Delta Dist 1000 = 2.231 | Episode Length = 50 | Episode Return = 0.0 | Evaluator Episodes = 42 | Evaluator Steps = 2100 | Final Dist = 11.705 | Final Dist 10 = 7.751 | Final Dist 100 = 8.870 | Final Dist 1000 = 9.082 | Init Dist = 11.314 | Init Dist 10 = 11.314 | Init Dist 100 = 11.314 | Init Dist 1000 = 11.314 | Min Dist = 7.180 | Min Dist 10 = 5.886 | Min Dist 100 = 6.767 | Min Dist 1000 = 6.896 | Steps Per Second = 102.099 | Success = 0.000 | Success 1000 = 0.000
I0528 14:47:26.483967 22892421006912 terminal.py:91] [Actor] Actor Episodes = 169 | Actor Steps = 8450 | Delta Dist = 2.126 | Delta Dist 10 = 3.563 | Delta Dist 100 = 2.444 | Delta Dist 1000 = 2.231 | Episode Length = 50 | Episode Return = 0.0 | Evaluator Episodes = 42 | Evaluator Steps = 2100 | Final Dist = 9.188 | Final Dist 10 = 7.751 | Final Dist 100 = 8.870 | Final Dist 1000 = 9.082 | Init Dist = 11.314 | Init Dist 10 = 11.314 | Init Dist 100 = 11.314 | Init Dist 1000 = 11.314 | Min Dist = 7.180 | Min Dist 10 = 5.886 | Min Dist 100 = 6.767 | Min Dist 1000 = 6.896 | Steps Per Second = 114.142 | Success = 0.000 | Success 1000 = 0.000
I0528 14:47:27.048901 22895222769216 terminal.py:91] [Evaluator] Actor Episodes = 171 | Actor Steps = 8550 | Delta Dist = 1.595 | Delta Dist 10 = 1.788 | Delta Dist 100 = 2.735 | Delta Dist 1000 = 2.735 | Episode Length = 50 | Episode Return = 0.0 | Evaluator Episodes = 45 | Evaluator Steps = 2250 | Final Dist = 9.719 | Final Dist 10 = 9.526 | Final Dist 100 = 8.579 | Final Dist 1000 = 8.579 | Init Dist = 11.314 | Init Dist 10 = 11.314 | Init Dist 100 = 11.314 | Init Dist 1000 = 11.314 | Min Dist = 8.649 | Min Dist 10 = 7.600 | Min Dist 100 = 6.998 | Min Dist 1000 = 6.998 | Steps Per Second = 108.172 | Success = 0.000 | Success 1000 = 0.000
I0528 14:47:28.433174 22895222769216 terminal.py:91] [Evaluator] Actor Episodes = 183 | Actor Steps = 9150 | Delta Dist = 3.360 | Delta Dist 10 = 2.203 | Delta Dist 100 = 2.820 | Delta Dist 1000 = 2.820 | Episode Length = 50 | Episode Return = 0.0 | Evaluator Episodes = 48 | Evaluator Steps = 2400 | Final Dist = 7.954 | Final Dist 10 = 9.111 | Final Dist 100 = 8.494 | Final Dist 1000 = 8.494 | Init Dist = 11.314 | Init Dist 10 = 11.314 | Init Dist 100 = 11.314 | Init Dist 1000 = 11.314 | Min Dist = 7.109 | Min Dist 10 = 7.206 | Min Dist 100 = 6.984 | Min Dist 1000 = 6.984 | Steps Per Second = 106.707 | Success = 0.000 | Success 1000 = 0.000
W0528 14:47:29.743999 22897759475264 __init__.py:773] The use of `check_types` is deprecated and does not have any effect.
W0528 14:47:29.873051 22897759475264 __init__.py:773] The use of `check_types` is deprecated and does not have any effect.
W0528 14:47:29.878682 22897759475264 __init__.py:773] The use of `check_types` is deprecated and does not have any effect.
W0528 14:47:29.880848 22897759475264 __init__.py:773] The use of `check_types` is deprecated and does not have any effect.
W0528 14:47:29.881281 22897759475264 __init__.py:773] The use of `check_types` is deprecated and does not have any effect.
W0528 14:47:29.882725 22897759475264 __init__.py:773] The use of `check_types` is deprecated and does not have any effect.
W0528 14:47:29.898999 22897759475264 __init__.py:773] The use of `check_types` is deprecated and does not have any effect.
W0528 14:47:29.900418 22897759475264 __init__.py:773] The use of `check_types` is deprecated and does not have any effect.
W0528 14:47:29.900629 22897759475264 __init__.py:773] The use of `check_types` is deprecated and does not have any effect.
W0528 14:47:29.900675 22897759475264 __init__.py:773] The use of `check_types` is deprecated and does not have any effect.
W0528 14:47:29.900954 22897759475264 __init__.py:773] The use of `check_types` is deprecated and does not have any effect.
W0528 14:47:29.901005 22897759475264 __init__.py:773] The use of `check_types` is deprecated and does not have any effect.
W0528 14:47:29.901052 22897759475264 __init__.py:773] The use of `check_types` is deprecated and does not have any effect.
I0528 14:47:30.589180 22895222769216 terminal.py:91] [Evaluator] Actor Episodes = 196 | Actor Steps = 9800 | Delta Dist = 2.879 | Delta Dist 10 = 3.204 | Delta Dist 100 = 2.930 | Delta Dist 1000 = 2.930 | Episode Length = 50 | Episode Return = 0.0 | Evaluator Episodes = 50 | Evaluator Steps = 2500 | Final Dist = 8.435 | Final Dist 10 = 8.110 | Final Dist 100 = 8.384 | Final Dist 1000 = 8.384 | Init Dist = 11.314 | Init Dist 10 = 11.314 | Init Dist 100 = 11.314 | Init Dist 1000 = 11.314 | Min Dist = 7.296 | Min Dist 10 = 6.838 | Min Dist 100 = 6.918 | Min Dist 1000 = 6.918 | Steps Per Second = 30.448 | Success = 0.000 | Success 1000 = 0.000
I0528 14:47:31.204499 22918291473984 lp_utils.py:96] StepsLimiter: Reached 10000 recorded steps
I0528 14:47:31.871615 22895222769216 terminal.py:91] [Evaluator] Actor Episodes = 202 | Actor Steps = 10100 | Delta Dist = 1.824 | Delta Dist 10 = 2.926 | Delta Dist 100 = 2.875 | Delta Dist 1000 = 2.875 | Episode Length = 50 | Episode Return = 0.0 | Evaluator Episodes = 52 | Evaluator Steps = 2600 | Final Dist = 9.490 | Final Dist 10 = 8.387 | Final Dist 100 = 8.439 | Final Dist 1000 = 8.439 | Init Dist = 11.314 | Init Dist 10 = 11.314 | Init Dist 100 = 11.314 | Init Dist 1000 = 11.314 | Min Dist = 7.736 | Min Dist 10 = 7.050 | Min Dist 100 = 6.955 | Min Dist 1000 = 6.955 | Steps Per Second = 73.793 | Success = 0.000 | Success 1000 = 0.000
I0528 14:47:32.724582 22897759475264 savers.py:156] Saving checkpoint: /home/gliu2/rebuttal/checkpoints/contrastive_cpc_point_FourRooms_0/checkpoints/learner
I0528 14:47:32.730470 22863692109376 terminal.py:91] [Learner] Actor Episodes = 208 | Actor Loss = 0.7743688821792603 | Actor Steps = 10400 | Binary Accuracy = 0.826134204864502 | Categorical Accuracy = 0.014892578125 | Critic Loss = 5.396097660064697 | Entropy Mean = -5.906598091125488 | Evaluator Episodes = 52 | Evaluator Steps = 2600 | Learner Steps = 1 | Learner Walltime = 0 | Logits Neg = -1.3909409046173096 | Logits Pos = -0.42213818430900574 | Logsumexp = 23.174589157104492 | Steps Per Second = 0.000
W0528 14:47:32.920890 22892391589440 __init__.py:773] The use of `check_types` is deprecated and does not have any effect.
W0528 14:47:33.324718 22892391589440 __init__.py:773] The use of `check_types` is deprecated and does not have any effect.
W0528 14:47:33.329363 22892391589440 __init__.py:773] The use of `check_types` is deprecated and does not have any effect.
W0528 14:47:33.330122 22892391589440 __init__.py:773] The use of `check_types` is deprecated and does not have any effect.
W0528 14:47:33.330192 22892391589440 __init__.py:773] The use of `check_types` is deprecated and does not have any effect.
W0528 14:47:33.330240 22892391589440 __init__.py:773] The use of `check_types` is deprecated and does not have any effect.
W0528 14:47:33.416056 22892410500672 __init__.py:773] The use of `check_types` is deprecated and does not have any effect.
W0528 14:47:33.452370 22892410500672 __init__.py:773] The use of `check_types` is deprecated and does not have any effect.
W0528 14:47:33.454907 22892410500672 __init__.py:773] The use of `check_types` is deprecated and does not have any effect.
W0528 14:47:33.455832 22892410500672 __init__.py:773] The use of `check_types` is deprecated and does not have any effect.
W0528 14:47:33.456687 22892410500672 __init__.py:773] The use of `check_types` is deprecated and does not have any effect.
W0528 14:47:33.456737 22892410500672 __init__.py:773] The use of `check_types` is deprecated and does not have any effect.
W0528 14:47:33.599298 22892418905664 __init__.py:773] The use of `check_types` is deprecated and does not have any effect.
W0528 14:47:33.635678 22892418905664 __init__.py:773] The use of `check_types` is deprecated and does not have any effect.
W0528 14:47:33.663713 22892418905664 __init__.py:773] The use of `check_types` is deprecated and does not have any effect.
W0528 14:47:33.666300 22892418905664 __init__.py:773] The use of `check_types` is deprecated and does not have any effect.
W0528 14:47:33.671529 22892418905664 __init__.py:773] The use of `check_types` is deprecated and does not have any effect.
W0528 14:47:33.677206 22892418905664 __init__.py:773] The use of `check_types` is deprecated and does not have any effect.
W0528 14:47:33.823529 22895222769216 __init__.py:773] The use of `check_types` is deprecated and does not have any effect.
W0528 14:47:34.010900 22892421006912 __init__.py:773] The use of `check_types` is deprecated and does not have any effect.
W0528 14:47:34.050922 22892421006912 __init__.py:773] The use of `check_types` is deprecated and does not have any effect.
W0528 14:47:34.052882 22892421006912 __init__.py:773] The use of `check_types` is deprecated and does not have any effect.
W0528 14:47:34.052955 22892421006912 __init__.py:773] The use of `check_types` is deprecated and does not have any effect.
W0528 14:47:34.053003 22892421006912 __init__.py:773] The use of `check_types` is deprecated and does not have any effect.
W0528 14:47:34.053044 22892421006912 __init__.py:773] The use of `check_types` is deprecated and does not have any effect.
I0528 14:47:34.347533 22895222769216 terminal.py:91] [Evaluator] Actor Episodes = 209 | Actor Steps = 10450 | Delta Dist = 6.299 | Delta Dist 10 = 3.357 | Delta Dist 100 = 2.888 | Delta Dist 1000 = 2.888 | Episode Length = 50 | Episode Return = 0.0 | Evaluator Episodes = 54 | Evaluator Steps = 2700 | Final Dist = 5.015 | Final Dist 10 = 7.957 | Final Dist 100 = 8.425 | Final Dist 1000 = 8.425 | Init Dist = 11.314 | Init Dist 10 = 11.314 | Init Dist 100 = 11.314 | Init Dist 1000 = 11.314 | Learner Steps = 1 | Learner Walltime = 0 | Min Dist = 5.015 | Min Dist 10 = 6.811 | Min Dist 100 = 6.944 | Min Dist 1000 = 6.944 | Steps Per Second = 27.837 | Success = 0.000 | Success 1000 = 0.000
I0528 14:47:35.701636 22895222769216 terminal.py:91] [Evaluator] Actor Episodes = 219 | Actor Steps = 10950 | Delta Dist = 6.301 | Delta Dist 10 = 4.344 | Delta Dist 100 = 3.071 | Delta Dist 1000 = 3.071 | Episode Length = 50 | Episode Return = 0.0 | Evaluator Episodes = 57 | Evaluator Steps = 2850 | Final Dist = 5.013 | Final Dist 10 = 6.970 | Final Dist 100 = 8.243 | Final Dist 1000 = 8.243 | Init Dist = 11.314 | Init Dist 10 = 11.314 | Init Dist 100 = 11.314 | Init Dist 1000 = 11.314 | Learner Steps = 1 | Learner Walltime = 0 | Min Dist = 5.013 | Min Dist 10 = 6.215 | Min Dist 100 = 6.841 | Min Dist 1000 = 6.841 | Steps Per Second = 118.086 | Success = 0.000 | Success 1000 = 0.000
I0528 14:47:36.333273 22892410500672 terminal.py:91] [Actor] Actor Episodes = 226 | Actor Steps = 11300 | Delta Dist = 6.332 | Delta Dist 10 = 5.038 | Delta Dist 100 = 2.905 | Delta Dist 1000 = 2.448 | Episode Length = 50 | Episode Return = 0.0 | Evaluator Episodes = 57 | Evaluator Steps = 2850 | Final Dist = 4.982 | Final Dist 10 = 6.276 | Final Dist 100 = 8.408 | Final Dist 1000 = 8.865 | Init Dist = 11.314 | Init Dist 10 = 11.314 | Init Dist 100 = 11.314 | Init Dist 1000 = 11.314 | Learner Steps = 1 | Learner Walltime = 0 | Min Dist = 4.975 | Min Dist 10 = 4.996 | Min Dist 100 = 6.482 | Min Dist 1000 = 6.729 | Steps Per Second = 122.377 | Success = 0.000 | Success 1000 = 0.000
I0528 14:47:36.401601 22892391589440 terminal.py:91] [Actor] Actor Episodes = 228 | Actor Steps = 11400 | Delta Dist = 5.107 | Delta Dist 10 = 4.607 | Delta Dist 100 = 2.925 | Delta Dist 1000 = 2.447 | Episode Length = 50 | Episode Return = 0.0 | Evaluator Episodes = 57 | Evaluator Steps = 2850 | Final Dist = 6.206 | Final Dist 10 = 6.707 | Final Dist 100 = 8.388 | Final Dist 1000 = 8.867 | Init Dist = 11.314 | Init Dist 10 = 11.314 | Init Dist 100 = 11.314 | Init Dist 1000 = 11.314 | Learner Steps = 2 | Learner Walltime = 3.520 | Min Dist = 4.975 | Min Dist 10 = 4.996 | Min Dist 100 = 6.419 | Min Dist 1000 = 6.722 | Steps Per Second = 119.386 | Success = 0.000 | Success 1000 = 0.000
I0528 14:47:36.724674 22892418905664 terminal.py:91] [Actor] Actor Episodes = 231 | Actor Steps = 11550 | Delta Dist = 6.283 | Delta Dist 10 = 4.611 | Delta Dist 100 = 2.977 | Delta Dist 1000 = 2.463 | Episode Length = 50 | Episode Return = 0.0 | Evaluator Episodes = 57 | Evaluator Steps = 2850 | Final Dist = 5.031 | Final Dist 10 = 6.703 | Final Dist 100 = 8.337 | Final Dist 1000 = 8.851 | Init Dist = 11.314 | Init Dist 10 = 11.314 | Init Dist 100 = 11.314 | Init Dist 1000 = 11.314 | Learner Steps = 2 | Learner Walltime = 3.520 | Min Dist = 4.960 | Min Dist 10 = 4.993 | Min Dist 100 = 6.396 | Min Dist 1000 = 6.714 | Steps Per Second = 99.815 | Success = 0.000 | Success 1000 = 0.000
I0528 14:47:36.862334 22892421006912 terminal.py:91] [Actor] Actor Episodes = 233 | Actor Steps = 11650 | Delta Dist = 6.354 | Delta Dist 10 = 4.611 | Delta Dist 100 = 3.028 | Delta Dist 1000 = 2.479 | Episode Length = 50 | Episode Return = 0.0 | Evaluator Episodes = 57 | Evaluator Steps = 2850 | Final Dist = 4.960 | Final Dist 10 = 6.703 | Final Dist 100 = 8.286 | Final Dist 1000 = 8.834 | Init Dist = 11.314 | Init Dist 10 = 11.314 | Init Dist 100 = 11.314 | Init Dist 1000 = 11.314 | Learner Steps = 2 | Learner Walltime = 3.520 | Min Dist = 4.960 | Min Dist 10 = 4.987 | Min Dist 100 = 6.366 | Min Dist 1000 = 6.707 | Steps Per Second = 80.043 | Success = 0.000 | Success 1000 = 0.000
I0528 14:47:37.206447 22895222769216 terminal.py:91] [Evaluator] Actor Episodes = 235 | Actor Steps = 11750 | Delta Dist = 6.309 | Delta Dist 10 = 4.737 | Delta Dist 100 = 3.236 | Delta Dist 1000 = 3.236 | Episode Length = 50 | Episode Return = 0.0 | Evaluator Episodes = 60 | Evaluator Steps = 3000 | Final Dist = 5.005 | Final Dist 10 = 6.576 | Final Dist 100 = 8.078 | Final Dist 1000 = 8.078 | Init Dist = 11.314 | Init Dist 10 = 11.314 | Init Dist 100 = 11.314 | Init Dist 1000 = 11.314 | Learner Steps = 2 | Learner Walltime = 3.520 | Min Dist = 5.005 | Min Dist 10 = 5.906 | Min Dist 100 = 6.747 | Min Dist 1000 = 6.747 | Steps Per Second = 73.543 | Success = 0.000 | Success 1000 = 0.000
I0528 14:47:38.528448 22895222769216 terminal.py:91] [Evaluator] Actor Episodes = 243 | Actor Steps = 12150 | Delta Dist = 8.852 | Delta Dist 10 = 5.993 | Delta Dist 100 = 3.361 | Delta Dist 1000 = 3.361 | Episode Length = 50 | Episode Return = 0.0 | Evaluator Episodes = 63 | Evaluator Steps = 3150 | Final Dist = 2.462 | Final Dist 10 = 5.320 | Final Dist 100 = 7.953 | Final Dist 1000 = 7.953 | Init Dist = 11.314 | Init Dist 10 = 11.314 | Init Dist 100 = 11.314 | Init Dist 1000 = 11.314 | Learner Steps = 24 | Learner Walltime = 4.546 | Min Dist = 1.417 | Min Dist 10 = 5.123 | Min Dist 100 = 6.672 | Min Dist 1000 = 6.672 | Steps Per Second = 118.004 | Success = 0.000 | Success 1000 = 0.000
I0528 14:47:39.890938 22895222769216 terminal.py:91] [Evaluator] Actor Episodes = 255 | Actor Steps = 12750 | Delta Dist = 9.938 | Delta Dist 10 = 5.112 | Delta Dist 100 = 3.335 | Delta Dist 1000 = 3.335 | Episode Length = 50 | Episode Return = 0.0 | Evaluator Episodes = 66 | Evaluator Steps = 3300 | Final Dist = 1.376 | Final Dist 10 = 6.202 | Final Dist 100 = 7.979 | Final Dist 1000 = 7.979 | Init Dist = 11.314 | Init Dist 10 = 11.314 | Init Dist 100 = 11.314 | Init Dist 1000 = 11.314 | Learner Steps = 46 | Learner Walltime = 6.867 | Min Dist = 1.374 | Min Dist 10 = 5.965 | Min Dist 100 = 6.734 | Min Dist 1000 = 6.734 | Steps Per Second = 97.806 | Success = 0.000 | Success 1000 = 0.000
I0528 14:47:41.222410 22895222769216 terminal.py:91] [Evaluator] Actor Episodes = 267 | Actor Steps = 13350 | Delta Dist = 0.071 | Delta Dist 10 = 5.915 | Delta Dist 100 = 3.585 | Delta Dist 1000 = 3.585 | Episode Length = 50 | Episode Return = 0.0 | Evaluator Episodes = 69 | Evaluator Steps = 3450 | Final Dist = 11.242 | Final Dist 10 = 5.399 | Final Dist 100 = 7.729 | Final Dist 1000 = 7.729 | Init Dist = 11.314 | Init Dist 10 = 11.314 | Init Dist 100 = 11.314 | Init Dist 1000 = 11.314 | Learner Steps = 53 | Learner Walltime = 7.906 | Min Dist = 11.214 | Min Dist 10 = 5.013 | Min Dist 100 = 6.518 | Min Dist 1000 = 6.518 | Steps Per Second = 115.423 | Success = 0.000 | Success 1000 = 0.000
I0528 14:47:41.329867 22918291473984 lp_utils.py:96] StepsLimiter: Reached 13350 recorded steps
I0528 14:47:42.533109 22895222769216 terminal.py:91] [Evaluator] Actor Episodes = 279 | Actor Steps = 13950 | Delta Dist = 10.065 | Delta Dist 10 = 5.350 | Delta Dist 100 = 3.562 | Delta Dist 1000 = 3.562 | Episode Length = 50 | Episode Return = 0.0 | Evaluator Episodes = 72 | Evaluator Steps = 3600 | Final Dist = 1.249 | Final Dist 10 = 5.963 | Final Dist 100 = 7.752 | Final Dist 1000 = 7.752 | Init Dist = 11.314 | Init Dist 10 = 11.314 | Init Dist 100 = 11.314 | Init Dist 1000 = 11.314 | Learner Steps = 61 | Learner Walltime = 8.996 | Min Dist = 1.249 | Min Dist 10 = 5.478 | Min Dist 100 = 6.578 | Min Dist 1000 = 6.578 | Steps Per Second = 94.493 | Success = 0.000 | Success 1000 = 0.000
I0528 14:47:42.810480 22863692109376 terminal.py:91] [Learner] Actor Episodes = 279 | Actor Loss = 4.939815521240234 | Actor Steps = 13950 | Binary Accuracy = 0.9960000514984131 | Categorical Accuracy = 0.0465087890625 | Critic Loss = 4.498406887054443 | Entropy Mean = -0.3192519545555115 | Evaluator Episodes = 72 | Evaluator Steps = 3600 | Learner Steps = 69 | Learner Walltime = 10.082 | Logits Neg = -8.188405990600586 | Logits Pos = -4.514348983764648 | Logsumexp = 0.3474171757698059 | Steps Per Second = 599.970
I0528 14:47:43.757026 22895222769216 terminal.py:91] [Evaluator] Actor Episodes = 291 | Actor Steps = 14550 | Delta Dist = 2.102 | Delta Dist 10 = 6.347 | Delta Dist 100 = 3.787 | Delta Dist 1000 = 3.787 | Episode Length = 50 | Episode Return = 0.0 | Evaluator Episodes = 75 | Evaluator Steps = 3750 | Final Dist = 9.212 | Final Dist 10 = 4.966 | Final Dist 100 = 7.526 | Final Dist 1000 = 7.526 | Init Dist = 11.314 | Init Dist 10 = 11.314 | Init Dist 100 = 11.314 | Init Dist 1000 = 11.314 | Learner Steps = 69 | Learner Walltime = 10.082 | Min Dist = 9.182 | Min Dist 10 = 4.551 | Min Dist 100 = 6.377 | Min Dist 1000 = 6.377 | Steps Per Second = 139.917 | Success = 0.000 | Success 1000 = 0.000
I0528 14:47:44.838228 22895222769216 terminal.py:91] [Evaluator] Actor Episodes = 303 | Actor Steps = 15150 | Delta Dist = 9.003 | Delta Dist 10 = 6.511 | Delta Dist 100 = 3.840 | Delta Dist 1000 = 3.840 | Episode Length = 50 | Episode Return = 0.0 | Evaluator Episodes = 77 | Evaluator Steps = 3850 | Final Dist = 2.311 | Final Dist 10 = 4.803 | Final Dist 100 = 7.474 | Final Dist 1000 = 7.474 | Init Dist = 11.314 | Init Dist 10 = 11.314 | Init Dist 100 = 11.314 | Init Dist 1000 = 11.314 | Learner Steps = 77 | Learner Walltime = 11.231 | Min Dist = 1.482 | Min Dist 10 = 4.311 | Min Dist 100 = 6.345 | Min Dist 1000 = 6.345 | Steps Per Second = 90.004 | Success = 0.000 | Success 1000 = 0.000
I0528 14:47:46.222774 22895222769216 terminal.py:91] [Evaluator] Actor Episodes = 314 | Actor Steps = 15700 | Delta Dist = 9.233 | Delta Dist 10 = 7.409 | Delta Dist 100 = 4.024 | Delta Dist 1000 = 4.024 | Episode Length = 50 | Episode Return = 0.0 | Evaluator Episodes = 80 | Evaluator Steps = 4000 | Final Dist = 2.080 | Final Dist 10 = 3.905 | Final Dist 100 = 7.290 | Final Dist 1000 = 7.290 | Init Dist = 11.314 | Init Dist 10 = 11.314 | Init Dist 100 = 11.314 | Init Dist 1000 = 11.314 | Learner Steps = 85 | Learner Walltime = 12.373 | Min Dist = 1.346 | Min Dist 10 = 3.328 | Min Dist 100 = 6.173 | Min Dist 1000 = 6.173 | Steps Per Second = 106.863 | Success = 0.000 | Success 1000 = 0.000
I0528 14:47:46.570325 22892410500672 terminal.py:91] [Actor] Actor Episodes = 315 | Actor Steps = 15750 | Delta Dist = 9.161 | Delta Dist 10 = 7.702 | Delta Dist 100 = 5.270 | Delta Dist 1000 = 3.240 | Episode Length = 50 | Episode Return = 0.0 | Evaluator Episodes = 77 | Evaluator Steps = 3850 | Final Dist = 2.152 | Final Dist 10 = 3.612 | Final Dist 100 = 6.043 | Final Dist 1000 = 8.074 | Init Dist = 11.314 | Init Dist 10 = 11.314 | Init Dist 100 = 11.314 | Init Dist 1000 = 11.314 | Learner Steps = 85 | Learner Walltime = 12.373 | Min Dist = 1.161 | Min Dist 10 = 1.334 | Min Dist 100 = 4.107 | Min Dist 1000 = 5.977 | Steps Per Second = 107.629 | Success = 0.000 | Success 1000 = 0.000
I0528 14:47:46.642193 22892391589440 terminal.py:91] [Actor] Actor Episodes = 310 | Actor Steps = 15500 | Delta Dist = 10.174 | Delta Dist 10 = 8.145 | Delta Dist 100 = 5.299 | Delta Dist 1000 = 3.258 | Episode Length = 50 | Episode Return = 0.0 | Evaluator Episodes = 77 | Evaluator Steps = 3850 | Final Dist = 1.140 | Final Dist 10 = 3.169 | Final Dist 100 = 6.015 | Final Dist 1000 = 8.055 | Init Dist = 11.314 | Init Dist 10 = 11.314 | Init Dist 100 = 11.314 | Init Dist 1000 = 11.314 | Learner Steps = 85 | Learner Walltime = 12.373 | Min Dist = 1.140 | Min Dist 10 = 1.301 | Min Dist 100 = 4.068 | Min Dist 1000 = 5.962 | Steps Per Second = 100.725 | Success = 0.000 | Success 1000 = 0.000
I0528 14:47:46.795730 22892418905664 terminal.py:91] [Actor] Actor Episodes = 317 | Actor Steps = 15850 | Delta Dist = 9.016 | Delta Dist 10 = 7.733 | Delta Dist 100 = 5.301 | Delta Dist 1000 = 3.261 | Episode Length = 50 | Episode Return = 0.0 | Evaluator Episodes = 80 | Evaluator Steps = 4000 | Final Dist = 2.298 | Final Dist 10 = 3.580 | Final Dist 100 = 6.013 | Final Dist 1000 = 8.053 | Init Dist = 11.314 | Init Dist 10 = 11.314 | Init Dist 100 = 11.314 | Init Dist 1000 = 11.314 | Learner Steps = 93 | Learner Walltime = 13.643 | Min Dist = 1.498 | Min Dist 10 = 1.292 | Min Dist 100 = 3.994 | Min Dist 1000 = 5.933 | Steps Per Second = 117.384 | Success = 0.000 | Success 1000 = 0.000
I0528 14:47:47.235738 22892421006912 terminal.py:91] [Actor] Actor Episodes = 323 | Actor Steps = 16150 | Delta Dist = 8.852 | Delta Dist 10 = 6.112 | Delta Dist 100 = 5.205 | Delta Dist 1000 = 3.269 | Episode Length = 50 | Episode Return = 0.0 | Evaluator Episodes = 80 | Evaluator Steps = 4000 | Final Dist = 2.462 | Final Dist 10 = 5.202 | Final Dist 100 = 6.109 | Final Dist 1000 = 8.045 | Init Dist = 11.314 | Init Dist 10 = 11.314 | Init Dist 100 = 11.314 | Init Dist 1000 = 11.314 | Learner Steps = 93 | Learner Walltime = 13.643 | Min Dist = 1.730 | Min Dist 10 = 1.311 | Min Dist 100 = 3.848 | Min Dist 1000 = 5.877 | Steps Per Second = 100.707 | Success = 0.000 | Success 1000 = 0.000
I0528 14:47:47.488730 22895222769216 terminal.py:91] [Evaluator] Actor Episodes = 326 | Actor Steps = 16300 | Delta Dist = 9.016 | Delta Dist 10 = 7.732 | Delta Dist 100 = 4.150 | Delta Dist 1000 = 4.150 | Episode Length = 50 | Episode Return = 0.0 | Evaluator Episodes = 83 | Evaluator Steps = 4150 | Final Dist = 2.298 | Final Dist 10 = 3.581 | Final Dist 100 = 7.164 | Final Dist 1000 = 7.164 | Init Dist = 11.314 | Init Dist 10 = 11.314 | Init Dist 100 = 11.314 | Init Dist 1000 = 11.314 | Learner Steps = 100 | Learner Walltime = 14.659 | Min Dist = 1.403 | Min Dist 10 = 3.000 | Min Dist 100 = 6.076 | Min Dist 1000 = 6.076 | Steps Per Second = 108.189 | Success = 0.000 | Success 1000 = 0.000
I0528 14:47:48.854936 22895222769216 terminal.py:91] [Evaluator] Actor Episodes = 337 | Actor Steps = 16850 | Delta Dist = 10.153 | Delta Dist 10 = 7.715 | Delta Dist 100 = 4.230 | Delta Dist 1000 = 4.230 | Episode Length = 50 | Episode Return = 0.0 | Evaluator Episodes = 86 | Evaluator Steps = 4300 | Final Dist = 1.161 | Final Dist 10 = 3.598 | Final Dist 100 = 7.084 | Final Dist 1000 = 7.084 | Init Dist = 11.314 | Init Dist 10 = 11.314 | Init Dist 100 = 11.314 | Init Dist 1000 = 11.314 | Learner Steps = 108 | Learner Walltime = 15.742 | Min Dist = 1.161 | Min Dist 10 = 3.046 | Min Dist 100 = 6.019 | Min Dist 1000 = 6.019 | Steps Per Second = 98.549 | Success = 0.000 | Success 1000 = 0.000
I0528 14:47:50.109771 22895222769216 terminal.py:91] [Evaluator] Actor Episodes = 349 | Actor Steps = 17450 | Delta Dist = 2.103 | Delta Dist 10 = 6.422 | Delta Dist 100 = 4.249 | Delta Dist 1000 = 4.249 | Episode Length = 50 | Episode Return = 0.0 | Evaluator Episodes = 89 | Evaluator Steps = 4450 | Final Dist = 9.211 | Final Dist 10 = 4.892 | Final Dist 100 = 7.065 | Final Dist 1000 = 7.065 | Init Dist = 11.314 | Init Dist 10 = 11.314 | Init Dist 100 = 11.314 | Init Dist 1000 = 11.314 | Learner Steps = 115 | Learner Walltime = 16.807 | Min Dist = 9.211 | Min Dist 10 = 4.613 | Min Dist 100 = 6.036 | Min Dist 1000 = 6.036 | Steps Per Second = 122.517 | Success = 0.000 | Success 1000 = 0.000
I0528 14:47:51.346493 22918291473984 lp_utils.py:96] StepsLimiter: Reached 18050 recorded steps
I0528 14:47:51.460386 22895222769216 terminal.py:91] [Evaluator] Actor Episodes = 361 | Actor Steps = 18050 | Delta Dist = 9.855 | Delta Dist 10 = 5.852 | Delta Dist 100 = 4.329 | Delta Dist 1000 = 4.329 | Episode Length = 50 | Episode Return = 0.0 | Evaluator Episodes = 92 | Evaluator Steps = 4600 | Final Dist = 1.459 | Final Dist 10 = 5.462 | Final Dist 100 = 6.984 | Final Dist 1000 = 6.984 | Init Dist = 11.314 | Init Dist 10 = 11.314 | Init Dist 100 = 11.314 | Init Dist 1000 = 11.314 | Learner Steps = 123 | Learner Walltime = 17.846 | Min Dist = 1.361 | Min Dist 10 = 5.156 | Min Dist 100 = 5.970 | Min Dist 1000 = 5.970 | Steps Per Second = 108.395 | Success = 0.000 | Success 1000 = 0.000
I0528 14:47:52.771869 22895222769216 terminal.py:91] [Evaluator] Actor Episodes = 373 | Actor Steps = 18650 | Delta Dist = 9.079 | Delta Dist 10 = 6.488 | Delta Dist 100 = 4.492 | Delta Dist 1000 = 4.492 | Episode Length = 50 | Episode Return = 0.0 | Evaluator Episodes = 95 | Evaluator Steps = 4750 | Final Dist = 2.234 | Final Dist 10 = 4.826 | Final Dist 100 = 6.821 | Final Dist 1000 = 6.821 | Init Dist = 11.314 | Init Dist 10 = 11.314 | Init Dist 100 = 11.314 | Init Dist 1000 = 11.314 | Learner Steps = 138 | Learner Walltime = 19.985 | Min Dist = 1.435 | Min Dist 10 = 4.517 | Min Dist 100 = 5.825 | Min Dist 1000 = 5.825 | Steps Per Second = 120.961 | Success = 0.000 | Success 1000 = 0.000
I0528 14:47:53.053347 22863692109376 terminal.py:91] [Learner] Actor Episodes = 373 | Actor Loss = 6.311244010925293 | Actor Steps = 18650 | Binary Accuracy = 0.9960858821868896 | Categorical Accuracy = 0.05914306640625 | Critic Loss = 4.224128723144531 | Entropy Mean = -1.1376527547836304 | Evaluator Episodes = 92 | Evaluator Steps = 4600 | Learner Steps = 140 | Learner Walltime = 20.314 | Logits Neg = -12.498106956481934 | Logits Pos = -4.2129316329956055 | Logsumexp = 0.30608201026916504 | Steps Per Second = 256.871
I0528 14:47:54.175571 22895222769216 terminal.py:91] [Evaluator] Actor Episodes = 385 | Actor Steps = 19250 | Delta Dist = 9.595 | Delta Dist 10 = 7.822 | Delta Dist 100 = 4.639 | Delta Dist 1000 = 4.639 | Episode Length = 50 | Episode Return = 0.0 | Evaluator Episodes = 98 | Evaluator Steps = 4900 | Final Dist = 1.719 | Final Dist 10 = 3.492 | Final Dist 100 = 6.674 | Final Dist 1000 = 6.674 | Init Dist = 11.314 | Init Dist 10 = 11.314 | Init Dist 100 = 11.314 | Init Dist 1000 = 11.314 | Learner Steps = 146 | Learner Walltime = 21.174 | Min Dist = 1.561 | Min Dist 10 = 3.005 | Min Dist 100 = 5.690 | Min Dist 1000 = 5.690 | Steps Per Second = 107.248 | Success = 0.000 | Success 1000 = 0.000
I0528 14:47:55.498789 22895222769216 terminal.py:91] [Evaluator] Actor Episodes = 397 | Actor Steps = 19850 | Delta Dist = 8.546 | Delta Dist 10 = 9.292 | Delta Dist 100 = 4.781 | Delta Dist 1000 = 4.781 | Episode Length = 50 | Episode Return = 0.0 | Evaluator Episodes = 101 | Evaluator Steps = 5050 | Final Dist = 2.768 | Final Dist 10 = 2.022 | Final Dist 100 = 6.533 | Final Dist 1000 = 6.533 | Init Dist = 11.314 | Init Dist 10 = 11.314 | Init Dist 100 = 11.314 | Init Dist 1000 = 11.314 | Learner Steps = 155 | Learner Walltime = 22.227 | Min Dist = 2.768 | Min Dist 10 = 1.456 | Min Dist 100 = 5.564 | Min Dist 1000 = 5.564 | Steps Per Second = 112.189 | Success = 0.000 | Success 1000 = 0.000
I0528 14:47:56.650477 22892391589440 terminal.py:91] [Actor] Actor Episodes = 407 | Actor Steps = 20350 | Delta Dist = 8.817 | Delta Dist 10 = 3.312 | Delta Dist 100 = 5.287 | Delta Dist 1000 = 3.656 | Episode Length = 50 | Episode Return = 0.0 | Evaluator Episodes = 101 | Evaluator Steps = 5050 | Final Dist = 2.496 | Final Dist 10 = 8.002 | Final Dist 100 = 6.027 | Final Dist 1000 = 7.658 | Init Dist = 11.314 | Init Dist 10 = 11.314 | Init Dist 100 = 11.314 | Init Dist 1000 = 11.314 | Learner Steps = 163 | Learner Walltime = 23.402 | Min Dist = 2.019 | Min Dist 10 = 2.414 | Min Dist 100 = 2.656 | Min Dist 1000 = 5.244 | Steps Per Second = 105.236 | Success = 0.000 | Success 1000 = 0.000
I0528 14:47:56.811432 22895222769216 terminal.py:91] [Evaluator] Actor Episodes = 409 | Actor Steps = 20450 | Delta Dist = 8.592 | Delta Dist 10 = 8.546 | Delta Dist 100 = 4.861 | Delta Dist 1000 = 4.836 | Episode Length = 50 | Episode Return = 0.0 | Evaluator Episodes = 104 | Evaluator Steps = 5200 | Final Dist = 2.722 | Final Dist 10 = 2.768 | Final Dist 100 = 6.452 | Final Dist 1000 = 6.478 | Init Dist = 11.314 | Init Dist 10 = 11.314 | Init Dist 100 = 11.314 | Init Dist 1000 = 11.314 | Learner Steps = 163 | Learner Walltime = 23.402 | Min Dist = 2.643 | Min Dist 10 = 2.367 | Min Dist 100 = 5.533 | Min Dist 1000 = 5.532 | Steps Per Second = 112.005 | Success = 0.000 | Success 1000 = 0.000
I0528 14:47:56.918879 22892418905664 terminal.py:91] [Actor] Actor Episodes = 405 | Actor Steps = 20250 | Delta Dist = 8.778 | Delta Dist 10 = 3.692 | Delta Dist 100 = 5.250 | Delta Dist 1000 = 3.659 | Episode Length = 50 | Episode Return = 0.0 | Evaluator Episodes = 101 | Evaluator Steps = 5050 | Final Dist = 2.535 | Final Dist 10 = 7.622 | Final Dist 100 = 6.064 | Final Dist 1000 = 7.654 | Init Dist = 11.314 | Init Dist 10 = 11.314 | Init Dist 100 = 11.314 | Init Dist 1000 = 11.314 | Learner Steps = 155 | Learner Walltime = 22.227 | Min Dist = 1.447 | Min Dist 10 = 2.370 | Min Dist 100 = 2.663 | Min Dist 1000 = 5.236 | Steps Per Second = 120.648 | Success = 0.000 | Success 1000 = 0.000
I0528 14:47:56.924442 22892410500672 terminal.py:91] [Actor] Actor Episodes = 410 | Actor Steps = 20500 | Delta Dist = 8.776 | Delta Dist 10 = 4.359 | Delta Dist 100 = 5.300 | Delta Dist 1000 = 3.672 | Episode Length = 50 | Episode Return = 0.0 | Evaluator Episodes = 101 | Evaluator Steps = 5050 | Final Dist = 2.537 | Final Dist 10 = 6.955 | Final Dist 100 = 6.014 | Final Dist 1000 = 7.642 | Init Dist = 11.314 | Init Dist 10 = 11.314 | Init Dist 100 = 11.314 | Init Dist 1000 = 11.314 | Learner Steps = 163 | Learner Walltime = 23.402 | Min Dist = 2.537 | Min Dist 10 = 2.267 | Min Dist 100 = 2.664 | Min Dist 1000 = 5.227 | Steps Per Second = 126.518 | Success = 0.000 | Success 1000 = 0.000
I0528 14:47:57.361805 22892421006912 terminal.py:91] [Actor] Actor Episodes = 413 | Actor Steps = 20650 | Delta Dist = 8.785 | Delta Dist 10 = 6.106 | Delta Dist 100 = 5.177 | Delta Dist 1000 = 3.713 | Episode Length = 50 | Episode Return = 0.0 | Evaluator Episodes = 104 | Evaluator Steps = 5200 | Final Dist = 2.528 | Final Dist 10 = 5.208 | Final Dist 100 = 6.137 | Final Dist 1000 = 7.601 | Init Dist = 11.314 | Init Dist 10 = 11.314 | Init Dist 100 = 11.314 | Init Dist 1000 = 11.314 | Learner Steps = 163 | Learner Walltime = 23.402 | Min Dist = 2.528 | Min Dist 10 = 2.060 | Min Dist 100 = 2.715 | Min Dist 1000 = 5.193 | Steps Per Second = 136.147 | Success = 0.000 | Success 1000 = 0.000
I0528 14:47:58.054788 22895222769216 terminal.py:91] [Evaluator] Actor Episodes = 421 | Actor Steps = 21050 | Delta Dist = 8.788 | Delta Dist 10 = 8.401 | Delta Dist 100 = 5.042 | Delta Dist 1000 = 4.946 | Episode Length = 50 | Episode Return = 0.0 | Evaluator Episodes = 107 | Evaluator Steps = 5350 | Final Dist = 2.526 | Final Dist 10 = 2.912 | Final Dist 100 = 6.271 | Final Dist 1000 = 6.368 | Init Dist = 11.314 | Init Dist 10 = 11.314 | Init Dist 100 = 11.314 | Init Dist 1000 = 11.314 | Learner Steps = 170 | Learner Walltime = 24.410 | Min Dist = 1.475 | Min Dist 10 = 2.496 | Min Dist 100 = 5.378 | Min Dist 1000 = 5.429 | Steps Per Second = 118.925 | Success = 0.000 | Success 1000 = 0.000
I0528 14:47:59.443502 22895222769216 terminal.py:91] [Evaluator] Actor Episodes = 433 | Actor Steps = 21650 | Delta Dist = 8.773 | Delta Dist 10 = 8.104 | Delta Dist 100 = 5.220 | Delta Dist 1000 = 5.049 | Episode Length = 50 | Episode Return = 0.0 | Evaluator Episodes = 110 | Evaluator Steps = 5500 | Final Dist = 2.541 | Final Dist 10 = 3.209 | Final Dist 100 = 6.093 | Final Dist 1000 = 6.265 | Init Dist = 11.314 | Init Dist 10 = 11.314 | Init Dist 100 = 11.314 | Init Dist 1000 = 11.314 | Learner Steps = 186 | Learner Walltime = 26.551 | Min Dist = 1.443 | Min Dist 10 = 2.604 | Min Dist 100 = 5.239 | Min Dist 1000 = 5.330 | Steps Per Second = 106.460 | Success = 0.000 | Success 1000 = 0.000
I0528 14:48:00.739842 22918293575232 savers.py:156] Saving checkpoint: /home/gliu2/rebuttal/checkpoints/contrastive_cpc_point_FourRooms_0/checkpoints/counter
I0528 14:48:00.856456 22895222769216 terminal.py:91] [Evaluator] Actor Episodes = 445 | Actor Steps = 22250 | Delta Dist = 9.051 | Delta Dist 10 = 8.791 | Delta Dist 100 = 5.430 | Delta Dist 1000 = 5.149 | Episode Length = 50 | Episode Return = 0.0 | Evaluator Episodes = 113 | Evaluator Steps = 5650 | Final Dist = 2.263 | Final Dist 10 = 2.523 | Final Dist 100 = 5.884 | Final Dist 1000 = 6.165 | Init Dist = 11.314 | Init Dist 10 = 11.314 | Init Dist 100 = 11.314 | Init Dist 1000 = 11.314 | Learner Steps = 193 | Learner Walltime = 27.556 | Min Dist = 1.424 | Min Dist 10 = 1.702 | Min Dist 100 = 5.069 | Min Dist 1000 = 5.226 | Steps Per Second = 109.128 | Success = 0.000 | Success 1000 = 0.000
I0528 14:48:01.361819 22918291473984 lp_utils.py:96] StepsLimiter: Reached 22400 recorded steps
I0528 14:48:02.229647 22895222769216 terminal.py:91] [Evaluator] Actor Episodes = 457 | Actor Steps = 22850 | Delta Dist = 9.259 | Delta Dist 10 = 8.796 | Delta Dist 100 = 5.596 | Delta Dist 1000 = 5.247 | Episode Length = 50 | Episode Return = 0.0 | Evaluator Episodes = 116 | Evaluator Steps = 5800 | Final Dist = 2.054 | Final Dist 10 = 2.518 | Final Dist 100 = 5.718 | Final Dist 1000 = 6.067 | Init Dist = 11.314 | Init Dist 10 = 11.314 | Init Dist 100 = 11.314 | Init Dist 1000 = 11.314 | Learner Steps = 201 | Learner Walltime = 28.659 | Min Dist = 1.457 | Min Dist 10 = 1.704 | Min Dist 100 = 4.901 | Min Dist 1000 = 5.139 | Steps Per Second = 114.973 | Success = 0.000 | Success 1000 = 0.000
I0528 14:48:03.179793 22863692109376 terminal.py:91] [Learner] Actor Episodes = 460 | Actor Loss = 6.623163223266602 | Actor Steps = 23000 | Binary Accuracy = 0.9960672855377197 | Categorical Accuracy = 0.06597900390625 | Critic Loss = 4.130655765533447 | Entropy Mean = 7.867023944854736 | Evaluator Episodes = 116 | Evaluator Steps = 5800 | Learner Steps = 213 | Learner Walltime = 30.445 | Logits Neg = -14.035172462463379 | Logits Pos = -4.12017297744751 | Logsumexp = 0.2830246686935425 | Steps Per Second = 364.874
I0528 14:48:03.603816 22895222769216 terminal.py:91] [Evaluator] Actor Episodes = 469 | Actor Steps = 23450 | Delta Dist = 8.797 | Delta Dist 10 = 8.950 | Delta Dist 100 = 5.795 | Delta Dist 1000 = 5.351 | Episode Length = 50 | Episode Return = 0.0 | Evaluator Episodes = 119 | Evaluator Steps = 5950 | Final Dist = 2.516 | Final Dist 10 = 2.364 | Final Dist 100 = 5.519 | Final Dist 1000 = 5.963 | Init Dist = 11.314 | Init Dist 10 = 11.314 | Init Dist 100 = 11.314 | Init Dist 1000 = 11.314 | Learner Steps = 208 | Learner Walltime = 29.758 | Min Dist = 1.415 | Min Dist 10 = 1.696 | Min Dist 100 = 4.759 | Min Dist 1000 = 5.045 | Steps Per Second = 108.861 | Success = 0.000 | Success 1000 = 0.000
I0528 14:48:05.095678 22895222769216 terminal.py:91] [Evaluator] Actor Episodes = 484 | Actor Steps = 24200 | Delta Dist = 8.852 | Delta Dist 10 = 9.042 | Delta Dist 100 = 5.956 | Delta Dist 1000 = 5.441 | Episode Length = 50 | Episode Return = 0.0 | Evaluator Episodes = 122 | Evaluator Steps = 6100 | Final Dist = 2.462 | Final Dist 10 = 2.272 | Final Dist 100 = 5.358 | Final Dist 1000 = 5.873 | Init Dist = 11.314 | Init Dist 10 = 11.314 | Init Dist 100 = 11.314 | Init Dist 1000 = 11.314 | Learner Steps = 223 | Learner Walltime = 31.952 | Min Dist = 1.509 | Min Dist 10 = 1.528 | Min Dist 100 = 4.573 | Min Dist 1000 = 4.952 | Steps Per Second = 99.607 | Success = 0.000 | Success 1000 = 0.008
I0528 14:48:06.470016 22895222769216 terminal.py:91] [Evaluator] Actor Episodes = 493 | Actor Steps = 24650 | Delta Dist = 9.693 | Delta Dist 10 = 9.024 | Delta Dist 100 = 6.134 | Delta Dist 1000 = 5.518 | Episode Length = 50 | Episode Return = 0.0 | Evaluator Episodes = 125 | Evaluator Steps = 6250 | Final Dist = 1.621 | Final Dist 10 = 2.289 | Final Dist 100 = 5.180 | Final Dist 1000 = 5.796 | Init Dist = 11.314 | Init Dist 10 = 11.314 | Init Dist 100 = 11.314 | Init Dist 1000 = 11.314 | Learner Steps = 230 | Learner Walltime = 33.057 | Min Dist = 1.500 | Min Dist 10 = 1.537 | Min Dist 100 = 4.397 | Min Dist 1000 = 4.878 | Steps Per Second = 100.164 | Success = 0.000 | Success 1000 = 0.008
I0528 14:48:06.993592 22892418905664 terminal.py:91] [Actor] Actor Episodes = 499 | Actor Steps = 24950 | Delta Dist = 9.673 | Delta Dist 10 = 7.916 | Delta Dist 100 = 6.797 | Delta Dist 1000 = 4.285 | Episode Length = 50 | Episode Return = 0.0 | Evaluator Episodes = 125 | Evaluator Steps = 6250 | Final Dist = 1.640 | Final Dist 10 = 3.398 | Final Dist 100 = 4.517 | Final Dist 1000 = 7.029 | Init Dist = 11.314 | Init Dist 10 = 11.314 | Init Dist 100 = 11.314 | Init Dist 1000 = 11.314 | Learner Steps = 237 | Learner Walltime = 34.116 | Min Dist = 1.551 | Min Dist 10 = 1.533 | Min Dist 100 = 1.969 | Min Dist 1000 = 4.651 | Steps Per Second = 109.461 | Success = 0.000 | Success 1000 = 0.002
I0528 14:48:07.093700 22892391589440 terminal.py:91] [Actor] Actor Episodes = 502 | Actor Steps = 25100 | Delta Dist = 9.653 | Delta Dist 10 = 8.106 | Delta Dist 100 = 6.955 | Delta Dist 1000 = 4.306 | Episode Length = 50 | Episode Return = 0.0 | Evaluator Episodes = 125 | Evaluator Steps = 6250 | Final Dist = 1.661 | Final Dist 10 = 3.208 | Final Dist 100 = 4.358 | Final Dist 1000 = 7.008 | Init Dist = 11.314 | Init Dist 10 = 11.314 | Init Dist 100 = 11.314 | Init Dist 1000 = 11.314 | Learner Steps = 237 | Learner Walltime = 34.116 | Min Dist = 1.629 | Min Dist 10 = 1.541 | Min Dist 100 = 1.951 | Min Dist 1000 = 4.639 | Steps Per Second = 109.953 | Success = 0.000 | Success 1000 = 0.002
I0528 14:48:07.274672 22892410500672 terminal.py:91] [Actor] Actor Episodes = 505 | Actor Steps = 25250 | Delta Dist = 8.858 | Delta Dist 10 = 7.333 | Delta Dist 100 = 6.972 | Delta Dist 1000 = 4.301 | Episode Length = 50 | Episode Return = 0.0 | Evaluator Episodes = 125 | Evaluator Steps = 6250 | Final Dist = 2.456 | Final Dist 10 = 3.981 | Final Dist 100 = 4.341 | Final Dist 1000 = 7.013 | Init Dist = 11.314 | Init Dist 10 = 11.314 | Init Dist 100 = 11.314 | Init Dist 1000 = 11.314 | Learner Steps = 237 | Learner Walltime = 34.116 | Min Dist = 1.447 | Min Dist 10 = 1.548 | Min Dist 100 = 1.942 | Min Dist 1000 = 4.633 | Steps Per Second = 106.941 | Success = 0.000 | Success 1000 = 0.002
I0528 14:48:07.436500 22892421006912 terminal.py:91] [Actor] Actor Episodes = 498 | Actor Steps = 24900 | Delta Dist = 9.854 | Delta Dist 10 = 7.906 | Delta Dist 100 = 7.131 | Delta Dist 1000 = 4.323 | Episode Length = 50 | Episode Return = 0.0 | Evaluator Episodes = 125 | Evaluator Steps = 6250 | Final Dist = 1.460 | Final Dist 10 = 3.408 | Final Dist 100 = 4.183 | Final Dist 1000 = 6.991 | Init Dist = 11.314 | Init Dist 10 = 11.314 | Init Dist 100 = 11.314 | Init Dist 1000 = 11.314 | Learner Steps = 230 | Learner Walltime = 33.057 | Min Dist = 1.460 | Min Dist 10 = 1.527 | Min Dist 100 = 1.930 | Min Dist 1000 = 4.621 | Steps Per Second = 120.539 | Success = 0.000 | Success 1000 = 0.002
I0528 14:48:07.757542 22895222769216 terminal.py:91] [Evaluator] Actor Episodes = 505 | Actor Steps = 25250 | Delta Dist = 8.065 | Delta Dist 10 = 8.851 | Delta Dist 100 = 6.312 | Delta Dist 1000 = 5.593 | Episode Length = 50 | Episode Return = 0.0 | Evaluator Episodes = 128 | Evaluator Steps = 6400 | Final Dist = 3.249 | Final Dist 10 = 2.462 | Final Dist 100 = 5.002 | Final Dist 1000 = 5.721 | Init Dist = 11.314 | Init Dist 10 = 11.314 | Init Dist 100 = 11.314 | Init Dist 1000 = 11.314 | Learner Steps = 237 | Learner Walltime = 34.116 | Min Dist = 2.626 | Min Dist 10 = 1.787 | Min Dist 100 = 4.274 | Min Dist 1000 = 4.817 | Steps Per Second = 120.181 | Success = 0.000 | Success 1000 = 0.008
I0528 14:48:09.049921 22895222769216 terminal.py:91] [Evaluator] Actor Episodes = 517 | Actor Steps = 25850 | Delta Dist = 8.360 | Delta Dist 10 = 8.614 | Delta Dist 100 = 6.472 | Delta Dist 1000 = 5.655 | Episode Length = 50 | Episode Return = 0.0 | Evaluator Episodes = 131 | Evaluator Steps = 6550 | Final Dist = 2.954 | Final Dist 10 = 2.700 | Final Dist 100 = 4.841 | Final Dist 1000 = 5.659 | Init Dist = 11.314 | Init Dist 10 = 11.314 | Init Dist 100 = 11.314 | Init Dist 1000 = 11.314 | Learner Steps = 252 | Learner Walltime = 36.167 | Min Dist = 2.606 | Min Dist 10 = 2.101 | Min Dist 100 = 4.134 | Min Dist 1000 = 4.760 | Steps Per Second = 109.112 | Success = 0.000 | Success 1000 = 0.008
I0528 14:48:10.275485 22895222769216 terminal.py:91] [Evaluator] Actor Episodes = 529 | Actor Steps = 26450 | Delta Dist = 8.779 | Delta Dist 10 = 8.529 | Delta Dist 100 = 6.612 | Delta Dist 1000 = 5.724 | Episode Length = 50 | Episode Return = 0.0 | Evaluator Episodes = 134 | Evaluator Steps = 6700 | Final Dist = 2.535 | Final Dist 10 = 2.785 | Final Dist 100 = 4.702 | Final Dist 1000 = 5.589 | Init Dist = 11.314 | Init Dist 10 = 11.314 | Init Dist 100 = 11.314 | Init Dist 1000 = 11.314 | Learner Steps = 259 | Learner Walltime = 37.250 | Min Dist = 1.553 | Min Dist 10 = 2.209 | Min Dist 100 = 4.000 | Min Dist 1000 = 4.693 | Steps Per Second = 125.644 | Success = 0.000 | Success 1000 = 0.008
I0528 14:48:11.378552 22918291473984 lp_utils.py:96] StepsLimiter: Reached 27050 recorded steps
I0528 14:48:11.490634 22895222769216 terminal.py:91] [Evaluator] Actor Episodes = 541 | Actor Steps = 27050 | Delta Dist = 7.758 | Delta Dist 10 = 8.434 | Delta Dist 100 = 6.765 | Delta Dist 1000 = 5.785 | Episode Length = 50 | Episode Return = 0.0 | Evaluator Episodes = 137 | Evaluator Steps = 6850 | Final Dist = 3.556 | Final Dist 10 = 2.880 | Final Dist 100 = 4.549 | Final Dist 1000 = 5.529 | Init Dist = 11.314 | Init Dist 10 = 11.314 | Init Dist 100 = 11.314 | Init Dist 1000 = 11.314 | Learner Steps = 267 | Learner Walltime = 38.256 | Min Dist = 2.813 | Min Dist 10 = 2.098 | Min Dist 100 = 3.834 | Min Dist 1000 = 4.632 | Steps Per Second = 134.722 | Success = 0.000 | Success 1000 = 0.007
I0528 14:48:12.733021 22895222769216 terminal.py:91] [Evaluator] Actor Episodes = 553 | Actor Steps = 27650 | Delta Dist = 7.738 | Delta Dist 10 = 8.563 | Delta Dist 100 = 7.005 | Delta Dist 1000 = 5.842 | Episode Length = 50 | Episode Return = 0.0 | Evaluator Episodes = 140 | Evaluator Steps = 7000 | Final Dist = 3.576 | Final Dist 10 = 2.751 | Final Dist 100 = 4.309 | Final Dist 1000 = 5.472 | Init Dist = 11.314 | Init Dist 10 = 11.314 | Init Dist 100 = 11.314 | Init Dist 1000 = 11.314 | Learner Steps = 276 | Learner Walltime = 39.400 | Min Dist = 2.697 | Min Dist 10 = 1.864 | Min Dist 100 = 3.652 | Min Dist 1000 = 4.574 | Steps Per Second = 108.812 | Success = 0.000 | Success 1000 = 0.007
I0528 14:48:13.329430 22863692109376 terminal.py:91] [Learner] Actor Episodes = 559 | Actor Loss = 7.551159858703613 | Actor Steps = 27950 | Binary Accuracy = 0.9960756301879883 | Categorical Accuracy = 0.07501220703125 | Critic Loss = 4.029219627380371 | Entropy Mean = -2.322784662246704 | Evaluator Episodes = 140 | Evaluator Steps = 7000 | Learner Steps = 284 | Learner Walltime = 40.599 | Logits Neg = -15.902547836303711 | Logits Pos = -4.026602745056152 | Logsumexp = 0.36810049414634705 | Steps Per Second = 263.734
I0528 14:48:13.924964 22895222769216 terminal.py:91] [Evaluator] Actor Episodes = 565 | Actor Steps = 28250 | Delta Dist = 8.817 | Delta Dist 10 = 8.483 | Delta Dist 100 = 7.207 | Delta Dist 1000 = 5.897 | Episode Length = 50 | Episode Return = 0.0 | Evaluator Episodes = 143 | Evaluator Steps = 7150 | Final Dist = 2.496 | Final Dist 10 = 2.831 | Final Dist 100 = 4.107 | Final Dist 1000 = 5.417 | Init Dist = 11.314 | Init Dist 10 = 11.314 | Init Dist 100 = 11.314 | Init Dist 1000 = 11.314 | Learner Steps = 284 | Learner Walltime = 40.599 | Min Dist = 1.494 | Min Dist 10 = 1.875 | Min Dist 100 = 3.473 | Min Dist 1000 = 4.518 | Steps Per Second = 127.259 | Success = 0.000 | Success 1000 = 0.007
I0528 14:48:15.167098 22895222769216 terminal.py:91] [Evaluator] Actor Episodes = 577 | Actor Steps = 28850 | Delta Dist = 8.774 | Delta Dist 10 = 8.383 | Delta Dist 100 = 7.409 | Delta Dist 1000 = 5.950 | Episode Length = 50 | Episode Return = 0.0 | Evaluator Episodes = 146 | Evaluator Steps = 7300 | Final Dist = 2.540 | Final Dist 10 = 2.930 | Final Dist 100 = 3.905 | Final Dist 1000 = 5.363 | Init Dist = 11.314 | Init Dist 10 = 11.314 | Init Dist 100 = 11.314 | Init Dist 1000 = 11.314 | Learner Steps = 292 | Learner Walltime = 41.691 | Min Dist = 1.441 | Min Dist 10 = 1.984 | Min Dist 100 = 3.306 | Min Dist 1000 = 4.463 | Steps Per Second = 117.262 | Success = 0.000 | Success 1000 = 0.007
I0528 14:48:16.514647 22895222769216 terminal.py:91] [Evaluator] Actor Episodes = 589 | Actor Steps = 29450 | Delta Dist = 8.793 | Delta Dist 10 = 8.635 | Delta Dist 100 = 7.537 | Delta Dist 1000 = 6.011 | Episode Length = 50 | Episode Return = 0.0 | Evaluator Episodes = 149 | Evaluator Steps = 7450 | Final Dist = 2.521 | Final Dist 10 = 2.679 | Final Dist 100 = 3.777 | Final Dist 1000 = 5.303 | Init Dist = 11.314 | Init Dist 10 = 11.314 | Init Dist 100 = 11.314 | Init Dist 1000 = 11.314 | Learner Steps = 300 | Learner Walltime = 42.762 | Min Dist = 1.414 | Min Dist 10 = 1.727 | Min Dist 100 = 3.162 | Min Dist 1000 = 4.402 | Steps Per Second = 111.393 | Success = 0.000 | Success 1000 = 0.007
I0528 14:48:17.100613 22892391589440 terminal.py:91] [Actor] Actor Episodes = 588 | Actor Steps = 29400 | Delta Dist = 8.831 | Delta Dist 10 = 6.346 | Delta Dist 100 = 6.298 | Delta Dist 1000 = 4.590 | Episode Length = 50 | Episode Return = 0.0 | Evaluator Episodes = 146 | Evaluator Steps = 7300 | Final Dist = 2.483 | Final Dist 10 = 4.967 | Final Dist 100 = 5.016 | Final Dist 1000 = 6.723 | Init Dist = 11.314 | Init Dist 10 = 11.314 | Init Dist 100 = 11.314 | Init Dist 1000 = 11.314 | Learner Steps = 300 | Learner Walltime = 42.762 | Min Dist = 1.464 | Min Dist 10 = 1.746 | Min Dist 100 = 2.100 | Min Dist 1000 = 4.257 | Steps Per Second = 112.140 | Success = 0.000 | Success 1000 = 0.002
I0528 14:48:17.323296 22892418905664 terminal.py:91] [Actor] Actor Episodes = 595 | Actor Steps = 29750 | Delta Dist = 8.821 | Delta Dist 10 = 6.723 | Delta Dist 100 = 6.346 | Delta Dist 1000 = 4.607 | Episode Length = 50 | Episode Return = 0.0 | Evaluator Episodes = 149 | Evaluator Steps = 7450 | Final Dist = 2.493 | Final Dist 10 = 4.591 | Final Dist 100 = 4.968 | Final Dist 1000 = 6.707 | Init Dist = 11.314 | Init Dist 10 = 11.314 | Init Dist 100 = 11.314 | Init Dist 1000 = 11.314 | Learner Steps = 308 | Learner Walltime = 43.898 | Min Dist = 1.518 | Min Dist 10 = 1.643 | Min Dist 100 = 2.099 | Min Dist 1000 = 4.248 | Steps Per Second = 111.748 | Success = 0.000 | Success 1000 = 0.002
I0528 14:48:17.461099 22892410500672 terminal.py:91] [Actor] Actor Episodes = 591 | Actor Steps = 29550 | Delta Dist = 9.815 | Delta Dist 10 = 6.003 | Delta Dist 100 = 6.296 | Delta Dist 1000 = 4.602 | Episode Length = 50 | Episode Return = 0.0 | Evaluator Episodes = 146 | Evaluator Steps = 7300 | Final Dist = 1.499 | Final Dist 10 = 5.311 | Final Dist 100 = 5.017 | Final Dist 1000 = 6.712 | Init Dist = 11.314 | Init Dist 10 = 11.314 | Init Dist 100 = 11.314 | Init Dist 1000 = 11.314 | Learner Steps = 300 | Learner Walltime = 42.762 | Min Dist = 1.476 | Min Dist 10 = 1.550 | Min Dist 100 = 2.099 | Min Dist 1000 = 4.243 | Steps Per Second = 103.580 | Success = 0.000 | Success 1000 = 0.002
I0528 14:48:17.696162 22892421006912 terminal.py:91] [Actor] Actor Episodes = 594 | Actor Steps = 29700 | Delta Dist = 9.454 | Delta Dist 10 = 6.168 | Delta Dist 100 = 6.355 | Delta Dist 1000 = 4.618 | Episode Length = 50 | Episode Return = 0.0 | Evaluator Episodes = 149 | Evaluator Steps = 7450 | Final Dist = 1.860 | Final Dist 10 = 5.146 | Final Dist 100 = 4.959 | Final Dist 1000 = 6.695 | Init Dist = 11.314 | Init Dist 10 = 11.314 | Init Dist 100 = 11.314 | Init Dist 1000 = 11.314 | Learner Steps = 308 | Learner Walltime = 43.898 | Min Dist = 1.481 | Min Dist 10 = 1.553 | Min Dist 100 = 2.097 | Min Dist 1000 = 4.234 | Steps Per Second = 114.424 | Success = 0.000 | Success 1000 = 0.002
I0528 14:48:17.978940 22895222769216 terminal.py:91] [Evaluator] Actor Episodes = 601 | Actor Steps = 30050 | Delta Dist = 8.793 | Delta Dist 10 = 8.873 | Delta Dist 100 = 7.707 | Delta Dist 1000 = 6.075 | Episode Length = 50 | Episode Return = 0.0 | Evaluator Episodes = 152 | Evaluator Steps = 7600 | Final Dist = 2.520 | Final Dist 10 = 2.441 | Final Dist 100 = 3.607 | Final Dist 1000 = 5.239 | Init Dist = 11.314 | Init Dist 10 = 11.314 | Init Dist 100 = 11.314 | Init Dist 1000 = 11.314 | Learner Steps = 315 | Learner Walltime = 44.970 | Min Dist = 1.469 | Min Dist 10 = 1.579 | Min Dist 100 = 3.012 | Min Dist 1000 = 4.344 | Steps Per Second = 102.676 | Success = 0.000 | Success 1000 = 0.007
I0528 14:48:19.371905 22895222769216 terminal.py:91] [Evaluator] Actor Episodes = 613 | Actor Steps = 30650 | Delta Dist = 8.096 | Delta Dist 10 = 8.905 | Delta Dist 100 = 7.847 | Delta Dist 1000 = 6.130 | Episode Length = 50 | Episode Return = 0.0 | Evaluator Episodes = 155 | Evaluator Steps = 7750 | Final Dist = 3.218 | Final Dist 10 = 2.409 | Final Dist 100 = 3.467 | Final Dist 1000 = 5.184 | Init Dist = 11.314 | Init Dist 10 = 11.314 | Init Dist 100 = 11.314 | Init Dist 1000 = 11.314 | Learner Steps = 322 | Learner Walltime = 46.034 | Min Dist = 2.659 | Min Dist 10 = 1.568 | Min Dist 100 = 2.871 | Min Dist 1000 = 4.287 | Steps Per Second = 106.640 | Success = 0.000 | Success 1000 = 0.006
I0528 14:48:20.872620 22895222769216 terminal.py:91] [Evaluator] Actor Episodes = 625 | Actor Steps = 31250 | Delta Dist = 9.393 | Delta Dist 10 = 8.921 | Delta Dist 100 = 7.917 | Delta Dist 1000 = 6.178 | Episode Length = 50 | Episode Return = 0.0 | Evaluator Episodes = 158 | Evaluator Steps = 7900 | Final Dist = 1.920 | Final Dist 10 = 2.392 | Final Dist 100 = 3.397 | Final Dist 1000 = 5.135 | Init Dist = 11.314 | Init Dist 10 = 11.314 | Init Dist 100 = 11.314 | Init Dist 1000 = 11.314 | Learner Steps = 330 | Learner Walltime = 47.108 | Min Dist = 1.596 | Min Dist 10 = 1.577 | Min Dist 100 = 2.777 | Min Dist 1000 = 4.241 | Steps Per Second = 98.108 | Success = 0.000 | Success 1000 = 0.006
I0528 14:48:21.392734 22918291473984 lp_utils.py:96] StepsLimiter: Reached 31400 recorded steps
I0528 14:48:22.366017 22895222769216 terminal.py:91] [Evaluator] Actor Episodes = 640 | Actor Steps = 32000 | Delta Dist = 9.174 | Delta Dist 10 = 9.023 | Delta Dist 100 = 8.007 | Delta Dist 1000 = 6.237 | Episode Length = 50 | Episode Return = 0.0 | Evaluator Episodes = 161 | Evaluator Steps = 8050 | Final Dist = 2.140 | Final Dist 10 = 2.291 | Final Dist 100 = 3.306 | Final Dist 1000 = 5.076 | Init Dist = 11.314 | Init Dist 10 = 11.314 | Init Dist 100 = 11.314 | Init Dist 1000 = 11.314 | Learner Steps = 344 | Learner Walltime = 49.221 | Min Dist = 1.396 | Min Dist 10 = 1.598 | Min Dist 100 = 2.674 | Min Dist 1000 = 4.190 | Steps Per Second = 97.525 | Success = 0.000 | Success 1000 = 0.006
I0528 14:48:23.345548 22863692109376 terminal.py:91] [Learner] Actor Episodes = 643 | Actor Loss = 7.745460510253906 | Actor Steps = 32150 | Binary Accuracy = 0.9960477352142334 | Categorical Accuracy = 0.07586669921875 | Critic Loss = 4.076330184936523 | Entropy Mean = 1.1276313066482544 | Evaluator Episodes = 161 | Evaluator Steps = 8050 | Learner Steps = 354 | Learner Walltime = 50.610 | Logits Neg = -15.844709396362305 | Logits Pos = -4.039724826812744 | Logsumexp = 0.44575148820877075 | Steps Per Second = 475.583
I0528 14:48:23.744720 22895222769216 terminal.py:91] [Evaluator] Actor Episodes = 652 | Actor Steps = 32600 | Delta Dist = 8.825 | Delta Dist 10 = 8.992 | Delta Dist 100 = 8.078 | Delta Dist 1000 = 6.288 | Episode Length = 50 | Episode Return = 0.0 | Evaluator Episodes = 164 | Evaluator Steps = 8200 | Final Dist = 2.488 | Final Dist 10 = 2.321 | Final Dist 100 = 3.236 | Final Dist 1000 = 5.025 | Init Dist = 11.314 | Init Dist 10 = 11.314 | Init Dist 100 = 11.314 | Init Dist 1000 = 11.314 | Learner Steps = 351 | Learner Walltime = 50.226 | Min Dist = 1.548 | Min Dist 10 = 1.606 | Min Dist 100 = 2.597 | Min Dist 1000 = 4.140 | Steps Per Second = 118.310 | Success = 0.000 | Success 1000 = 0.006
I0528 14:48:25.043283 22895222769216 terminal.py:91] [Evaluator] Actor Episodes = 664 | Actor Steps = 33200 | Delta Dist = 9.849 | Delta Dist 10 = 8.986 | Delta Dist 100 = 8.244 | Delta Dist 1000 = 6.332 | Episode Length = 50 | Episode Return = 0.0 | Evaluator Episodes = 167 | Evaluator Steps = 8350 | Final Dist = 1.465 | Final Dist 10 = 2.328 | Final Dist 100 = 3.070 | Final Dist 1000 = 4.982 | Init Dist = 11.314 | Init Dist 10 = 11.314 | Init Dist 100 = 11.314 | Init Dist 1000 = 11.314 | Learner Steps = 358 | Learner Walltime = 51.315 | Min Dist = 1.462 | Min Dist 10 = 1.621 | Min Dist 100 = 2.414 | Min Dist 1000 = 4.100 | Steps Per Second = 111.868 | Success = 0.000 | Success 1000 = 0.006
I0528 14:48:26.385926 22895222769216 terminal.py:91] [Evaluator] Actor Episodes = 676 | Actor Steps = 33800 | Delta Dist = 8.851 | Delta Dist 10 = 9.066 | Delta Dist 100 = 8.350 | Delta Dist 1000 = 6.384 | Episode Length = 50 | Episode Return = 0.0 | Evaluator Episodes = 170 | Evaluator Steps = 8500 | Final Dist = 2.463 | Final Dist 10 = 2.248 | Final Dist 100 = 2.964 | Final Dist 1000 = 4.930 | Init Dist = 11.314 | Init Dist 10 = 11.314 | Init Dist 100 = 11.314 | Init Dist 1000 = 11.314 | Learner Steps = 374 | Learner Walltime = 53.574 | Min Dist = 1.519 | Min Dist 10 = 1.587 | Min Dist 100 = 2.304 | Min Dist 1000 = 4.052 | Steps Per Second = 106.206 | Success = 0.000 | Success 1000 = 0.006
I0528 14:48:27.555051 22892410500672 terminal.py:91] [Actor] Actor Episodes = 685 | Actor Steps = 34250 | Delta Dist = 8.836 | Delta Dist 10 = 5.690 | Delta Dist 100 = 6.397 | Delta Dist 1000 = 4.828 | Episode Length = 50 | Episode Return = 0.0 | Evaluator Episodes = 170 | Evaluator Steps = 8500 | Final Dist = 2.478 | Final Dist 10 = 5.624 | Final Dist 100 = 4.917 | Final Dist 1000 = 6.485 | Init Dist = 11.314 | Init Dist 10 = 11.314 | Init Dist 100 = 11.314 | Init Dist 1000 = 11.314 | Learner Steps = 382 | Learner Walltime = 54.673 | Min Dist = 1.350 | Min Dist 10 = 1.841 | Min Dist 100 = 1.905 | Min Dist 1000 = 3.950 | Steps Per Second = 120.640 | Success = 0.000 | Success 1000 = 0.001
I0528 14:48:27.605856 22892391589440 terminal.py:91] [Actor] Actor Episodes = 683 | Actor Steps = 34150 | Delta Dist = 9.369 | Delta Dist 10 = 6.374 | Delta Dist 100 = 6.400 | Delta Dist 1000 = 4.841 | Episode Length = 50 | Episode Return = 0.0 | Evaluator Episodes = 170 | Evaluator Steps = 8500 | Final Dist = 1.944 | Final Dist 10 = 4.939 | Final Dist 100 = 4.913 | Final Dist 1000 = 6.472 | Init Dist = 11.314 | Init Dist 10 = 11.314 | Init Dist 100 = 11.314 | Init Dist 1000 = 11.314 | Learner Steps = 374 | Learner Walltime = 53.574 | Min Dist = 1.944 | Min Dist 10 = 1.837 | Min Dist 100 = 1.900 | Min Dist 1000 = 3.943 | Steps Per Second = 99.036 | Success = 0.000 | Success 1000 = 0.001
I0528 14:48:27.653149 22892418905664 terminal.py:91] [Actor] Actor Episodes = 681 | Actor Steps = 34050 | Delta Dist = 8.863 | Delta Dist 10 = 5.489 | Delta Dist 100 = 6.311 | Delta Dist 1000 = 4.834 | Episode Length = 50 | Episode Return = 0.0 | Evaluator Episodes = 170 | Evaluator Steps = 8500 | Final Dist = 2.451 | Final Dist 10 = 5.825 | Final Dist 100 = 5.002 | Final Dist 1000 = 6.479 | Init Dist = 11.314 | Init Dist 10 = 11.314 | Init Dist 100 = 11.314 | Init Dist 1000 = 11.314 | Learner Steps = 374 | Learner Walltime = 53.574 | Min Dist = 1.554 | Min Dist 10 = 1.893 | Min Dist 100 = 1.904 | Min Dist 1000 = 3.940 | Steps Per Second = 119.725 | Success = 0.000 | Success 1000 = 0.001
I0528 14:48:27.813998 22895222769216 terminal.py:91] [Evaluator] Actor Episodes = 688 | Actor Steps = 34400 | Delta Dist = 9.802 | Delta Dist 10 = 9.076 | Delta Dist 100 = 8.440 | Delta Dist 1000 = 6.436 | Episode Length = 50 | Episode Return = 0.0 | Evaluator Episodes = 173 | Evaluator Steps = 8650 | Final Dist = 1.512 | Final Dist 10 = 2.237 | Final Dist 100 = 2.873 | Final Dist 1000 = 4.878 | Init Dist = 11.314 | Init Dist 10 = 11.314 | Init Dist 100 = 11.314 | Init Dist 1000 = 11.314 | Learner Steps = 382 | Learner Walltime = 54.673 | Min Dist = 1.500 | Min Dist 10 = 1.594 | Min Dist 100 = 2.210 | Min Dist 1000 = 4.007 | Steps Per Second = 103.452 | Success = 0.000 | Success 1000 = 0.006
I0528 14:48:28.050656 22892421006912 terminal.py:91] [Actor] Actor Episodes = 689 | Actor Steps = 34450 | Delta Dist = 8.791 | Delta Dist 10 = 4.737 | Delta Dist 100 = 6.221 | Delta Dist 1000 = 4.828 | Episode Length = 50 | Episode Return = 0.0 | Evaluator Episodes = 170 | Evaluator Steps = 8500 | Final Dist = 2.523 | Final Dist 10 = 6.576 | Final Dist 100 = 5.092 | Final Dist 1000 = 6.486 | Init Dist = 11.314 | Init Dist 10 = 11.314 | Init Dist 100 = 11.314 | Init Dist 1000 = 11.314 | Learner Steps = 382 | Learner Walltime = 54.673 | Min Dist = 2.487 | Min Dist 10 = 1.722 | Min Dist 100 = 1.900 | Min Dist 1000 = 3.930 | Steps Per Second = 106.788 | Success = 0.000 | Success 1000 = 0.001
I0528 14:48:29.144193 22895222769216 terminal.py:91] [Evaluator] Actor Episodes = 700 | Actor Steps = 35000 | Delta Dist = 8.797 | Delta Dist 10 = 9.227 | Delta Dist 100 = 8.521 | Delta Dist 1000 = 6.483 | Episode Length = 50 | Episode Return = 0.0 | Evaluator Episodes = 176 | Evaluator Steps = 8800 | Final Dist = 2.517 | Final Dist 10 = 2.087 | Final Dist 100 = 2.793 | Final Dist 1000 = 4.831 | Init Dist = 11.314 | Init Dist 10 = 11.314 | Init Dist 100 = 11.314 | Init Dist 1000 = 11.314 | Learner Steps = 390 | Learner Walltime = 55.862 | Min Dist = 1.475 | Min Dist 10 = 1.447 | Min Dist 100 = 2.125 | Min Dist 1000 = 3.964 | Steps Per Second = 118.096 | Success = 0.000 | Success 1000 = 0.006
I0528 14:48:30.548418 22895222769216 terminal.py:91] [Evaluator] Actor Episodes = 712 | Actor Steps = 35600 | Delta Dist = 9.540 | Delta Dist 10 = 9.182 | Delta Dist 100 = 8.521 | Delta Dist 1000 = 6.527 | Episode Length = 50 | Episode Return = 0.0 | Evaluator Episodes = 179 | Evaluator Steps = 8950 | Final Dist = 1.774 | Final Dist 10 = 2.132 | Final Dist 100 = 2.793 | Final Dist 1000 = 4.787 | Init Dist = 11.314 | Init Dist 10 = 11.314 | Init Dist 100 = 11.314 | Init Dist 1000 = 11.314 | Learner Steps = 399 | Learner Walltime = 57.144 | Min Dist = 1.494 | Min Dist 10 = 1.462 | Min Dist 100 = 2.129 | Min Dist 1000 = 3.921 | Steps Per Second = 99.995 | Success = 0.000 | Success 1000 = 0.006
I0528 14:48:31.410222 22918291473984 lp_utils.py:96] StepsLimiter: Reached 35900 recorded steps
I0528 14:48:31.878349 22895222769216 terminal.py:91] [Evaluator] Actor Episodes = 724 | Actor Steps = 36200 | Delta Dist = 8.776 | Delta Dist 10 = 9.284 | Delta Dist 100 = 8.547 | Delta Dist 1000 = 6.575 | Episode Length = 50 | Episode Return = 0.0 | Evaluator Episodes = 182 | Evaluator Steps = 9100 | Final Dist = 2.538 | Final Dist 10 = 2.030 | Final Dist 100 = 2.767 | Final Dist 1000 = 4.738 | Init Dist = 11.314 | Init Dist 10 = 11.314 | Init Dist 100 = 11.314 | Init Dist 1000 = 11.314 | Learner Steps = 407 | Learner Walltime = 58.169 | Min Dist = 1.474 | Min Dist 10 = 1.449 | Min Dist 100 = 2.104 | Min Dist 1000 = 3.880 | Steps Per Second = 104.970 | Success = 0.000 | Success 1000 = 0.006
I0528 14:48:33.204338 22895222769216 terminal.py:91] [Evaluator] Actor Episodes = 736 | Actor Steps = 36800 | Delta Dist = 8.835 | Delta Dist 10 = 9.108 | Delta Dist 100 = 8.593 | Delta Dist 1000 = 6.613 | Episode Length = 50 | Episode Return = 0.0 | Evaluator Episodes = 185 | Evaluator Steps = 9250 | Final Dist = 2.478 | Final Dist 10 = 2.205 | Final Dist 100 = 2.721 | Final Dist 1000 = 4.701 | Init Dist = 11.314 | Init Dist 10 = 11.314 | Init Dist 100 = 11.314 | Init Dist 1000 = 11.314 | Learner Steps = 423 | Learner Walltime = 60.461 | Min Dist = 1.499 | Min Dist 10 = 1.438 | Min Dist 100 = 2.041 | Min Dist 1000 = 3.840 | Steps Per Second = 119.782 | Success = 0.000 | Success 1000 = 0.005
I0528 14:48:33.481437 22863692109376 terminal.py:91] [Learner] Actor Episodes = 736 | Actor Loss = 7.656007289886475 | Actor Steps = 36800 | Binary Accuracy = 0.996079683303833 | Categorical Accuracy = 0.084228515625 | Critic Loss = 4.0764570236206055 | Entropy Mean = -0.6615791916847229 | Evaluator Episodes = 182 | Evaluator Steps = 9100 | Learner Steps = 425 | Learner Walltime = 60.750 | Logits Neg = -16.152542114257812 | Logits Pos = -4.066498756408691 | Logsumexp = 0.41855740547180176 | Steps Per Second = 334.097
I0528 14:48:33.566887 22897759475264 savers.py:156] Saving checkpoint: /home/gliu2/rebuttal/checkpoints/contrastive_cpc_point_FourRooms_0/checkpoints/learner
I0528 14:48:34.545028 22895222769216 terminal.py:91] [Evaluator] Actor Episodes = 748 | Actor Steps = 37400 | Delta Dist = 8.841 | Delta Dist 10 = 9.110 | Delta Dist 100 = 8.722 | Delta Dist 1000 = 6.653 | Episode Length = 50 | Episode Return = 0.0 | Evaluator Episodes = 188 | Evaluator Steps = 9400 | Final Dist = 2.473 | Final Dist 10 = 2.203 | Final Dist 100 = 2.591 | Final Dist 1000 = 4.661 | Init Dist = 11.314 | Init Dist 10 = 11.314 | Init Dist 100 = 11.314 | Init Dist 1000 = 11.314 | Learner Steps = 430 | Learner Walltime = 61.560 | Min Dist = 1.482 | Min Dist 10 = 1.441 | Min Dist 100 = 1.890 | Min Dist 1000 = 3.802 | Steps Per Second = 113.341 | Success = 0.000 | Success 1000 = 0.005
I0528 14:48:35.805559 22895222769216 terminal.py:91] [Evaluator] Actor Episodes = 760 | Actor Steps = 38000 | Delta Dist = 9.668 | Delta Dist 10 = 9.024 | Delta Dist 100 = 8.854 | Delta Dist 1000 = 6.687 | Episode Length = 50 | Episode Return = 0.0 | Evaluator Episodes = 191 | Evaluator Steps = 9550 | Final Dist = 1.646 | Final Dist 10 = 2.289 | Final Dist 100 = 2.460 | Final Dist 1000 = 4.626 | Init Dist = 11.314 | Init Dist 10 = 11.314 | Init Dist 100 = 11.314 | Init Dist 1000 = 11.314 | Learner Steps = 440 | Learner Walltime = 62.846 | Min Dist = 1.461 | Min Dist 10 = 1.473 | Min Dist 100 = 1.737 | Min Dist 1000 = 3.766 | Steps Per Second = 112.695 | Success = 0.000 | Success 1000 = 0.005
I0528 14:48:37.171229 22895222769216 terminal.py:91] [Evaluator] Actor Episodes = 772 | Actor Steps = 38600 | Delta Dist = 9.619 | Delta Dist 10 = 9.078 | Delta Dist 100 = 8.860 | Delta Dist 1000 = 6.729 | Episode Length = 50 | Episode Return = 0.0 | Evaluator Episodes = 194 | Evaluator Steps = 9700 | Final Dist = 1.695 | Final Dist 10 = 2.236 | Final Dist 100 = 2.453 | Final Dist 1000 = 4.585 | Init Dist = 11.314 | Init Dist 10 = 11.314 | Init Dist 100 = 11.314 | Init Dist 1000 = 11.314 | Learner Steps = 448 | Learner Walltime = 63.894 | Min Dist = 1.456 | Min Dist 10 = 1.485 | Min Dist 100 = 1.739 | Min Dist 1000 = 3.730 | Steps Per Second = 104.487 | Success = 0.000 | Success 1000 = 0.005
I0528 14:48:37.670079 22892391589440 terminal.py:91] [Actor] Actor Episodes = 778 | Actor Steps = 38900 | Delta Dist = 1.268 | Delta Dist 10 = 4.097 | Delta Dist 100 = 4.543 | Delta Dist 1000 = 4.794 | Episode Length = 50 | Episode Return = 0.0 | Evaluator Episodes = 194 | Evaluator Steps = 9700 | Final Dist = 10.045 | Final Dist 10 = 7.216 | Final Dist 100 = 6.771 | Final Dist 1000 = 6.520 | Init Dist = 11.314 | Init Dist 10 = 11.314 | Init Dist 100 = 11.314 | Init Dist 1000 = 11.314 | Learner Steps = 448 | Learner Walltime = 63.894 | Min Dist = 2.452 | Min Dist 10 = 2.623 | Min Dist 100 = 2.310 | Min Dist 1000 = 3.756 | Steps Per Second = 116.555 | Success = 0.000 | Success 1000 = 0.001
I0528 14:48:37.726012 22892410500672 terminal.py:91] [Actor] Actor Episodes = 774 | Actor Steps = 38700 | Delta Dist = 8.857 | Delta Dist 10 = 3.283 | Delta Dist 100 = 4.556 | Delta Dist 1000 = 4.789 | Episode Length = 50 | Episode Return = 0.0 | Evaluator Episodes = 191 | Evaluator Steps = 9550 | Final Dist = 2.457 | Final Dist 10 = 8.031 | Final Dist 100 = 6.758 | Final Dist 1000 = 6.524 | Init Dist = 11.314 | Init Dist 10 = 11.314 | Init Dist 100 = 11.314 | Init Dist 1000 = 11.314 | Learner Steps = 448 | Learner Walltime = 63.894 | Min Dist = 2.457 | Min Dist 10 = 2.729 | Min Dist 100 = 2.302 | Min Dist 1000 = 3.754 | Steps Per Second = 125.203 | Success = 0.000 | Success 1000 = 0.001
I0528 14:48:37.996714 22892418905664 terminal.py:91] [Actor] Actor Episodes = 777 | Actor Steps = 38850 | Delta Dist = 8.777 | Delta Dist 10 = 3.523 | Delta Dist 100 = 4.492 | Delta Dist 1000 = 4.786 | Episode Length = 50 | Episode Return = 0.0 | Evaluator Episodes = 194 | Evaluator Steps = 9700 | Final Dist = 2.537 | Final Dist 10 = 7.791 | Final Dist 100 = 6.822 | Final Dist 1000 = 6.528 | Init Dist = 11.314 | Init Dist 10 = 11.314 | Init Dist 100 = 11.314 | Init Dist 1000 = 11.314 | Learner Steps = 448 | Learner Walltime = 63.894 | Min Dist = 1.369 | Min Dist 10 = 2.782 | Min Dist 100 = 2.311 | Min Dist 1000 = 3.752 | Steps Per Second = 122.631 | Success = 0.000 | Success 1000 = 0.001
I0528 14:48:38.425473 22895222769216 terminal.py:91] [Evaluator] Actor Episodes = 784 | Actor Steps = 39200 | Delta Dist = 8.897 | Delta Dist 10 = 9.065 | Delta Dist 100 = 8.856 | Delta Dist 1000 = 6.764 | Episode Length = 50 | Episode Return = 0.0 | Evaluator Episodes = 197 | Evaluator Steps = 9850 | Final Dist = 2.416 | Final Dist 10 = 2.249 | Final Dist 100 = 2.457 | Final Dist 1000 = 4.549 | Init Dist = 11.314 | Init Dist 10 = 11.314 | Init Dist 100 = 11.314 | Init Dist 1000 = 11.314 | Learner Steps = 455 | Learner Walltime = 64.984 | Min Dist = 1.509 | Min Dist 10 = 1.505 | Min Dist 100 = 1.740 | Min Dist 1000 = 3.696 | Steps Per Second = 107.287 | Success = 0.000 | Success 1000 = 0.005
I0528 14:48:38.473164 22892421006912 terminal.py:91] [Actor] Actor Episodes = 782 | Actor Steps = 39100 | Delta Dist = 9.065 | Delta Dist 10 = 5.177 | Delta Dist 100 = 4.574 | Delta Dist 1000 = 4.802 | Episode Length = 50 | Episode Return = 0.0 | Evaluator Episodes = 194 | Evaluator Steps = 9700 | Final Dist = 2.248 | Final Dist 10 = 6.137 | Final Dist 100 = 6.740 | Final Dist 1000 = 6.512 | Init Dist = 11.314 | Init Dist 10 = 11.314 | Init Dist 100 = 11.314 | Init Dist 1000 = 11.314 | Learner Steps = 455 | Learner Walltime = 64.984 | Min Dist = 2.248 | Min Dist 10 = 2.907 | Min Dist 100 = 2.323 | Min Dist 1000 = 3.741 | Steps Per Second = 112.602 | Success = 0.000 | Success 1000 = 0.001
I0528 14:48:39.673930 22895222769216 terminal.py:91] [Evaluator] Actor Episodes = 796 | Actor Steps = 39800 | Delta Dist = 8.835 | Delta Dist 10 = 9.111 | Delta Dist 100 = 8.835 | Delta Dist 1000 = 6.798 | Episode Length = 50 | Episode Return = 0.0 | Evaluator Episodes = 200 | Evaluator Steps = 10000 | Final Dist = 2.479 | Final Dist 10 = 2.203 | Final Dist 100 = 2.478 | Final Dist 1000 = 4.515 | Init Dist = 11.314 | Init Dist 10 = 11.314 | Init Dist 100 = 11.314 | Init Dist 1000 = 11.314 | Learner Steps = 463 | Learner Walltime = 66.021 | Min Dist = 1.490 | Min Dist 10 = 1.497 | Min Dist 100 = 1.739 | Min Dist 1000 = 3.663 | Steps Per Second = 126.700 | Success = 0.000 | Success 1000 = 0.005
I0528 14:48:40.849995 22895222769216 terminal.py:91] [Evaluator] Actor Episodes = 808 | Actor Steps = 40400 | Delta Dist = 9.279 | Delta Dist 10 = 8.939 | Delta Dist 100 = 8.905 | Delta Dist 1000 = 6.828 | Episode Length = 50 | Episode Return = 0.0 | Evaluator Episodes = 203 | Evaluator Steps = 10150 | Final Dist = 2.035 | Final Dist 10 = 2.375 | Final Dist 100 = 2.409 | Final Dist 1000 = 4.486 | Init Dist = 11.314 | Init Dist 10 = 11.314 | Init Dist 100 = 11.314 | Init Dist 1000 = 11.314 | Learner Steps = 471 | Learner Walltime = 67.122 | Min Dist = 1.460 | Min Dist 10 = 1.488 | Min Dist 100 = 1.650 | Min Dist 1000 = 3.630 | Steps Per Second = 121.377 | Success = 0.000 | Success 1000 = 0.005
I0528 14:48:41.423401 22918291473984 lp_utils.py:96] StepsLimiter: Reached 40550 recorded steps
I0528 14:48:42.090456 22895222769216 terminal.py:91] [Evaluator] Actor Episodes = 820 | Actor Steps = 41000 | Delta Dist = 8.797 | Delta Dist 10 = 8.905 | Delta Dist 100 = 8.907 | Delta Dist 1000 = 6.859 | Episode Length = 50 | Episode Return = 0.0 | Evaluator Episodes = 206 | Evaluator Steps = 10300 | Final Dist = 2.516 | Final Dist 10 = 2.408 | Final Dist 100 = 2.407 | Final Dist 1000 = 4.455 | Init Dist = 11.314 | Init Dist 10 = 11.314 | Init Dist 100 = 11.314 | Init Dist 1000 = 11.314 | Learner Steps = 487 | Learner Walltime = 69.188 | Min Dist = 1.494 | Min Dist 10 = 1.470 | Min Dist 100 = 1.638 | Min Dist 1000 = 3.598 | Steps Per Second = 119.901 | Success = 0.000 | Success 1000 = 0.005
I0528 14:48:43.418557 22895222769216 terminal.py:91] [Evaluator] Actor Episodes = 832 | Actor Steps = 41600 | Delta Dist = 8.794 | Delta Dist 10 = 8.897 | Delta Dist 100 = 8.906 | Delta Dist 1000 = 6.887 | Episode Length = 50 | Episode Return = 0.0 | Evaluator Episodes = 209 | Evaluator Steps = 10450 | Final Dist = 2.520 | Final Dist 10 = 2.417 | Final Dist 100 = 2.408 | Final Dist 1000 = 4.427 | Init Dist = 11.314 | Init Dist 10 = 11.314 | Init Dist 100 = 11.314 | Init Dist 1000 = 11.314 | Learner Steps = 495 | Learner Walltime = 70.245 | Min Dist = 1.519 | Min Dist 10 = 1.463 | Min Dist 100 = 1.637 | Min Dist 1000 = 3.568 | Steps Per Second = 109.740 | Success = 0.000 | Success 1000 = 0.005
I0528 14:48:43.645428 22863692109376 terminal.py:91] [Learner] Actor Episodes = 826 | Actor Loss = 7.7227783203125 | Actor Steps = 41300 | Binary Accuracy = 0.9960281848907471 | Categorical Accuracy = 0.07598876953125 | Critic Loss = 4.183773040771484 | Entropy Mean = -0.005409806966781616 | Evaluator Episodes = 206 | Evaluator Steps = 10300 | Learner Steps = 499 | Learner Walltime = 70.915 | Logits Neg = -16.231121063232422 | Logits Pos = -4.198407173156738 | Logsumexp = 0.4200628101825714 | Steps Per Second = 290.080
I0528 14:48:44.687407 22895222769216 terminal.py:91] [Evaluator] Actor Episodes = 844 | Actor Steps = 42200 | Delta Dist = 8.783 | Delta Dist 10 = 8.926 | Delta Dist 100 = 8.918 | Delta Dist 1000 = 6.918 | Episode Length = 50 | Episode Return = 0.0 | Evaluator Episodes = 212 | Evaluator Steps = 10600 | Final Dist = 2.530 | Final Dist 10 = 2.388 | Final Dist 100 = 2.396 | Final Dist 1000 = 4.396 | Init Dist = 11.314 | Init Dist 10 = 11.314 | Init Dist 100 = 11.314 | Init Dist 1000 = 11.314 | Learner Steps = 502 | Learner Walltime = 71.352 | Min Dist = 1.518 | Min Dist 10 = 1.470 | Min Dist 100 = 1.626 | Min Dist 1000 = 3.538 | Steps Per Second = 104.278 | Success = 0.000 | Success 1000 = 0.005
I0528 14:48:45.964080 22895222769216 terminal.py:91] [Evaluator] Actor Episodes = 856 | Actor Steps = 42800 | Delta Dist = 8.777 | Delta Dist 10 = 8.874 | Delta Dist 100 = 8.921 | Delta Dist 1000 = 6.944 | Episode Length = 50 | Episode Return = 0.0 | Evaluator Episodes = 215 | Evaluator Steps = 10750 | Final Dist = 2.537 | Final Dist 10 = 2.440 | Final Dist 100 = 2.392 | Final Dist 1000 = 4.370 | Init Dist = 11.314 | Init Dist 10 = 11.314 | Init Dist 100 = 11.314 | Init Dist 1000 = 11.314 | Learner Steps = 510 | Learner Walltime = 72.430 | Min Dist = 1.476 | Min Dist 10 = 1.478 | Min Dist 100 = 1.616 | Min Dist 1000 = 3.509 | Steps Per Second = 122.056 | Success = 0.000 | Success 1000 = 0.005
I0528 14:48:47.296442 22895222769216 terminal.py:91] [Evaluator] Actor Episodes = 868 | Actor Steps = 43400 | Delta Dist = 9.797 | Delta Dist 10 = 8.872 | Delta Dist 100 = 8.906 | Delta Dist 1000 = 6.970 | Episode Length = 50 | Episode Return = 0.0 | Evaluator Episodes = 218 | Evaluator Steps = 10900 | Final Dist = 1.517 | Final Dist 10 = 2.442 | Final Dist 100 = 2.408 | Final Dist 1000 = 4.344 | Init Dist = 11.314 | Init Dist 10 = 11.314 | Init Dist 100 = 11.314 | Init Dist 1000 = 11.314 | Learner Steps = 518 | Learner Walltime = 73.558 | Min Dist = 1.483 | Min Dist 10 = 1.471 | Min Dist 100 = 1.615 | Min Dist 1000 = 3.481 | Steps Per Second = 108.120 | Success = 0.000 | Success 1000 = 0.005
I0528 14:48:47.930624 22892391589440 terminal.py:91] [Actor] Actor Episodes = 874 | Actor Steps = 43700 | Delta Dist = 0.000 | Delta Dist 10 = 6.161 | Delta Dist 100 = 5.504 | Delta Dist 1000 = 4.882 | Episode Length = 50 | Episode Return = 0.0 | Evaluator Episodes = 218 | Evaluator Steps = 10900 | Final Dist = 11.314 | Final Dist 10 = 5.153 | Final Dist 100 = 5.809 | Final Dist 1000 = 6.432 | Init Dist = 11.314 | Init Dist 10 = 11.314 | Init Dist 100 = 11.314 | Init Dist 1000 = 11.314 | Learner Steps = 526 | Learner Walltime = 74.592 | Min Dist = 11.314 | Min Dist 10 = 2.880 | Min Dist 100 = 2.748 | Min Dist 1000 = 3.640 | Steps Per Second = 119.432 | Success = 0.000 | Success 1000 = 0.001
I0528 14:48:47.980017 22892410500672 terminal.py:91] [Actor] Actor Episodes = 867 | Actor Steps = 43350 | Delta Dist = 8.793 | Delta Dist 10 = 5.278 | Delta Dist 100 = 5.498 | Delta Dist 1000 = 4.877 | Episode Length = 50 | Episode Return = 0.0 | Evaluator Episodes = 215 | Evaluator Steps = 10750 | Final Dist = 2.521 | Final Dist 10 = 6.036 | Final Dist 100 = 5.816 | Final Dist 1000 = 6.437 | Init Dist = 11.314 | Init Dist 10 = 11.314 | Init Dist 100 = 11.314 | Init Dist 1000 = 11.314 | Learner Steps = 518 | Learner Walltime = 73.558 | Min Dist = 2.521 | Min Dist 10 = 2.985 | Min Dist 100 = 2.757 | Min Dist 1000 = 3.639 | Steps Per Second = 108.609 | Success = 0.000 | Success 1000 = 0.001
I0528 14:48:48.370023 22892418905664 terminal.py:91] [Actor] Actor Episodes = 873 | Actor Steps = 43650 | Delta Dist = 8.841 | Delta Dist 10 = 4.423 | Delta Dist 100 = 5.470 | Delta Dist 1000 = 4.871 | Episode Length = 50 | Episode Return = 0.0 | Evaluator Episodes = 218 | Evaluator Steps = 10900 | Final Dist = 2.473 | Final Dist 10 = 6.891 | Final Dist 100 = 5.843 | Final Dist 1000 = 6.442 | Init Dist = 11.314 | Init Dist 10 = 11.314 | Init Dist 100 = 11.314 | Init Dist 1000 = 11.314 | Learner Steps = 526 | Learner Walltime = 74.592 | Min Dist = 1.400 | Min Dist 10 = 3.081 | Min Dist 100 = 2.765 | Min Dist 1000 = 3.637 | Steps Per Second = 108.929 | Success = 0.000 | Success 1000 = 0.001
I0528 14:48:48.573475 22895222769216 terminal.py:91] [Evaluator] Actor Episodes = 880 | Actor Steps = 44000 | Delta Dist = 8.837 | Delta Dist 10 = 8.944 | Delta Dist 100 = 8.908 | Delta Dist 1000 = 6.999 | Episode Length = 50 | Episode Return = 0.0 | Evaluator Episodes = 221 | Evaluator Steps = 11050 | Final Dist = 2.476 | Final Dist 10 = 2.370 | Final Dist 100 = 2.406 | Final Dist 1000 = 4.315 | Init Dist = 11.314 | Init Dist 10 = 11.314 | Init Dist 100 = 11.314 | Init Dist 1000 = 11.314 | Learner Steps = 533 | Learner Walltime = 75.764 | Min Dist = 1.389 | Min Dist 10 = 1.480 | Min Dist 100 = 1.621 | Min Dist 1000 = 3.454 | Steps Per Second = 109.706 | Success = 0.000 | Success 1000 = 0.005
I0528 14:48:48.810700 22892421006912 terminal.py:91] [Actor] Actor Episodes = 878 | Actor Steps = 43900 | Delta Dist = 8.838 | Delta Dist 10 = 4.447 | Delta Dist 100 = 5.525 | Delta Dist 1000 = 4.874 | Episode Length = 50 | Episode Return = 0.0 | Evaluator Episodes = 218 | Evaluator Steps = 10900 | Final Dist = 2.475 | Final Dist 10 = 6.866 | Final Dist 100 = 5.789 | Final Dist 1000 = 6.440 | Init Dist = 11.314 | Init Dist 10 = 11.314 | Init Dist 100 = 11.314 | Init Dist 1000 = 11.314 | Learner Steps = 526 | Learner Walltime = 74.592 | Min Dist = 1.970 | Min Dist 10 = 3.952 | Min Dist 100 = 2.767 | Min Dist 1000 = 3.638 | Steps Per Second = 116.860 | Success = 0.000 | Success 1000 = 0.001
I0528 14:48:49.934115 22895222769216 terminal.py:91] [Evaluator] Actor Episodes = 892 | Actor Steps = 44600 | Delta Dist = 9.107 | Delta Dist 10 = 8.936 | Delta Dist 100 = 8.906 | Delta Dist 1000 = 7.025 | Episode Length = 50 | Episode Return = 0.0 | Evaluator Episodes = 224 | Evaluator Steps = 11200 | Final Dist = 2.206 | Final Dist 10 = 2.378 | Final Dist 100 = 2.408 | Final Dist 1000 = 4.288 | Init Dist = 11.314 | Init Dist 10 = 11.314 | Init Dist 100 = 11.314 | Init Dist 1000 = 11.314 | Learner Steps = 542 | Learner Walltime = 76.819 | Min Dist = 1.527 | Min Dist 10 = 1.473 | Min Dist 100 = 1.621 | Min Dist 1000 = 3.427 | Steps Per Second = 106.642 | Success = 0.000 | Success 1000 = 0.004
I0528 14:48:51.259650 22895222769216 terminal.py:91] [Evaluator] Actor Episodes = 904 | Actor Steps = 45200 | Delta Dist = 8.783 | Delta Dist 10 = 9.055 | Delta Dist 100 = 8.918 | Delta Dist 1000 = 7.054 | Episode Length = 50 | Episode Return = 0.0 | Evaluator Episodes = 227 | Evaluator Steps = 11350 | Final Dist = 2.531 | Final Dist 10 = 2.258 | Final Dist 100 = 2.395 | Final Dist 1000 = 4.260 | Init Dist = 11.314 | Init Dist 10 = 11.314 | Init Dist 100 = 11.314 | Init Dist 1000 = 11.314 | Learner Steps = 549 | Learner Walltime = 77.945 | Min Dist = 1.480 | Min Dist 10 = 1.458 | Min Dist 100 = 1.596 | Min Dist 1000 = 3.401 | Steps Per Second = 116.362 | Success = 0.000 | Success 1000 = 0.004
I0528 14:48:51.438785 22918291473984 lp_utils.py:96] StepsLimiter: Reached 45200 recorded steps
I0528 14:48:52.558786 22895222769216 terminal.py:91] [Evaluator] Actor Episodes = 915 | Actor Steps = 45750 | Delta Dist = 9.363 | Delta Dist 10 = 8.961 | Delta Dist 100 = 8.942 | Delta Dist 1000 = 7.077 | Episode Length = 50 | Episode Return = 0.0 | Evaluator Episodes = 230 | Evaluator Steps = 11500 | Final Dist = 1.950 | Final Dist 10 = 2.352 | Final Dist 100 = 2.372 | Final Dist 1000 = 4.237 | Init Dist = 11.314 | Init Dist 10 = 11.314 | Init Dist 100 = 11.314 | Init Dist 1000 = 11.314 | Learner Steps = 557 | Learner Walltime = 79.033 | Min Dist = 1.464 | Min Dist 10 = 1.479 | Min Dist 100 = 1.559 | Min Dist 1000 = 3.376 | Steps Per Second = 110.744 | Success = 0.000 | Success 1000 = 0.004
I0528 14:48:53.864250 22863692109376 terminal.py:91] [Learner] Actor Episodes = 921 | Actor Loss = 7.6764936447143555 | Actor Steps = 46050 | Binary Accuracy = 0.9960358142852783 | Categorical Accuracy = 0.078125 | Critic Loss = 4.26564884185791 | Entropy Mean = 1.8916046619415283 | Evaluator Episodes = 230 | Evaluator Steps = 11500 | Learner Steps = 571 | Learner Walltime = 81.134 | Logits Neg = -16.090869903564453 | Logits Pos = -4.270440578460693 | Logsumexp = 0.3943750858306885 | Steps Per Second = 261.241
I0528 14:48:53.925081 22895222769216 terminal.py:91] [Evaluator] Actor Episodes = 927 | Actor Steps = 46350 | Delta Dist = 9.759 | Delta Dist 10 = 8.981 | Delta Dist 100 = 8.951 | Delta Dist 1000 = 7.102 | Episode Length = 50 | Episode Return = 0.0 | Evaluator Episodes = 233 | Evaluator Steps = 11650 | Final Dist = 1.555 | Final Dist 10 = 2.333 | Final Dist 100 = 2.363 | Final Dist 1000 = 4.212 | Init Dist = 11.314 | Init Dist 10 = 11.314 | Init Dist 100 = 11.314 | Init Dist 1000 = 11.314 | Learner Steps = 565 | Learner Walltime = 80.296 | Min Dist = 1.519 | Min Dist 10 = 1.479 | Min Dist 100 = 1.548 | Min Dist 1000 = 3.352 | Steps Per Second = 110.086 | Success = 0.000 | Success 1000 = 0.004
I0528 14:48:55.218542 22895222769216 terminal.py:91] [Evaluator] Actor Episodes = 939 | Actor Steps = 46950 | Delta Dist = 8.771 | Delta Dist 10 = 9.132 | Delta Dist 100 = 8.969 | Delta Dist 1000 = 7.131 | Episode Length = 50 | Episode Return = 0.0 | Evaluator Episodes = 236 | Evaluator Steps = 11800 | Final Dist = 2.543 | Final Dist 10 = 2.181 | Final Dist 100 = 2.344 | Final Dist 1000 = 4.182 | Init Dist = 11.314 | Init Dist 10 = 11.314 | Init Dist 100 = 11.314 | Init Dist 1000 = 11.314 | Learner Steps = 574 | Learner Walltime = 81.581 | Min Dist = 1.500 | Min Dist 10 = 1.480 | Min Dist 100 = 1.547 | Min Dist 1000 = 3.328 | Steps Per Second = 115.994 | Success = 0.000 | Success 1000 = 0.004
I0528 14:48:56.567476 22895222769216 terminal.py:91] [Evaluator] Actor Episodes = 951 | Actor Steps = 47550 | Delta Dist = 8.875 | Delta Dist 10 = 9.141 | Delta Dist 100 = 8.999 | Delta Dist 1000 = 7.156 | Episode Length = 50 | Episode Return = 0.0 | Evaluator Episodes = 239 | Evaluator Steps = 11950 | Final Dist = 2.439 | Final Dist 10 = 2.173 | Final Dist 100 = 2.314 | Final Dist 1000 = 4.157 | Init Dist = 11.314 | Init Dist 10 = 11.314 | Init Dist 100 = 11.314 | Init Dist 1000 = 11.314 | Learner Steps = 582 | Learner Walltime = 82.620 | Min Dist = 1.499 | Min Dist 10 = 1.485 | Min Dist 100 = 1.521 | Min Dist 1000 = 3.304 | Steps Per Second = 112.094 | Success = 0.000 | Success 1000 = 0.004
I0528 14:48:58.003402 22895222769216 terminal.py:91] [Evaluator] Actor Episodes = 963 | Actor Steps = 48150 | Delta Dist = 8.913 | Delta Dist 10 = 9.131 | Delta Dist 100 = 9.016 | Delta Dist 1000 = 7.179 | Episode Length = 50 | Episode Return = 0.0 | Evaluator Episodes = 242 | Evaluator Steps = 12100 | Final Dist = 2.400 | Final Dist 10 = 2.183 | Final Dist 100 = 2.298 | Final Dist 1000 = 4.135 | Init Dist = 11.314 | Init Dist 10 = 11.314 | Init Dist 100 = 11.314 | Init Dist 1000 = 11.314 | Learner Steps = 598 | Learner Walltime = 84.990 | Min Dist = 1.242 | Min Dist 10 = 1.441 | Min Dist 100 = 1.504 | Min Dist 1000 = 3.280 | Steps Per Second = 103.625 | Success = 0.000 | Success 1000 = 0.004
I0528 14:48:58.067804 22892391589440 terminal.py:91] [Actor] Actor Episodes = 959 | Actor Steps = 47950 | Delta Dist = 9.768 | Delta Dist 10 = 6.125 | Delta Dist 100 = 5.591 | Delta Dist 1000 = 4.947 | Episode Length = 50 | Episode Return = 0.0 | Evaluator Episodes = 239 | Evaluator Steps = 11950 | Final Dist = 1.546 | Final Dist 10 = 5.189 | Final Dist 100 = 5.722 | Final Dist 1000 = 6.367 | Init Dist = 11.314 | Init Dist 10 = 11.314 | Init Dist 100 = 11.314 | Init Dist 1000 = 11.314 | Learner Steps = 590 | Learner Walltime = 83.874 | Min Dist = 1.373 | Min Dist 10 = 1.487 | Min Dist 100 = 2.609 | Min Dist 1000 = 3.533 | Steps Per Second = 109.421 | Success = 0.000 | Success 1000 = 0.001
I0528 14:48:58.182356 22892410500672 terminal.py:91] [Actor] Actor Episodes = 961 | Actor Steps = 48050 | Delta Dist = 8.891 | Delta Dist 10 = 6.928 | Delta Dist 100 = 5.689 | Delta Dist 1000 = 4.952 | Episode Length = 50 | Episode Return = 0.0 | Evaluator Episodes = 239 | Evaluator Steps = 11950 | Final Dist = 2.422 | Final Dist 10 = 4.386 | Final Dist 100 = 5.625 | Final Dist 1000 = 6.362 | Init Dist = 11.314 | Init Dist 10 = 11.314 | Init Dist 100 = 11.314 | Init Dist 1000 = 11.314 | Learner Steps = 598 | Learner Walltime = 84.990 | Min Dist = 1.416 | Min Dist 10 = 1.483 | Min Dist 100 = 2.510 | Min Dist 1000 = 3.531 | Steps Per Second = 123.693 | Success = 0.000 | Success 1000 = 0.001
I0528 14:48:58.704668 22892418905664 terminal.py:91] [Actor] Actor Episodes = 967 | Actor Steps = 48350 | Delta Dist = 8.933 | Delta Dist 10 = 7.868 | Delta Dist 100 = 5.758 | Delta Dist 1000 = 4.965 | Episode Length = 50 | Episode Return = 0.0 | Evaluator Episodes = 242 | Evaluator Steps = 12100 | Final Dist = 2.380 | Final Dist 10 = 3.446 | Final Dist 100 = 5.555 | Final Dist 1000 = 6.349 | Init Dist = 11.314 | Init Dist 10 = 11.314 | Init Dist 100 = 11.314 | Init Dist 1000 = 11.314 | Learner Steps = 598 | Learner Walltime = 84.990 | Min Dist = 1.414 | Min Dist 10 = 1.551 | Min Dist 100 = 2.496 | Min Dist 1000 = 3.519 | Steps Per Second = 125.969 | Success = 0.000 | Success 1000 = 0.001
I0528 14:48:59.139893 22892421006912 terminal.py:91] [Actor] Actor Episodes = 972 | Actor Steps = 48600 | Delta Dist = 8.873 | Delta Dist 10 = 7.067 | Delta Dist 100 = 5.770 | Delta Dist 1000 = 4.969 | Episode Length = 50 | Episode Return = 0.0 | Evaluator Episodes = 242 | Evaluator Steps = 12100 | Final Dist = 2.441 | Final Dist 10 = 4.246 | Final Dist 100 = 5.544 | Final Dist 1000 = 6.345 | Init Dist = 11.314 | Init Dist 10 = 11.314 | Init Dist 100 = 11.314 | Init Dist 1000 = 11.314 | Learner Steps = 605 | Learner Walltime = 86.073 | Min Dist = 2.441 | Min Dist 10 = 1.517 | Min Dist 100 = 2.385 | Min Dist 1000 = 3.513 | Steps Per Second = 107.482 | Success = 0.000 | Success 1000 = 0.001
I0528 14:48:59.320842 22895222769216 terminal.py:91] [Evaluator] Actor Episodes = 975 | Actor Steps = 48750 | Delta Dist = 8.885 | Delta Dist 10 = 9.061 | Delta Dist 100 = 9.027 | Delta Dist 1000 = 7.204 | Episode Length = 50 | Episode Return = 0.0 | Evaluator Episodes = 245 | Evaluator Steps = 12250 | Final Dist = 2.429 | Final Dist 10 = 2.253 | Final Dist 100 = 2.287 | Final Dist 1000 = 4.110 | Init Dist = 11.314 | Init Dist 10 = 11.314 | Init Dist 100 = 11.314 | Init Dist 1000 = 11.314 | Learner Steps = 605 | Learner Walltime = 86.073 | Min Dist = 1.457 | Min Dist 10 = 1.412 | Min Dist 100 = 1.502 | Min Dist 1000 = 3.257 | Steps Per Second = 112.693 | Success = 0.000 | Success 1000 = 0.004
I0528 14:49:00.740952 22895222769216 terminal.py:91] [Evaluator] Actor Episodes = 987 | Actor Steps = 49350 | Delta Dist = 8.881 | Delta Dist 10 = 9.112 | Delta Dist 100 = 9.047 | Delta Dist 1000 = 7.229 | Episode Length = 50 | Episode Return = 0.0 | Evaluator Episodes = 248 | Evaluator Steps = 12400 | Final Dist = 2.433 | Final Dist 10 = 2.202 | Final Dist 100 = 2.267 | Final Dist 1000 = 4.085 | Init Dist = 11.314 | Init Dist 10 = 11.314 | Init Dist 100 = 11.314 | Init Dist 1000 = 11.314 | Learner Steps = 613 | Learner Walltime = 87.105 | Min Dist = 1.479 | Min Dist 10 = 1.387 | Min Dist 100 = 1.488 | Min Dist 1000 = 3.234 | Steps Per Second = 100.064 | Success = 0.000 | Success 1000 = 0.004
I0528 14:49:00.925427 22918293575232 savers.py:156] Saving checkpoint: /home/gliu2/rebuttal/checkpoints/contrastive_cpc_point_FourRooms_0/checkpoints/counter
WARNING:tensorflow:5 out of the last 5 calls to <function MultiDeviceSaver.save.<locals>.tf_function_save at 0x14d8b81e0f70> triggered tf.function retracing. Tracing is expensive and the excessive number of tracings could be due to (1) creating @tf.function repeatedly in a loop, (2) passing tensors with different shapes, (3) passing Python objects instead of tensors. For (1), please define your @tf.function outside of the loop. For (2), @tf.function has experimental_relax_shapes=True option that relaxes argument shapes that can avoid unnecessary retracing. For (3), please refer to https://www.tensorflow.org/guide/function#controlling_retracing and https://www.tensorflow.org/api_docs/python/tf/function for  more details.
W0528 14:49:01.055190 22918293575232 def_function.py:147] 5 out of the last 5 calls to <function MultiDeviceSaver.save.<locals>.tf_function_save at 0x14d8b81e0f70> triggered tf.function retracing. Tracing is expensive and the excessive number of tracings could be due to (1) creating @tf.function repeatedly in a loop, (2) passing tensors with different shapes, (3) passing Python objects instead of tensors. For (1), please define your @tf.function outside of the loop. For (2), @tf.function has experimental_relax_shapes=True option that relaxes argument shapes that can avoid unnecessary retracing. For (3), please refer to https://www.tensorflow.org/guide/function#controlling_retracing and https://www.tensorflow.org/api_docs/python/tf/function for  more details.
I0528 14:49:01.453840 22918291473984 lp_utils.py:96] StepsLimiter: Reached 49650 recorded steps
I0528 14:49:02.173335 22895222769216 terminal.py:91] [Evaluator] Actor Episodes = 999 | Actor Steps = 49950 | Delta Dist = 9.642 | Delta Dist 10 = 9.094 | Delta Dist 100 = 9.042 | Delta Dist 1000 = 7.248 | Episode Length = 50 | Episode Return = 0.0 | Evaluator Episodes = 251 | Evaluator Steps = 12550 | Final Dist = 1.672 | Final Dist 10 = 2.220 | Final Dist 100 = 2.272 | Final Dist 1000 = 4.066 | Init Dist = 11.314 | Init Dist 10 = 11.314 | Init Dist 100 = 11.314 | Init Dist 1000 = 11.314 | Learner Steps = 627 | Learner Walltime = 89.294 | Min Dist = 1.423 | Min Dist 10 = 1.392 | Min Dist 100 = 1.488 | Min Dist 1000 = 3.213 | Steps Per Second = 112.600 | Success = 0.000 | Success 1000 = 0.004
I0528 14:49:03.549526 22895222769216 terminal.py:91] [Evaluator] Actor Episodes = 1011 | Actor Steps = 50550 | Delta Dist = 9.771 | Delta Dist 10 = 9.241 | Delta Dist 100 = 9.061 | Delta Dist 1000 = 7.277 | Episode Length = 50 | Episode Return = 0.0 | Evaluator Episodes = 254 | Evaluator Steps = 12700 | Final Dist = 1.543 | Final Dist 10 = 2.073 | Final Dist 100 = 2.253 | Final Dist 1000 = 4.036 | Init Dist = 11.314 | Init Dist 10 = 11.314 | Init Dist 100 = 11.314 | Init Dist 1000 = 11.314 | Learner Steps = 635 | Learner Walltime = 90.410 | Min Dist = 1.478 | Min Dist 10 = 1.436 | Min Dist 100 = 1.488 | Min Dist 1000 = 3.192 | Steps Per Second = 112.165 | Success = 0.000 | Success 1000 = 0.004
I0528 14:49:03.872438 22863692109376 terminal.py:91] [Learner] Actor Episodes = 1005 | Actor Loss = 7.813708305358887 | Actor Steps = 50250 | Binary Accuracy = 0.9960265159606934 | Categorical Accuracy = 0.0819091796875 | Critic Loss = 4.277912139892578 | Entropy Mean = 1.232999563217163 | Evaluator Episodes = 251 | Evaluator Steps = 12550 | Learner Steps = 639 | Learner Walltime = 91.137 | Logits Neg = -15.818414688110352 | Logits Pos = -4.282763957977295 | Logsumexp = 0.48184072971343994 | Steps Per Second = 254.984
I0528 14:49:05.003609 22895222769216 terminal.py:91] [Evaluator] Actor Episodes = 1023 | Actor Steps = 51150 | Delta Dist = 8.871 | Delta Dist 10 = 9.331 | Delta Dist 100 = 9.085 | Delta Dist 1000 = 7.304 | Episode Length = 50 | Episode Return = 0.0 | Evaluator Episodes = 257 | Evaluator Steps = 12850 | Final Dist = 2.442 | Final Dist 10 = 1.983 | Final Dist 100 = 2.228 | Final Dist 1000 = 4.010 | Init Dist = 11.314 | Init Dist 10 = 11.314 | Init Dist 100 = 11.314 | Init Dist 1000 = 11.314 | Learner Steps = 641 | Learner Walltime = 91.487 | Min Dist = 1.280 | Min Dist 10 = 1.414 | Min Dist 100 = 1.473 | Min Dist 1000 = 3.171 | Steps Per Second = 100.495 | Success = 0.000 | Success 1000 = 0.004
I0528 14:49:06.016182 22895222769216 terminal.py:91] [Evaluator] Actor Episodes = 1032 | Actor Steps = 51600 | Delta Dist = 8.903 | Delta Dist 10 = 9.411 | Delta Dist 100 = 9.091 | Delta Dist 1000 = 7.320 | Episode Length = 50 | Episode Return = 0.0 | Evaluator Episodes = 259 | Evaluator Steps = 12950 | Final Dist = 2.411 | Final Dist 10 = 1.902 | Final Dist 100 = 2.223 | Final Dist 1000 = 3.994 | Init Dist = 11.314 | Init Dist 10 = 11.314 | Init Dist 100 = 11.314 | Init Dist 1000 = 11.314 | Learner Steps = 649 | Learner Walltime = 92.503 | Min Dist = 1.440 | Min Dist 10 = 1.404 | Min Dist 100 = 1.470 | Min Dist 1000 = 3.157 | Steps Per Second = 100.767 | Success = 0.000 | Success 1000 = 0.004
I0528 14:49:07.443103 22895222769216 terminal.py:91] [Evaluator] Actor Episodes = 1044 | Actor Steps = 52200 | Delta Dist = 9.816 | Delta Dist 10 = 9.457 | Delta Dist 100 = 9.090 | Delta Dist 1000 = 7.342 | Episode Length = 50 | Episode Return = 0.0 | Evaluator Episodes = 262 | Evaluator Steps = 13100 | Final Dist = 1.498 | Final Dist 10 = 1.856 | Final Dist 100 = 2.224 | Final Dist 1000 = 3.972 | Init Dist = 11.314 | Init Dist 10 = 11.314 | Init Dist 100 = 11.314 | Init Dist 1000 = 11.314 | Learner Steps = 658 | Learner Walltime = 93.836 | Min Dist = 1.476 | Min Dist 10 = 1.392 | Min Dist 100 = 1.468 | Min Dist 1000 = 3.136 | Steps Per Second = 115.725 | Success = 0.000 | Success 1000 = 0.004
I0528 14:49:08.288707 22892391589440 terminal.py:91] [Actor] Actor Episodes = 1053 | Actor Steps = 52650 | Delta Dist = 1.670 | Delta Dist 10 = 6.302 | Delta Dist 100 = 6.707 | Delta Dist 1000 = 5.274 | Episode Length = 50 | Episode Return = 0.0 | Evaluator Episodes = 262 | Evaluator Steps = 13100 | Final Dist = 9.644 | Final Dist 10 = 5.012 | Final Dist 100 = 4.607 | Final Dist 1000 = 6.039 | Init Dist = 11.314 | Init Dist 10 = 11.314 | Init Dist 100 = 11.314 | Init Dist 1000 = 11.314 | Learner Steps = 666 | Learner Walltime = 94.905 | Min Dist = 1.297 | Min Dist 10 = 4.402 | Min Dist 100 = 2.103 | Min Dist 1000 = 3.214 | Steps Per Second = 122.432 | Success = 0.000 | Success 1000 = 0.001
I0528 14:49:08.332880 22892410500672 terminal.py:91] [Actor] Actor Episodes = 1046 | Actor Steps = 52300 | Delta Dist = 9.061 | Delta Dist 10 = 6.345 | Delta Dist 100 = 6.766 | Delta Dist 1000 = 5.284 | Episode Length = 50 | Episode Return = 0.0 | Evaluator Episodes = 259 | Evaluator Steps = 12950 | Final Dist = 2.253 | Final Dist 10 = 4.992 | Final Dist 100 = 4.614 | Final Dist 1000 = 6.033 | Init Dist = 11.314 | Init Dist 10 = 11.314 | Init Dist 100 = 11.314 | Init Dist 1000 = 11.314 | Learner Steps = 658 | Learner Walltime = 93.836 | Min Dist = 1.289 | Min Dist 10 = 4.370 | Min Dist 100 = 2.100 | Min Dist 1000 = 3.206 | Steps Per Second = 100.863 | Success = 0.000 | Success 1000 = 0.001
I0528 14:49:08.790460 22892418905664 terminal.py:91] [Actor] Actor Episodes = 1052 | Actor Steps = 52600 | Delta Dist = 9.733 | Delta Dist 10 = 7.348 | Delta Dist 100 = 6.838 | Delta Dist 1000 = 5.299 | Episode Length = 50 | Episode Return = 0.0 | Evaluator Episodes = 262 | Evaluator Steps = 13100 | Final Dist = 1.581 | Final Dist 10 = 3.965 | Final Dist 100 = 4.475 | Final Dist 1000 = 6.015 | Init Dist = 11.314 | Init Dist 10 = 11.314 | Init Dist 100 = 11.314 | Init Dist 1000 = 11.314 | Learner Steps = 666 | Learner Walltime = 94.905 | Min Dist = 1.546 | Min Dist 10 = 3.147 | Min Dist 100 = 2.166 | Min Dist 1000 = 3.198 | Steps Per Second = 109.908 | Success = 0.000 | Success 1000 = 0.001
I0528 14:49:08.866172 22895222769216 terminal.py:91] [Evaluator] Actor Episodes = 1058 | Actor Steps = 52900 | Delta Dist = 9.735 | Delta Dist 10 = 9.273 | Delta Dist 100 = 9.098 | Delta Dist 1000 = 7.362 | Episode Length = 50 | Episode Return = 0.0 | Evaluator Episodes = 265 | Evaluator Steps = 13250 | Final Dist = 1.579 | Final Dist 10 = 2.041 | Final Dist 100 = 2.215 | Final Dist 1000 = 3.951 | Init Dist = 11.314 | Init Dist 10 = 11.314 | Init Dist 100 = 11.314 | Init Dist 1000 = 11.314 | Learner Steps = 673 | Learner Walltime = 96.131 | Min Dist = 1.500 | Min Dist 10 = 1.377 | Min Dist 100 = 1.465 | Min Dist 1000 = 3.117 | Steps Per Second = 106.018 | Success = 0.000 | Success 1000 = 0.004
I0528 14:49:09.149435 22892421006912 terminal.py:91] [Actor] Actor Episodes = 1056 | Actor Steps = 52800 | Delta Dist = 9.722 | Delta Dist 10 = 5.947 | Delta Dist 100 = 6.764 | Delta Dist 1000 = 5.299 | Episode Length = 50 | Episode Return = 0.0 | Evaluator Episodes = 262 | Evaluator Steps = 13100 | Final Dist = 1.592 | Final Dist 10 = 5.367 | Final Dist 100 = 4.550 | Final Dist 1000 = 6.015 | Init Dist = 11.314 | Init Dist 10 = 11.314 | Init Dist 100 = 11.314 | Init Dist 1000 = 11.314 | Learner Steps = 666 | Learner Walltime = 94.905 | Min Dist = 1.303 | Min Dist 10 = 3.802 | Min Dist 100 = 2.235 | Min Dist 1000 = 3.191 | Steps Per Second = 110.012 | Success = 0.000 | Success 1000 = 0.001
I0528 14:49:09.910932 22895222769216 terminal.py:91] [Evaluator] Actor Episodes = 1064 | Actor Steps = 53200 | Delta Dist = 8.872 | Delta Dist 10 = 9.338 | Delta Dist 100 = 9.121 | Delta Dist 1000 = 7.380 | Episode Length = 50 | Episode Return = 0.0 | Evaluator Episodes = 267 | Evaluator Steps = 13350 | Final Dist = 2.442 | Final Dist 10 = 1.976 | Final Dist 100 = 2.193 | Final Dist 1000 = 3.934 | Init Dist = 11.314 | Init Dist 10 = 11.314 | Init Dist 100 = 11.314 | Init Dist 1000 = 11.314 | Learner Steps = 680 | Learner Walltime = 97.161 | Min Dist = 1.484 | Min Dist 10 = 1.414 | Min Dist 100 = 1.453 | Min Dist 1000 = 3.105 | Steps Per Second = 98.682 | Success = 0.000 | Success 1000 = 0.004
I0528 14:49:11.437661 22895222769216 terminal.py:91] [Evaluator] Actor Episodes = 1075 | Actor Steps = 53750 | Delta Dist = 9.086 | Delta Dist 10 = 9.434 | Delta Dist 100 = 9.129 | Delta Dist 1000 = 7.404 | Episode Length = 50 | Episode Return = 0.0 | Evaluator Episodes = 270 | Evaluator Steps = 13500 | Final Dist = 2.228 | Final Dist 10 = 1.880 | Final Dist 100 = 2.185 | Final Dist 1000 = 3.910 | Init Dist = 11.314 | Init Dist 10 = 11.314 | Init Dist 100 = 11.314 | Init Dist 1000 = 11.314 | Learner Steps = 687 | Learner Walltime = 98.184 | Min Dist = 1.294 | Min Dist 10 = 1.428 | Min Dist 100 = 1.453 | Min Dist 1000 = 3.086 | Steps Per Second = 92.787 | Success = 0.000 | Success 1000 = 0.004
I0528 14:49:11.466964 22918291473984 lp_utils.py:96] StepsLimiter: Reached 53900 recorded steps
I0528 14:49:12.866324 22895222769216 terminal.py:91] [Evaluator] Actor Episodes = 1089 | Actor Steps = 54450 | Delta Dist = 9.832 | Delta Dist 10 = 9.460 | Delta Dist 100 = 9.136 | Delta Dist 1000 = 7.429 | Episode Length = 50 | Episode Return = 0.0 | Evaluator Episodes = 273 | Evaluator Steps = 13650 | Final Dist = 1.482 | Final Dist 10 = 1.854 | Final Dist 100 = 2.178 | Final Dist 1000 = 3.885 | Init Dist = 11.314 | Init Dist 10 = 11.314 | Init Dist 100 = 11.314 | Init Dist 1000 = 11.314 | Learner Steps = 694 | Learner Walltime = 99.377 | Min Dist = 1.404 | Min Dist 10 = 1.397 | Min Dist 100 = 1.448 | Min Dist 1000 = 3.066 | Steps Per Second = 101.973 | Success = 0.000 | Success 1000 = 0.004
I0528 14:49:13.880032 22863692109376 terminal.py:91] [Learner] Actor Episodes = 1092 | Actor Loss = 7.565156936645508 | Actor Steps = 54600 | Binary Accuracy = 0.9960668087005615 | Categorical Accuracy = 0.08868408203125 | Critic Loss = 4.2538347244262695 | Entropy Mean = 12.224796295166016 | Evaluator Episodes = 273 | Evaluator Steps = 13650 | Learner Steps = 706 | Learner Walltime = 101.144 | Logits Neg = -15.459300994873047 | Logits Pos = -4.235481262207031 | Logsumexp = 0.4111417531967163 | Steps Per Second = 776.117
I0528 14:49:14.322856 22895222769216 terminal.py:91] [Evaluator] Actor Episodes = 1103 | Actor Steps = 55150 | Delta Dist = 9.070 | Delta Dist 10 = 9.480 | Delta Dist 100 = 9.137 | Delta Dist 1000 = 7.448 | Episode Length = 50 | Episode Return = 0.0 | Evaluator Episodes = 276 | Evaluator Steps = 13800 | Final Dist = 2.244 | Final Dist 10 = 1.834 | Final Dist 100 = 2.177 | Final Dist 1000 = 3.866 | Init Dist = 11.314 | Init Dist 10 = 11.314 | Init Dist 100 = 11.314 | Init Dist 1000 = 11.314 | Learner Steps = 708 | Learner Walltime = 101.542 | Min Dist = 1.281 | Min Dist 10 = 1.370 | Min Dist 100 = 1.445 | Min Dist 1000 = 3.048 | Steps Per Second = 108.056 | Success = 0.000 | Success 1000 = 0.004
I0528 14:49:15.341506 22895222769216 terminal.py:91] [Evaluator] Actor Episodes = 1113 | Actor Steps = 55650 | Delta Dist = 10.374 | Delta Dist 10 = 9.557 | Delta Dist 100 = 9.146 | Delta Dist 1000 = 7.464 | Episode Length = 50 | Episode Return = 14.0 | Evaluator Episodes = 278 | Evaluator Steps = 13900 | Final Dist = 0.940 | Final Dist 10 = 1.757 | Final Dist 100 = 2.167 | Final Dist 1000 = 3.850 | Init Dist = 11.314 | Init Dist 10 = 11.314 | Init Dist 100 = 11.314 | Init Dist 1000 = 11.314 | Learner Steps = 715 | Learner Walltime = 102.555 | Min Dist = 0.876 | Min Dist 10 = 1.309 | Min Dist 100 = 1.439 | Min Dist 1000 = 3.034 | Steps Per Second = 104.053 | Success = 1.000 | Success 1000 = 0.004
I0528 14:49:16.754735 22895222769216 terminal.py:91] [Evaluator] Actor Episodes = 1124 | Actor Steps = 56200 | Delta Dist = 9.068 | Delta Dist 10 = 9.652 | Delta Dist 100 = 9.170 | Delta Dist 1000 = 7.490 | Episode Length = 50 | Episode Return = 0.0 | Evaluator Episodes = 281 | Evaluator Steps = 14050 | Final Dist = 2.245 | Final Dist 10 = 1.662 | Final Dist 100 = 2.144 | Final Dist 1000 = 3.823 | Init Dist = 11.314 | Init Dist 10 = 11.314 | Init Dist 100 = 11.314 | Init Dist 1000 = 11.314 | Learner Steps = 722 | Learner Walltime = 103.596 | Min Dist = 1.250 | Min Dist 10 = 1.199 | Min Dist 100 = 1.427 | Min Dist 1000 = 3.012 | Steps Per Second = 97.180 | Success = 0.000 | Success 1000 = 0.011
I0528 14:49:18.176157 22895222769216 terminal.py:91] [Evaluator] Actor Episodes = 1135 | Actor Steps = 56750 | Delta Dist = 9.843 | Delta Dist 10 = 9.584 | Delta Dist 100 = 9.184 | Delta Dist 1000 = 7.513 | Episode Length = 50 | Episode Return = 0.0 | Evaluator Episodes = 284 | Evaluator Steps = 14200 | Final Dist = 1.471 | Final Dist 10 = 1.729 | Final Dist 100 = 2.130 | Final Dist 1000 = 3.800 | Init Dist = 11.314 | Init Dist 10 = 11.314 | Init Dist 100 = 11.314 | Init Dist 1000 = 11.314 | Learner Steps = 729 | Learner Walltime = 104.600 | Min Dist = 1.471 | Min Dist 10 = 1.192 | Min Dist 100 = 1.422 | Min Dist 1000 = 2.994 | Steps Per Second = 101.757 | Success = 0.000 | Success 1000 = 0.011
I0528 14:49:18.370609 22892391589440 terminal.py:91] [Actor] Actor Episodes = 1133 | Actor Steps = 56650 | Delta Dist = 8.894 | Delta Dist 10 = 8.456 | Delta Dist 100 = 6.916 | Delta Dist 1000 = 5.691 | Episode Length = 50 | Episode Return = 0.0 | Evaluator Episodes = 281 | Evaluator Steps = 14050 | Final Dist = 2.419 | Final Dist 10 = 2.858 | Final Dist 100 = 4.398 | Final Dist 1000 = 5.622 | Init Dist = 11.314 | Init Dist 10 = 11.314 | Init Dist 100 = 11.314 | Init Dist 1000 = 11.314 | Learner Steps = 729 | Learner Walltime = 104.600 | Min Dist = 1.363 | Min Dist 10 = 1.478 | Min Dist 100 = 1.835 | Min Dist 1000 = 2.756 | Steps Per Second = 100.661 | Success = 0.000 | Success 1000 = 0.010
I0528 14:49:18.516256 22892410500672 terminal.py:91] [Actor] Actor Episodes = 1131 | Actor Steps = 56550 | Delta Dist = 9.836 | Delta Dist 10 = 7.501 | Delta Dist 100 = 6.954 | Delta Dist 1000 = 5.700 | Episode Length = 50 | Episode Return = 0.0 | Evaluator Episodes = 281 | Evaluator Steps = 14050 | Final Dist = 1.477 | Final Dist 10 = 3.813 | Final Dist 100 = 4.359 | Final Dist 1000 = 5.614 | Init Dist = 11.314 | Init Dist 10 = 11.314 | Init Dist 100 = 11.314 | Init Dist 1000 = 11.314 | Learner Steps = 729 | Learner Walltime = 104.600 | Min Dist = 1.477 | Min Dist 10 = 1.478 | Min Dist 100 = 1.837 | Min Dist 1000 = 2.740 | Steps Per Second = 116.253 | Success = 0.000 | Success 1000 = 0.010
I0528 14:49:18.913150 22892418905664 terminal.py:91] [Actor] Actor Episodes = 1139 | Actor Steps = 56950 | Delta Dist = 9.830 | Delta Dist 10 = 6.691 | Delta Dist 100 = 6.877 | Delta Dist 1000 = 5.709 | Episode Length = 50 | Episode Return = 0.0 | Evaluator Episodes = 284 | Evaluator Steps = 14200 | Final Dist = 1.483 | Final Dist 10 = 4.623 | Final Dist 100 = 4.437 | Final Dist 1000 = 5.604 | Init Dist = 11.314 | Init Dist 10 = 11.314 | Init Dist 100 = 11.314 | Init Dist 1000 = 11.314 | Learner Steps = 729 | Learner Walltime = 104.600 | Min Dist = 1.432 | Min Dist 10 = 1.523 | Min Dist 100 = 1.839 | Min Dist 1000 = 2.727 | Steps Per Second = 107.512 | Success = 0.000 | Success 1000 = 0.010
I0528 14:49:19.441200 22892421006912 terminal.py:91] [Actor] Actor Episodes = 1146 | Actor Steps = 57300 | Delta Dist = 10.032 | Delta Dist 10 = 7.921 | Delta Dist 100 = 7.053 | Delta Dist 1000 = 5.748 | Episode Length = 50 | Episode Return = 3.0 | Evaluator Episodes = 284 | Evaluator Steps = 14200 | Final Dist = 1.282 | Final Dist 10 = 3.393 | Final Dist 100 = 4.260 | Final Dist 1000 = 5.566 | Init Dist = 11.314 | Init Dist 10 = 11.314 | Init Dist 100 = 11.314 | Init Dist 1000 = 11.314 | Learner Steps = 736 | Learner Walltime = 105.792 | Min Dist = 1.282 | Min Dist 10 = 1.363 | Min Dist 100 = 1.672 | Min Dist 1000 = 2.693 | Steps Per Second = 97.893 | Success = 0.000 | Success 1000 = 0.011
I0528 14:49:19.543143 22895222769216 terminal.py:91] [Evaluator] Actor Episodes = 1146 | Actor Steps = 57300 | Delta Dist = 9.019 | Delta Dist 10 = 9.659 | Delta Dist 100 = 9.187 | Delta Dist 1000 = 7.531 | Episode Length = 50 | Episode Return = 0.0 | Evaluator Episodes = 287 | Evaluator Steps = 14350 | Final Dist = 2.294 | Final Dist 10 = 1.655 | Final Dist 100 = 2.127 | Final Dist 1000 = 3.783 | Init Dist = 11.314 | Init Dist 10 = 11.314 | Init Dist 100 = 11.314 | Init Dist 1000 = 11.314 | Learner Steps = 743 | Learner Walltime = 106.809 | Min Dist = 1.341 | Min Dist 10 = 1.230 | Min Dist 100 = 1.422 | Min Dist 1000 = 2.978 | Steps Per Second = 111.160 | Success = 0.000 | Success 1000 = 0.010
I0528 14:49:21.044346 22895222769216 terminal.py:91] [Evaluator] Actor Episodes = 1158 | Actor Steps = 57900 | Delta Dist = 9.165 | Delta Dist 10 = 9.359 | Delta Dist 100 = 9.194 | Delta Dist 1000 = 7.547 | Episode Length = 50 | Episode Return = 0.0 | Evaluator Episodes = 290 | Evaluator Steps = 14500 | Final Dist = 2.149 | Final Dist 10 = 1.955 | Final Dist 100 = 2.120 | Final Dist 1000 = 3.767 | Init Dist = 11.314 | Init Dist 10 = 11.314 | Init Dist 100 = 11.314 | Init Dist 1000 = 11.314 | Learner Steps = 750 | Learner Walltime = 107.823 | Min Dist = 1.012 | Min Dist 10 = 1.354 | Min Dist 100 = 1.416 | Min Dist 1000 = 2.960 | Steps Per Second = 89.084 | Success = 0.000 | Success 1000 = 0.010
I0528 14:49:21.488549 22918291473984 lp_utils.py:96] StepsLimiter: Reached 58050 recorded steps
I0528 14:49:22.455845 22895222769216 terminal.py:91] [Evaluator] Actor Episodes = 1170 | Actor Steps = 58500 | Delta Dist = 10.240 | Delta Dist 10 = 9.262 | Delta Dist 100 = 9.189 | Delta Dist 1000 = 7.564 | Episode Length = 50 | Episode Return = 0.0 | Evaluator Episodes = 293 | Evaluator Steps = 14650 | Final Dist = 1.074 | Final Dist 10 = 2.052 | Final Dist 100 = 2.125 | Final Dist 1000 = 3.749 | Init Dist = 11.314 | Init Dist 10 = 11.314 | Init Dist 100 = 11.314 | Init Dist 1000 = 11.314 | Learner Steps = 757 | Learner Walltime = 108.890 | Min Dist = 1.021 | Min Dist 10 = 1.242 | Min Dist 100 = 1.401 | Min Dist 1000 = 2.940 | Steps Per Second = 109.310 | Success = 0.000 | Success 1000 = 0.014
I0528 14:49:23.733351 22895222769216 terminal.py:91] [Evaluator] Actor Episodes = 1182 | Actor Steps = 59100 | Delta Dist = 10.017 | Delta Dist 10 = 9.301 | Delta Dist 100 = 9.209 | Delta Dist 1000 = 7.586 | Episode Length = 50 | Episode Return = 0.0 | Evaluator Episodes = 296 | Evaluator Steps = 14800 | Final Dist = 1.297 | Final Dist 10 = 2.013 | Final Dist 100 = 2.105 | Final Dist 1000 = 3.727 | Init Dist = 11.314 | Init Dist 10 = 11.314 | Init Dist 100 = 11.314 | Init Dist 1000 = 11.314 | Learner Steps = 764 | Learner Walltime = 109.958 | Min Dist = 1.297 | Min Dist 10 = 1.175 | Min Dist 100 = 1.390 | Min Dist 1000 = 2.922 | Steps Per Second = 120.838 | Success = 0.000 | Success 1000 = 0.017
I0528 14:49:24.035300 22863692109376 terminal.py:91] [Learner] Actor Episodes = 1182 | Actor Loss = 7.365949630737305 | Actor Steps = 59100 | Binary Accuracy = 0.996070146560669 | Categorical Accuracy = 0.07977294921875 | Critic Loss = 4.284643650054932 | Entropy Mean = 2.6352052688598633 | Evaluator Episodes = 296 | Evaluator Steps = 14800 | Learner Steps = 773 | Learner Walltime = 111.308 | Logits Neg = -15.050088882446289 | Logits Pos = -4.279561996459961 | Logsumexp = 0.3355557918548584 | Steps Per Second = 242.632
I0528 14:49:25.183989 22895222769216 terminal.py:91] [Evaluator] Actor Episodes = 1194 | Actor Steps = 59700 | Delta Dist = 9.122 | Delta Dist 10 = 9.480 | Delta Dist 100 = 9.234 | Delta Dist 1000 = 7.607 | Episode Length = 50 | Episode Return = 0.0 | Evaluator Episodes = 299 | Evaluator Steps = 14950 | Final Dist = 2.192 | Final Dist 10 = 1.834 | Final Dist 100 = 2.080 | Final Dist 1000 = 3.707 | Init Dist = 11.314 | Init Dist 10 = 11.314 | Init Dist 100 = 11.314 | Init Dist 1000 = 11.314 | Learner Steps = 779 | Learner Walltime = 112.237 | Min Dist = 1.246 | Min Dist 10 = 1.144 | Min Dist 100 = 1.381 | Min Dist 1000 = 2.905 | Steps Per Second = 107.757 | Success = 0.000 | Success 1000 = 0.017
I0528 14:49:26.540364 22895222769216 terminal.py:91] [Evaluator] Actor Episodes = 1206 | Actor Steps = 60300 | Delta Dist = 9.298 | Delta Dist 10 = 9.462 | Delta Dist 100 = 9.238 | Delta Dist 1000 = 7.622 | Episode Length = 50 | Episode Return = 0.0 | Evaluator Episodes = 302 | Evaluator Steps = 15100 | Final Dist = 2.016 | Final Dist 10 = 1.851 | Final Dist 100 = 2.075 | Final Dist 1000 = 3.692 | Init Dist = 11.314 | Init Dist 10 = 11.314 | Init Dist 100 = 11.314 | Init Dist 1000 = 11.314 | Learner Steps = 787 | Learner Walltime = 113.292 | Min Dist = 1.024 | Min Dist 10 = 1.175 | Min Dist 100 = 1.374 | Min Dist 1000 = 2.888 | Steps Per Second = 110.918 | Success = 0.000 | Success 1000 = 0.017
I0528 14:49:27.881971 22895222769216 terminal.py:91] [Evaluator] Actor Episodes = 1218 | Actor Steps = 60900 | Delta Dist = 10.198 | Delta Dist 10 = 9.488 | Delta Dist 100 = 9.264 | Delta Dist 1000 = 7.644 | Episode Length = 50 | Episode Return = 0.0 | Evaluator Episodes = 305 | Evaluator Steps = 15250 | Final Dist = 1.116 | Final Dist 10 = 1.825 | Final Dist 100 = 2.050 | Final Dist 1000 = 3.670 | Init Dist = 11.314 | Init Dist 10 = 11.314 | Init Dist 100 = 11.314 | Init Dist 1000 = 11.314 | Learner Steps = 794 | Learner Walltime = 114.298 | Min Dist = 1.097 | Min Dist 10 = 1.178 | Min Dist 100 = 1.366 | Min Dist 1000 = 2.871 | Steps Per Second = 101.028 | Success = 0.000 | Success 1000 = 0.016
I0528 14:49:28.487922 22892391589440 terminal.py:91] [Actor] Actor Episodes = 1224 | Actor Steps = 61200 | Delta Dist = 9.067 | Delta Dist 10 = 4.768 | Delta Dist 100 = 6.196 | Delta Dist 1000 = 5.948 | Episode Length = 50 | Episode Return = 0.0 | Evaluator Episodes = 305 | Evaluator Steps = 15250 | Final Dist = 2.247 | Final Dist 10 = 6.546 | Final Dist 100 = 5.118 | Final Dist 1000 = 5.366 | Init Dist = 11.314 | Init Dist 10 = 11.314 | Init Dist 100 = 11.314 | Init Dist 1000 = 11.314 | Learner Steps = 801 | Learner Walltime = 115.446 | Min Dist = 1.222 | Min Dist 10 = 3.330 | Min Dist 100 = 1.976 | Min Dist 1000 = 2.374 | Steps Per Second = 109.102 | Success = 0.000 | Success 1000 = 0.016
I0528 14:49:28.530643 22892410500672 terminal.py:91] [Actor] Actor Episodes = 1227 | Actor Steps = 61350 | Delta Dist = 0.460 | Delta Dist 10 = 4.772 | Delta Dist 100 = 6.199 | Delta Dist 1000 = 5.951 | Episode Length = 50 | Episode Return = 0.0 | Evaluator Episodes = 305 | Evaluator Steps = 15250 | Final Dist = 10.854 | Final Dist 10 = 6.542 | Final Dist 100 = 5.115 | Final Dist 1000 = 5.362 | Init Dist = 11.314 | Init Dist 10 = 11.314 | Init Dist 100 = 11.314 | Init Dist 1000 = 11.314 | Learner Steps = 801 | Learner Walltime = 115.446 | Min Dist = 1.272 | Min Dist 10 = 3.324 | Min Dist 100 = 1.974 | Min Dist 1000 = 2.370 | Steps Per Second = 122.877 | Success = 0.000 | Success 1000 = 0.016
I0528 14:49:29.093452 22892418905664 terminal.py:91] [Actor] Actor Episodes = 1223 | Actor Steps = 61150 | Delta Dist = 9.832 | Delta Dist 10 = 5.648 | Delta Dist 100 = 6.113 | Delta Dist 1000 = 5.968 | Episode Length = 50 | Episode Return = 0.0 | Evaluator Episodes = 305 | Evaluator Steps = 15250 | Final Dist = 1.482 | Final Dist 10 = 5.666 | Final Dist 100 = 5.201 | Final Dist 1000 = 5.345 | Init Dist = 11.314 | Init Dist 10 = 11.314 | Init Dist 100 = 11.314 | Init Dist 1000 = 11.314 | Learner Steps = 794 | Learner Walltime = 114.298 | Min Dist = 1.298 | Min Dist 10 = 3.351 | Min Dist 100 = 2.068 | Min Dist 1000 = 2.358 | Steps Per Second = 108.228 | Success = 0.000 | Success 1000 = 0.016
I0528 14:49:29.358192 22895222769216 terminal.py:91] [Evaluator] Actor Episodes = 1230 | Actor Steps = 61500 | Delta Dist = 9.799 | Delta Dist 10 = 9.618 | Delta Dist 100 = 9.302 | Delta Dist 1000 = 7.668 | Episode Length = 50 | Episode Return = 0.0 | Evaluator Episodes = 308 | Evaluator Steps = 15400 | Final Dist = 1.515 | Final Dist 10 = 1.696 | Final Dist 100 = 2.011 | Final Dist 1000 = 3.646 | Init Dist = 11.314 | Init Dist 10 = 11.314 | Init Dist 100 = 11.314 | Init Dist 1000 = 11.314 | Learner Steps = 809 | Learner Walltime = 116.509 | Min Dist = 1.487 | Min Dist 10 = 1.177 | Min Dist 100 = 1.355 | Min Dist 1000 = 2.854 | Steps Per Second = 99.670 | Success = 0.000 | Success 1000 = 0.016
I0528 14:49:29.540479 22892421006912 terminal.py:91] [Actor] Actor Episodes = 1231 | Actor Steps = 61550 | Delta Dist = 9.849 | Delta Dist 10 = 6.213 | Delta Dist 100 = 5.960 | Delta Dist 1000 = 5.964 | Episode Length = 50 | Episode Return = 0.0 | Evaluator Episodes = 305 | Evaluator Steps = 15250 | Final Dist = 1.464 | Final Dist 10 = 5.101 | Final Dist 100 = 5.354 | Final Dist 1000 = 5.350 | Init Dist = 11.314 | Init Dist 10 = 11.314 | Init Dist 100 = 11.314 | Init Dist 1000 = 11.314 | Learner Steps = 801 | Learner Walltime = 115.446 | Min Dist = 1.412 | Min Dist 10 = 3.310 | Min Dist 100 = 2.170 | Min Dist 1000 = 2.357 | Steps Per Second = 110.440 | Success = 0.000 | Success 1000 = 0.016
I0528 14:49:30.733189 22895222769216 terminal.py:91] [Evaluator] Actor Episodes = 1242 | Actor Steps = 62100 | Delta Dist = 9.837 | Delta Dist 10 = 9.721 | Delta Dist 100 = 9.322 | Delta Dist 1000 = 7.685 | Episode Length = 50 | Episode Return = 0.0 | Evaluator Episodes = 311 | Evaluator Steps = 15550 | Final Dist = 1.477 | Final Dist 10 = 1.593 | Final Dist 100 = 1.992 | Final Dist 1000 = 3.628 | Init Dist = 11.314 | Init Dist 10 = 11.314 | Init Dist 100 = 11.314 | Init Dist 1000 = 11.314 | Learner Steps = 816 | Learner Walltime = 117.551 | Min Dist = 1.433 | Min Dist 10 = 1.241 | Min Dist 100 = 1.353 | Min Dist 1000 = 2.840 | Steps Per Second = 107.402 | Success = 0.000 | Success 1000 = 0.016
I0528 14:49:31.506486 22918291473984 lp_utils.py:96] StepsLimiter: Reached 62550 recorded steps
I0528 14:49:32.051254 22895222769216 terminal.py:91] [Evaluator] Actor Episodes = 1254 | Actor Steps = 62700 | Delta Dist = 8.899 | Delta Dist 10 = 9.734 | Delta Dist 100 = 9.336 | Delta Dist 1000 = 7.703 | Episode Length = 50 | Episode Return = 0.0 | Evaluator Episodes = 314 | Evaluator Steps = 15700 | Final Dist = 2.414 | Final Dist 10 = 1.580 | Final Dist 100 = 1.977 | Final Dist 1000 = 3.611 | Init Dist = 11.314 | Init Dist 10 = 11.314 | Init Dist 100 = 11.314 | Init Dist 1000 = 11.314 | Learner Steps = 823 | Learner Walltime = 118.660 | Min Dist = 1.439 | Min Dist 10 = 1.312 | Min Dist 100 = 1.352 | Min Dist 1000 = 2.827 | Steps Per Second = 105.316 | Success = 0.000 | Success 1000 = 0.016
I0528 14:49:33.398888 22895222769216 terminal.py:91] [Evaluator] Actor Episodes = 1266 | Actor Steps = 63300 | Delta Dist = 9.713 | Delta Dist 10 = 9.546 | Delta Dist 100 = 9.358 | Delta Dist 1000 = 7.720 | Episode Length = 50 | Episode Return = 0.0 | Evaluator Episodes = 317 | Evaluator Steps = 15850 | Final Dist = 1.601 | Final Dist 10 = 1.767 | Final Dist 100 = 1.956 | Final Dist 1000 = 3.594 | Init Dist = 11.314 | Init Dist 10 = 11.314 | Init Dist 100 = 11.314 | Init Dist 1000 = 11.314 | Learner Steps = 832 | Learner Walltime = 119.767 | Min Dist = 1.460 | Min Dist 10 = 1.388 | Min Dist 100 = 1.348 | Min Dist 1000 = 2.813 | Steps Per Second = 110.687 | Success = 0.000 | Success 1000 = 0.016
I0528 14:49:33.907160 22897759475264 savers.py:156] Saving checkpoint: /home/gliu2/rebuttal/checkpoints/contrastive_cpc_point_FourRooms_0/checkpoints/learner
WARNING:tensorflow:6 out of the last 6 calls to <function MultiDeviceSaver.save.<locals>.tf_function_save at 0x14d8b81e0a60> triggered tf.function retracing. Tracing is expensive and the excessive number of tracings could be due to (1) creating @tf.function repeatedly in a loop, (2) passing tensors with different shapes, (3) passing Python objects instead of tensors. For (1), please define your @tf.function outside of the loop. For (2), @tf.function has experimental_relax_shapes=True option that relaxes argument shapes that can avoid unnecessary retracing. For (3), please refer to https://www.tensorflow.org/guide/function#controlling_retracing and https://www.tensorflow.org/api_docs/python/tf/function for  more details.
W0528 14:49:34.187126 22897759475264 def_function.py:147] 6 out of the last 6 calls to <function MultiDeviceSaver.save.<locals>.tf_function_save at 0x14d8b81e0a60> triggered tf.function retracing. Tracing is expensive and the excessive number of tracings could be due to (1) creating @tf.function repeatedly in a loop, (2) passing tensors with different shapes, (3) passing Python objects instead of tensors. For (1), please define your @tf.function outside of the loop. For (2), @tf.function has experimental_relax_shapes=True option that relaxes argument shapes that can avoid unnecessary retracing. For (3), please refer to https://www.tensorflow.org/guide/function#controlling_retracing and https://www.tensorflow.org/api_docs/python/tf/function for  more details.
I0528 14:49:34.261618 22863692109376 terminal.py:91] [Learner] Actor Episodes = 1266 | Actor Loss = 7.271082878112793 | Actor Steps = 63300 | Binary Accuracy = 0.9960792064666748 | Categorical Accuracy = 0.0826416015625 | Critic Loss = 4.269272804260254 | Entropy Mean = -14.392967224121094 | Evaluator Episodes = 317 | Evaluator Steps = 15850 | Learner Steps = 842 | Learner Walltime = 121.527 | Logits Neg = -14.778251647949219 | Logits Pos = -4.2638840675354 | Logsumexp = 0.3038177490234375 | Steps Per Second = 186.853
I0528 14:49:34.852758 22895222769216 terminal.py:91] [Evaluator] Actor Episodes = 1278 | Actor Steps = 63900 | Delta Dist = 10.134 | Delta Dist 10 = 9.404 | Delta Dist 100 = 9.367 | Delta Dist 1000 = 7.736 | Episode Length = 50 | Episode Return = 0.0 | Evaluator Episodes = 320 | Evaluator Steps = 16000 | Final Dist = 1.180 | Final Dist 10 = 1.909 | Final Dist 100 = 1.947 | Final Dist 1000 = 3.578 | Init Dist = 11.314 | Init Dist 10 = 11.314 | Init Dist 100 = 11.314 | Init Dist 1000 = 11.314 | Learner Steps = 846 | Learner Walltime = 122.047 | Min Dist = 1.176 | Min Dist 10 = 1.426 | Min Dist 100 = 1.349 | Min Dist 1000 = 2.800 | Steps Per Second = 101.164 | Success = 0.000 | Success 1000 = 0.016
I0528 14:49:36.313655 22895222769216 terminal.py:91] [Evaluator] Actor Episodes = 1290 | Actor Steps = 64500 | Delta Dist = 9.807 | Delta Dist 10 = 9.438 | Delta Dist 100 = 9.387 | Delta Dist 1000 = 7.753 | Episode Length = 50 | Episode Return = 0.0 | Evaluator Episodes = 323 | Evaluator Steps = 16150 | Final Dist = 1.507 | Final Dist 10 = 1.876 | Final Dist 100 = 1.927 | Final Dist 1000 = 3.560 | Init Dist = 11.314 | Init Dist 10 = 11.314 | Init Dist 100 = 11.314 | Init Dist 1000 = 11.314 | Learner Steps = 854 | Learner Walltime = 123.224 | Min Dist = 1.410 | Min Dist 10 = 1.400 | Min Dist 100 = 1.345 | Min Dist 1000 = 2.787 | Steps Per Second = 108.258 | Success = 0.000 | Success 1000 = 0.016
I0528 14:49:37.683064 22895222769216 terminal.py:91] [Evaluator] Actor Episodes = 1302 | Actor Steps = 65100 | Delta Dist = 9.835 | Delta Dist 10 = 9.615 | Delta Dist 100 = 9.413 | Delta Dist 1000 = 7.772 | Episode Length = 50 | Episode Return = 0.0 | Evaluator Episodes = 326 | Evaluator Steps = 16300 | Final Dist = 1.479 | Final Dist 10 = 1.699 | Final Dist 100 = 1.901 | Final Dist 1000 = 3.542 | Init Dist = 11.314 | Init Dist 10 = 11.314 | Init Dist 100 = 11.314 | Init Dist 1000 = 11.314 | Learner Steps = 862 | Learner Walltime = 124.277 | Min Dist = 1.390 | Min Dist 10 = 1.416 | Min Dist 100 = 1.343 | Min Dist 1000 = 2.774 | Steps Per Second = 123.900 | Success = 0.000 | Success 1000 = 0.015
I0528 14:49:38.539593 22892410500672 terminal.py:91] [Actor] Actor Episodes = 1309 | Actor Steps = 65450 | Delta Dist = 8.829 | Delta Dist 10 = 6.986 | Delta Dist 100 = 6.742 | Delta Dist 1000 = 6.123 | Episode Length = 50 | Episode Return = 0.0 | Evaluator Episodes = 326 | Evaluator Steps = 16300 | Final Dist = 2.485 | Final Dist 10 = 4.328 | Final Dist 100 = 4.572 | Final Dist 1000 = 5.191 | Init Dist = 11.314 | Init Dist 10 = 11.314 | Init Dist 100 = 11.314 | Init Dist 1000 = 11.314 | Learner Steps = 869 | Learner Walltime = 125.283 | Min Dist = 1.452 | Min Dist 10 = 2.577 | Min Dist 100 = 2.132 | Min Dist 1000 = 2.178 | Steps Per Second = 128.186 | Success = 0.000 | Success 1000 = 0.016
I0528 14:49:38.740937 22892391589440 terminal.py:91] [Actor] Actor Episodes = 1312 | Actor Steps = 65600 | Delta Dist = 9.792 | Delta Dist 10 = 7.580 | Delta Dist 100 = 6.896 | Delta Dist 1000 = 6.127 | Episode Length = 50 | Episode Return = 0.0 | Evaluator Episodes = 326 | Evaluator Steps = 16300 | Final Dist = 1.521 | Final Dist 10 = 3.733 | Final Dist 100 = 4.418 | Final Dist 1000 = 5.186 | Init Dist = 11.314 | Init Dist 10 = 11.314 | Init Dist 100 = 11.314 | Init Dist 1000 = 11.314 | Learner Steps = 869 | Learner Walltime = 125.283 | Min Dist = 1.462 | Min Dist 10 = 2.577 | Min Dist 100 = 2.059 | Min Dist 1000 = 2.178 | Steps Per Second = 104.080 | Success = 0.000 | Success 1000 = 0.016
I0528 14:49:39.050430 22895222769216 terminal.py:91] [Evaluator] Actor Episodes = 1314 | Actor Steps = 65700 | Delta Dist = 8.864 | Delta Dist 10 = 9.612 | Delta Dist 100 = 9.422 | Delta Dist 1000 = 7.787 | Episode Length = 50 | Episode Return = 0.0 | Evaluator Episodes = 329 | Evaluator Steps = 16450 | Final Dist = 2.450 | Final Dist 10 = 1.702 | Final Dist 100 = 1.891 | Final Dist 1000 = 3.527 | Init Dist = 11.314 | Init Dist 10 = 11.314 | Init Dist 100 = 11.314 | Init Dist 1000 = 11.314 | Learner Steps = 869 | Learner Walltime = 125.283 | Min Dist = 1.392 | Min Dist 10 = 1.404 | Min Dist 100 = 1.343 | Min Dist 1000 = 2.762 | Steps Per Second = 104.984 | Success = 0.000 | Success 1000 = 0.015
I0528 14:49:39.516730 22892418905664 terminal.py:91] [Actor] Actor Episodes = 1320 | Actor Steps = 66000 | Delta Dist = 8.857 | Delta Dist 10 = 7.560 | Delta Dist 100 = 6.958 | Delta Dist 1000 = 6.128 | Episode Length = 50 | Episode Return = 0.0 | Evaluator Episodes = 329 | Evaluator Steps = 16450 | Final Dist = 2.457 | Final Dist 10 = 3.754 | Final Dist 100 = 4.356 | Final Dist 1000 = 5.186 | Init Dist = 11.314 | Init Dist 10 = 11.314 | Init Dist 100 = 11.314 | Init Dist 1000 = 11.314 | Learner Steps = 876 | Learner Walltime = 126.542 | Min Dist = 1.491 | Min Dist 10 = 1.510 | Min Dist 100 = 1.968 | Min Dist 1000 = 2.179 | Steps Per Second = 105.938 | Success = 0.000 | Success 1000 = 0.016
I0528 14:49:39.616030 22892421006912 terminal.py:91] [Actor] Actor Episodes = 1316 | Actor Steps = 65800 | Delta Dist = 8.844 | Delta Dist 10 = 6.733 | Delta Dist 100 = 6.867 | Delta Dist 1000 = 6.127 | Episode Length = 50 | Episode Return = 0.0 | Evaluator Episodes = 326 | Evaluator Steps = 16300 | Final Dist = 2.470 | Final Dist 10 = 4.581 | Final Dist 100 = 4.447 | Final Dist 1000 = 5.187 | Init Dist = 11.314 | Init Dist 10 = 11.314 | Init Dist 100 = 11.314 | Init Dist 1000 = 11.314 | Learner Steps = 869 | Learner Walltime = 125.283 | Min Dist = 2.448 | Min Dist 10 = 1.456 | Min Dist 100 = 1.972 | Min Dist 1000 = 2.179 | Steps Per Second = 109.758 | Success = 0.000 | Success 1000 = 0.016
I0528 14:49:40.493592 22895222769216 terminal.py:91] [Evaluator] Actor Episodes = 1328 | Actor Steps = 66400 | Delta Dist = 8.843 | Delta Dist 10 = 9.378 | Delta Dist 100 = 9.426 | Delta Dist 1000 = 7.799 | Episode Length = 50 | Episode Return = 0.0 | Evaluator Episodes = 332 | Evaluator Steps = 16600 | Final Dist = 2.470 | Final Dist 10 = 1.936 | Final Dist 100 = 1.887 | Final Dist 1000 = 3.515 | Init Dist = 11.314 | Init Dist 10 = 11.314 | Init Dist 100 = 11.314 | Init Dist 1000 = 11.314 | Learner Steps = 884 | Learner Walltime = 127.611 | Min Dist = 1.455 | Min Dist 10 = 1.423 | Min Dist 100 = 1.340 | Min Dist 1000 = 2.749 | Steps Per Second = 106.385 | Success = 0.000 | Success 1000 = 0.015
I0528 14:49:41.524203 22918291473984 lp_utils.py:96] StepsLimiter: Reached 66600 recorded steps
I0528 14:49:41.927077 22895222769216 terminal.py:91] [Evaluator] Actor Episodes = 1338 | Actor Steps = 66900 | Delta Dist = 9.465 | Delta Dist 10 = 9.182 | Delta Dist 100 = 9.408 | Delta Dist 1000 = 7.808 | Episode Length = 50 | Episode Return = 0.0 | Evaluator Episodes = 335 | Evaluator Steps = 16750 | Final Dist = 1.849 | Final Dist 10 = 2.132 | Final Dist 100 = 1.905 | Final Dist 1000 = 3.506 | Init Dist = 11.314 | Init Dist 10 = 11.314 | Init Dist 100 = 11.314 | Init Dist 1000 = 11.314 | Learner Steps = 890 | Learner Walltime = 128.614 | Min Dist = 1.460 | Min Dist 10 = 1.427 | Min Dist 100 = 1.338 | Min Dist 1000 = 2.738 | Steps Per Second = 94.105 | Success = 0.000 | Success 1000 = 0.015
I0528 14:49:43.262820 22895222769216 terminal.py:91] [Evaluator] Actor Episodes = 1347 | Actor Steps = 67350 | Delta Dist = 8.797 | Delta Dist 10 = 8.986 | Delta Dist 100 = 9.407 | Delta Dist 1000 = 7.819 | Episode Length = 50 | Episode Return = 0.0 | Evaluator Episodes = 338 | Evaluator Steps = 16900 | Final Dist = 2.516 | Final Dist 10 = 2.327 | Final Dist 100 = 1.907 | Final Dist 1000 = 3.495 | Init Dist = 11.314 | Init Dist 10 = 11.314 | Init Dist 100 = 11.314 | Init Dist 1000 = 11.314 | Learner Steps = 897 | Learner Walltime = 129.760 | Min Dist = 1.391 | Min Dist 10 = 1.440 | Min Dist 100 = 1.338 | Min Dist 1000 = 2.726 | Steps Per Second = 109.056 | Success = 0.000 | Success 1000 = 0.015
I0528 14:49:44.446566 22863692109376 terminal.py:91] [Learner] Actor Episodes = 1353 | Actor Loss = 7.529080390930176 | Actor Steps = 67650 | Binary Accuracy = 0.9960761070251465 | Categorical Accuracy = 0.08258056640625 | Critic Loss = 4.283099174499512 | Entropy Mean = -16.982770919799805 | Evaluator Episodes = 338 | Evaluator Steps = 16900 | Learner Steps = 910 | Learner Walltime = 131.717 | Logits Neg = -15.17015266418457 | Logits Pos = -4.269693374633789 | Logsumexp = 0.26027336716651917 | Steps Per Second = 274.143
I0528 14:49:44.837322 22895222769216 terminal.py:91] [Evaluator] Actor Episodes = 1361 | Actor Steps = 68050 | Delta Dist = 8.842 | Delta Dist 10 = 8.979 | Delta Dist 100 = 9.405 | Delta Dist 1000 = 7.828 | Episode Length = 50 | Episode Return = 0.0 | Evaluator Episodes = 341 | Evaluator Steps = 17050 | Final Dist = 2.472 | Final Dist 10 = 2.335 | Final Dist 100 = 1.909 | Final Dist 1000 = 3.486 | Init Dist = 11.314 | Init Dist 10 = 11.314 | Init Dist 100 = 11.314 | Init Dist 1000 = 11.314 | Learner Steps = 912 | Learner Walltime = 131.899 | Min Dist = 1.495 | Min Dist 10 = 1.427 | Min Dist 100 = 1.336 | Min Dist 1000 = 2.715 | Steps Per Second = 86.545 | Success = 0.000 | Success 1000 = 0.015
I0528 14:49:45.933970 22895222769216 terminal.py:91] [Evaluator] Actor Episodes = 1371 | Actor Steps = 68550 | Delta Dist = 9.658 | Delta Dist 10 = 8.977 | Delta Dist 100 = 9.410 | Delta Dist 1000 = 7.836 | Episode Length = 50 | Episode Return = 0.0 | Evaluator Episodes = 343 | Evaluator Steps = 17150 | Final Dist = 1.656 | Final Dist 10 = 2.336 | Final Dist 100 = 1.903 | Final Dist 1000 = 3.477 | Init Dist = 11.314 | Init Dist 10 = 11.314 | Init Dist 100 = 11.314 | Init Dist 1000 = 11.314 | Learner Steps = 918 | Learner Walltime = 132.972 | Min Dist = 1.407 | Min Dist 10 = 1.437 | Min Dist 100 = 1.341 | Min Dist 1000 = 2.707 | Steps Per Second = 93.650 | Success = 0.000 | Success 1000 = 0.015
I0528 14:49:47.399824 22895222769216 terminal.py:91] [Evaluator] Actor Episodes = 1380 | Actor Steps = 69000 | Delta Dist = 8.770 | Delta Dist 10 = 9.004 | Delta Dist 100 = 9.408 | Delta Dist 1000 = 7.848 | Episode Length = 50 | Episode Return = 0.0 | Evaluator Episodes = 346 | Evaluator Steps = 17300 | Final Dist = 2.544 | Final Dist 10 = 2.310 | Final Dist 100 = 1.905 | Final Dist 1000 = 3.466 | Init Dist = 11.314 | Init Dist 10 = 11.314 | Init Dist 100 = 11.314 | Init Dist 1000 = 11.314 | Learner Steps = 925 | Learner Walltime = 133.996 | Min Dist = 1.460 | Min Dist 10 = 1.443 | Min Dist 100 = 1.341 | Min Dist 1000 = 2.696 | Steps Per Second = 105.051 | Success = 0.000 | Success 1000 = 0.014
I0528 14:49:48.646772 22892410500672 terminal.py:91] [Actor] Actor Episodes = 1393 | Actor Steps = 69650 | Delta Dist = 9.663 | Delta Dist 10 = 4.724 | Delta Dist 100 = 7.047 | Delta Dist 1000 = 6.246 | Episode Length = 50 | Episode Return = 0.0 | Evaluator Episodes = 346 | Evaluator Steps = 17300 | Final Dist = 1.650 | Final Dist 10 = 6.590 | Final Dist 100 = 4.267 | Final Dist 1000 = 5.067 | Init Dist = 11.314 | Init Dist 10 = 11.314 | Init Dist 100 = 11.314 | Init Dist 1000 = 11.314 | Learner Steps = 932 | Learner Walltime = 135.034 | Min Dist = 1.474 | Min Dist 10 = 2.611 | Min Dist 100 = 2.100 | Min Dist 1000 = 2.121 | Steps Per Second = 107.699 | Success = 0.000 | Success 1000 = 0.016
I0528 14:49:48.806773 22895222769216 terminal.py:91] [Evaluator] Actor Episodes = 1395 | Actor Steps = 69750 | Delta Dist = 8.794 | Delta Dist 10 = 9.030 | Delta Dist 100 = 9.398 | Delta Dist 1000 = 7.857 | Episode Length = 50 | Episode Return = 0.0 | Evaluator Episodes = 349 | Evaluator Steps = 17450 | Final Dist = 2.520 | Final Dist 10 = 2.284 | Final Dist 100 = 1.916 | Final Dist 1000 = 3.457 | Init Dist = 11.314 | Init Dist 10 = 11.314 | Init Dist 100 = 11.314 | Init Dist 1000 = 11.314 | Learner Steps = 932 | Learner Walltime = 135.034 | Min Dist = 1.504 | Min Dist 10 = 1.450 | Min Dist 100 = 1.343 | Min Dist 1000 = 2.686 | Steps Per Second = 95.273 | Success = 0.000 | Success 1000 = 0.014
I0528 14:49:48.938969 22892391589440 terminal.py:91] [Actor] Actor Episodes = 1398 | Actor Steps = 69900 | Delta Dist = 8.792 | Delta Dist 10 = 6.417 | Delta Dist 100 = 7.035 | Delta Dist 1000 = 6.258 | Episode Length = 50 | Episode Return = 0.0 | Evaluator Episodes = 349 | Evaluator Steps = 17450 | Final Dist = 2.522 | Final Dist 10 = 4.897 | Final Dist 100 = 4.279 | Final Dist 1000 = 5.056 | Init Dist = 11.314 | Init Dist 10 = 11.314 | Init Dist 100 = 11.314 | Init Dist 1000 = 11.314 | Learner Steps = 939 | Learner Walltime = 136.195 | Min Dist = 1.618 | Min Dist 10 = 2.549 | Min Dist 100 = 2.101 | Min Dist 1000 = 2.121 | Steps Per Second = 98.583 | Success = 0.000 | Success 1000 = 0.016
I0528 14:49:49.685236 22892418905664 terminal.py:91] [Actor] Actor Episodes = 1397 | Actor Steps = 69850 | Delta Dist = 8.785 | Delta Dist 10 = 8.151 | Delta Dist 100 = 6.972 | Delta Dist 1000 = 6.278 | Episode Length = 50 | Episode Return = 0.0 | Evaluator Episodes = 346 | Evaluator Steps = 17300 | Final Dist = 2.529 | Final Dist 10 = 3.162 | Final Dist 100 = 4.342 | Final Dist 1000 = 5.036 | Init Dist = 11.314 | Init Dist 10 = 11.314 | Init Dist 100 = 11.314 | Init Dist 1000 = 11.314 | Learner Steps = 932 | Learner Walltime = 135.034 | Min Dist = 1.859 | Min Dist 10 = 1.497 | Min Dist 100 = 2.102 | Min Dist 1000 = 2.117 | Steps Per Second = 128.483 | Success = 0.000 | Success 1000 = 0.016
I0528 14:49:49.688487 22892421006912 terminal.py:91] [Actor] Actor Episodes = 1402 | Actor Steps = 70100 | Delta Dist = 8.776 | Delta Dist 10 = 8.151 | Delta Dist 100 = 6.972 | Delta Dist 1000 = 6.278 | Episode Length = 50 | Episode Return = 0.0 | Evaluator Episodes = 349 | Evaluator Steps = 17450 | Final Dist = 2.537 | Final Dist 10 = 3.162 | Final Dist 100 = 4.342 | Final Dist 1000 = 5.036 | Init Dist = 11.314 | Init Dist 10 = 11.314 | Init Dist 100 = 11.314 | Init Dist 1000 = 11.314 | Learner Steps = 939 | Learner Walltime = 136.195 | Min Dist = 1.859 | Min Dist 10 = 1.497 | Min Dist 100 = 2.102 | Min Dist 1000 = 2.117 | Steps Per Second = 113.307 | Success = 0.000 | Success 1000 = 0.016
I0528 14:49:50.207546 22895222769216 terminal.py:91] [Evaluator] Actor Episodes = 1407 | Actor Steps = 70350 | Delta Dist = 8.828 | Delta Dist 10 = 9.118 | Delta Dist 100 = 9.399 | Delta Dist 1000 = 7.868 | Episode Length = 50 | Episode Return = 0.0 | Evaluator Episodes = 352 | Evaluator Steps = 17600 | Final Dist = 2.486 | Final Dist 10 = 2.196 | Final Dist 100 = 1.914 | Final Dist 1000 = 3.446 | Init Dist = 11.314 | Init Dist 10 = 11.314 | Init Dist 100 = 11.314 | Init Dist 1000 = 11.314 | Learner Steps = 946 | Learner Walltime = 137.268 | Min Dist = 1.580 | Min Dist 10 = 1.468 | Min Dist 100 = 1.345 | Min Dist 1000 = 2.676 | Steps Per Second = 112.995 | Success = 0.000 | Success 1000 = 0.014
I0528 14:49:51.545280 22918291473984 lp_utils.py:96] StepsLimiter: Reached 70800 recorded steps
I0528 14:49:51.596527 22895222769216 terminal.py:91] [Evaluator] Actor Episodes = 1419 | Actor Steps = 70950 | Delta Dist = 9.459 | Delta Dist 10 = 8.989 | Delta Dist 100 = 9.375 | Delta Dist 1000 = 7.877 | Episode Length = 50 | Episode Return = 0.0 | Evaluator Episodes = 355 | Evaluator Steps = 17750 | Final Dist = 1.855 | Final Dist 10 = 2.325 | Final Dist 100 = 1.939 | Final Dist 1000 = 3.437 | Init Dist = 11.314 | Init Dist 10 = 11.314 | Init Dist 100 = 11.314 | Init Dist 1000 = 11.314 | Learner Steps = 954 | Learner Walltime = 138.448 | Min Dist = 1.445 | Min Dist 10 = 1.493 | Min Dist 100 = 1.346 | Min Dist 1000 = 2.666 | Steps Per Second = 98.477 | Success = 0.000 | Success 1000 = 0.014
I0528 14:49:53.012636 22895222769216 terminal.py:91] [Evaluator] Actor Episodes = 1431 | Actor Steps = 71550 | Delta Dist = 8.867 | Delta Dist 10 = 9.136 | Delta Dist 100 = 9.377 | Delta Dist 1000 = 7.889 | Episode Length = 50 | Episode Return = 0.0 | Evaluator Episodes = 358 | Evaluator Steps = 17900 | Final Dist = 2.447 | Final Dist 10 = 2.178 | Final Dist 100 = 1.936 | Final Dist 1000 = 3.425 | Init Dist = 11.314 | Init Dist 10 = 11.314 | Init Dist 100 = 11.314 | Init Dist 1000 = 11.314 | Learner Steps = 962 | Learner Walltime = 139.520 | Min Dist = 1.426 | Min Dist 10 = 1.484 | Min Dist 100 = 1.351 | Min Dist 1000 = 2.656 | Steps Per Second = 97.303 | Success = 0.000 | Success 1000 = 0.014
I0528 14:49:54.498502 22895222769216 terminal.py:91] [Evaluator] Actor Episodes = 1446 | Actor Steps = 72300 | Delta Dist = 10.496 | Delta Dist 10 = 9.165 | Delta Dist 100 = 9.368 | Delta Dist 1000 = 7.900 | Episode Length = 50 | Episode Return = 31.0 | Evaluator Episodes = 361 | Evaluator Steps = 18050 | Final Dist = 0.818 | Final Dist 10 = 2.149 | Final Dist 100 = 1.945 | Final Dist 1000 = 3.413 | Init Dist = 11.314 | Init Dist 10 = 11.314 | Init Dist 100 = 11.314 | Init Dist 1000 = 11.314 | Learner Steps = 977 | Learner Walltime = 141.761 | Min Dist = 0.668 | Min Dist 10 = 1.325 | Min Dist 100 = 1.337 | Min Dist 1000 = 2.641 | Steps Per Second = 98.299 | Success = 1.000 | Success 1000 = 0.019
I0528 14:49:54.499668 22863692109376 terminal.py:91] [Learner] Actor Episodes = 1446 | Actor Loss = 7.1562910079956055 | Actor Steps = 72300 | Binary Accuracy = 0.9960980415344238 | Categorical Accuracy = 0.087646484375 | Critic Loss = 4.332755088806152 | Entropy Mean = -17.67057991027832 | Evaluator Episodes = 358 | Evaluator Steps = 17900 | Learner Steps = 977 | Learner Walltime = 141.761 | Logits Neg = -14.594939231872559 | Logits Pos = -4.3494110107421875 | Logsumexp = 0.41133010387420654 | Steps Per Second = 641.299
I0528 14:49:55.857415 22895222769216 terminal.py:91] [Evaluator] Actor Episodes = 1458 | Actor Steps = 72900 | Delta Dist = 8.834 | Delta Dist 10 = 9.318 | Delta Dist 100 = 9.375 | Delta Dist 1000 = 7.913 | Episode Length = 50 | Episode Return = 2.0 | Evaluator Episodes = 364 | Evaluator Steps = 18200 | Final Dist = 2.480 | Final Dist 10 = 1.996 | Final Dist 100 = 1.939 | Final Dist 1000 = 3.401 | Init Dist = 11.314 | Init Dist 10 = 11.314 | Init Dist 100 = 11.314 | Init Dist 1000 = 11.314 | Learner Steps = 985 | Learner Walltime = 142.829 | Min Dist = 0.656 | Min Dist 10 = 1.058 | Min Dist 100 = 1.312 | Min Dist 1000 = 2.625 | Steps Per Second = 104.400 | Success = 1.000 | Success 1000 = 0.028
I0528 14:49:57.197603 22895222769216 terminal.py:91] [Evaluator] Actor Episodes = 1470 | Actor Steps = 73500 | Delta Dist = 8.764 | Delta Dist 10 = 9.122 | Delta Dist 100 = 9.356 | Delta Dist 1000 = 7.920 | Episode Length = 50 | Episode Return = 1.0 | Evaluator Episodes = 367 | Evaluator Steps = 18350 | Final Dist = 2.549 | Final Dist 10 = 2.192 | Final Dist 100 = 1.958 | Final Dist 1000 = 3.394 | Init Dist = 11.314 | Init Dist 10 = 11.314 | Init Dist 100 = 11.314 | Init Dist 1000 = 11.314 | Learner Steps = 992 | Learner Walltime = 143.996 | Min Dist = 0.489 | Min Dist 10 = 0.772 | Min Dist 100 = 1.285 | Min Dist 1000 = 2.607 | Steps Per Second = 112.156 | Success = 1.000 | Success 1000 = 0.036
I0528 14:49:58.504941 22895222769216 terminal.py:91] [Evaluator] Actor Episodes = 1479 | Actor Steps = 73950 | Delta Dist = 8.825 | Delta Dist 10 = 8.937 | Delta Dist 100 = 9.335 | Delta Dist 1000 = 7.927 | Episode Length = 50 | Episode Return = 1.0 | Evaluator Episodes = 370 | Evaluator Steps = 18500 | Final Dist = 2.489 | Final Dist 10 = 2.377 | Final Dist 100 = 1.979 | Final Dist 1000 = 3.386 | Init Dist = 11.314 | Init Dist 10 = 11.314 | Init Dist 100 = 11.314 | Init Dist 1000 = 11.314 | Learner Steps = 1000 | Learner Walltime = 145.103 | Min Dist = 0.413 | Min Dist 10 = 0.574 | Min Dist 100 = 1.258 | Min Dist 1000 = 2.590 | Steps Per Second = 110.355 | Success = 1.000 | Success 1000 = 0.043
I0528 14:49:58.773249 22892410500672 terminal.py:91] [Actor] Actor Episodes = 1478 | Actor Steps = 73900 | Delta Dist = 8.809 | Delta Dist 10 = 7.996 | Delta Dist 100 = 7.037 | Delta Dist 1000 = 6.317 | Episode Length = 50 | Episode Return = 1.0 | Evaluator Episodes = 367 | Evaluator Steps = 18350 | Final Dist = 2.504 | Final Dist 10 = 3.318 | Final Dist 100 = 4.277 | Final Dist 1000 = 4.996 | Init Dist = 11.314 | Init Dist 10 = 11.314 | Init Dist 100 = 11.314 | Init Dist 1000 = 11.314 | Learner Steps = 1000 | Learner Walltime = 145.103 | Min Dist = 2.419 | Min Dist 10 = 1.116 | Min Dist 100 = 1.696 | Min Dist 1000 = 2.083 | Steps Per Second = 100.300 | Success = 0.000 | Success 1000 = 0.042
I0528 14:49:59.027059 22892391589440 terminal.py:91] [Actor] Actor Episodes = 1483 | Actor Steps = 74150 | Delta Dist = 8.800 | Delta Dist 10 = 7.300 | Delta Dist 100 = 7.095 | Delta Dist 1000 = 6.310 | Episode Length = 50 | Episode Return = 1.0 | Evaluator Episodes = 370 | Evaluator Steps = 18500 | Final Dist = 2.513 | Final Dist 10 = 4.014 | Final Dist 100 = 4.219 | Final Dist 1000 = 5.004 | Init Dist = 11.314 | Init Dist 10 = 11.314 | Init Dist 100 = 11.314 | Init Dist 1000 = 11.314 | Learner Steps = 1000 | Learner Walltime = 145.103 | Min Dist = 0.230 | Min Dist 10 = 1.067 | Min Dist 100 = 1.680 | Min Dist 1000 = 2.082 | Steps Per Second = 113.979 | Success = 1.000 | Success 1000 = 0.043
I0528 14:49:59.700700 22892418905664 terminal.py:91] [Actor] Actor Episodes = 1491 | Actor Steps = 74550 | Delta Dist = 11.052 | Delta Dist 10 = 7.095 | Delta Dist 100 = 7.238 | Delta Dist 1000 = 6.299 | Episode Length = 50 | Episode Return = 3.0 | Evaluator Episodes = 370 | Evaluator Steps = 18500 | Final Dist = 0.262 | Final Dist 10 = 4.219 | Final Dist 100 = 4.076 | Final Dist 1000 = 5.015 | Init Dist = 11.314 | Init Dist 10 = 11.314 | Init Dist 100 = 11.314 | Init Dist 1000 = 11.314 | Learner Steps = 1007 | Learner Walltime = 146.108 | Min Dist = 0.262 | Min Dist 10 = 1.234 | Min Dist 100 = 1.547 | Min Dist 1000 = 2.079 | Steps Per Second = 114.612 | Success = 1.000 | Success 1000 = 0.047
I0528 14:49:59.859545 22895222769216 terminal.py:91] [Evaluator] Actor Episodes = 1491 | Actor Steps = 74550 | Delta Dist = 10.159 | Delta Dist 10 = 9.004 | Delta Dist 100 = 9.330 | Delta Dist 1000 = 7.940 | Episode Length = 50 | Episode Return = 3.0 | Evaluator Episodes = 373 | Evaluator Steps = 18650 | Final Dist = 1.154 | Final Dist 10 = 2.310 | Final Dist 100 = 1.984 | Final Dist 1000 = 3.374 | Init Dist = 11.314 | Init Dist 10 = 11.314 | Init Dist 100 = 11.314 | Init Dist 1000 = 11.314 | Learner Steps = 1007 | Learner Walltime = 146.108 | Min Dist = 0.419 | Min Dist 10 = 0.529 | Min Dist 100 = 1.233 | Min Dist 1000 = 2.573 | Steps Per Second = 119.901 | Success = 1.000 | Success 1000 = 0.051
I0528 14:50:00.029667 22892421006912 terminal.py:91] [Actor] Actor Episodes = 1497 | Actor Steps = 74850 | Delta Dist = 8.140 | Delta Dist 10 = 8.034 | Delta Dist 100 = 7.337 | Delta Dist 1000 = 6.306 | Episode Length = 50 | Episode Return = 2.0 | Evaluator Episodes = 373 | Evaluator Steps = 18650 | Final Dist = 3.174 | Final Dist 10 = 3.280 | Final Dist 100 = 3.977 | Final Dist 1000 = 5.008 | Init Dist = 11.314 | Init Dist 10 = 11.314 | Init Dist 100 = 11.314 | Init Dist 1000 = 11.314 | Learner Steps = 1007 | Learner Walltime = 146.108 | Min Dist = 3.174 | Min Dist 10 = 0.853 | Min Dist 100 = 1.511 | Min Dist 1000 = 2.075 | Steps Per Second = 105.329 | Success = 0.000 | Success 1000 = 0.050
I0528 14:50:01.022465 22895222769216 terminal.py:91] [Evaluator] Actor Episodes = 1502 | Actor Steps = 75100 | Delta Dist = 10.751 | Delta Dist 10 = 9.116 | Delta Dist 100 = 9.330 | Delta Dist 1000 = 7.947 | Episode Length = 50 | Episode Return = 5.0 | Evaluator Episodes = 375 | Evaluator Steps = 18750 | Final Dist = 0.563 | Final Dist 10 = 2.197 | Final Dist 100 = 1.983 | Final Dist 1000 = 3.366 | Init Dist = 11.314 | Init Dist 10 = 11.314 | Init Dist 100 = 11.314 | Init Dist 1000 = 11.314 | Learner Steps = 1015 | Learner Walltime = 147.361 | Min Dist = 0.187 | Min Dist 10 = 0.472 | Min Dist 100 = 1.215 | Min Dist 1000 = 2.562 | Steps Per Second = 83.069 | Success = 1.000 | Success 1000 = 0.056
I0528 14:50:01.149322 22918293575232 savers.py:156] Saving checkpoint: /home/gliu2/rebuttal/checkpoints/contrastive_cpc_point_FourRooms_0/checkpoints/counter
I0528 14:50:01.568035 22918291473984 lp_utils.py:96] StepsLimiter: Reached 75300 recorded steps
I0528 14:50:02.257802 22895222769216 terminal.py:91] [Evaluator] Actor Episodes = 1510 | Actor Steps = 75500 | Delta Dist = 10.031 | Delta Dist 10 = 9.281 | Delta Dist 100 = 9.343 | Delta Dist 1000 = 7.956 | Episode Length = 50 | Episode Return = 3.0 | Evaluator Episodes = 377 | Evaluator Steps = 18850 | Final Dist = 1.283 | Final Dist 10 = 2.033 | Final Dist 100 = 1.971 | Final Dist 1000 = 3.357 | Init Dist = 11.314 | Init Dist 10 = 11.314 | Init Dist 100 = 11.314 | Init Dist 1000 = 11.314 | Learner Steps = 1027 | Learner Walltime = 149.489 | Min Dist = 0.653 | Min Dist 10 = 0.440 | Min Dist 100 = 1.193 | Min Dist 1000 = 2.550 | Steps Per Second = 80.182 | Success = 1.000 | Success 1000 = 0.061
I0528 14:50:03.430405 22895222769216 terminal.py:91] [Evaluator] Actor Episodes = 1518 | Actor Steps = 75900 | Delta Dist = 9.333 | Delta Dist 10 = 9.380 | Delta Dist 100 = 9.322 | Delta Dist 1000 = 7.963 | Episode Length = 50 | Episode Return = 1.0 | Evaluator Episodes = 379 | Evaluator Steps = 18950 | Final Dist = 1.981 | Final Dist 10 = 1.933 | Final Dist 100 = 1.992 | Final Dist 1000 = 3.350 | Init Dist = 11.314 | Init Dist 10 = 11.314 | Init Dist 100 = 11.314 | Init Dist 1000 = 11.314 | Learner Steps = 1033 | Learner Walltime = 150.606 | Min Dist = 0.361 | Min Dist 10 = 0.427 | Min Dist 100 = 1.182 | Min Dist 1000 = 2.538 | Steps Per Second = 80.264 | Success = 1.000 | Success 1000 = 0.066
I0528 14:50:04.548848 22895222769216 terminal.py:91] [Evaluator] Actor Episodes = 1526 | Actor Steps = 76300 | Delta Dist = 9.388 | Delta Dist 10 = 9.576 | Delta Dist 100 = 9.325 | Delta Dist 1000 = 7.973 | Episode Length = 50 | Episode Return = 5.0 | Evaluator Episodes = 381 | Evaluator Steps = 19050 | Final Dist = 1.925 | Final Dist 10 = 1.738 | Final Dist 100 = 1.989 | Final Dist 1000 = 3.341 | Init Dist = 11.314 | Init Dist 10 = 11.314 | Init Dist 100 = 11.314 | Init Dist 1000 = 11.314 | Learner Steps = 1039 | Learner Walltime = 151.701 | Min Dist = 0.498 | Min Dist 10 = 0.374 | Min Dist 100 = 1.166 | Min Dist 1000 = 2.526 | Steps Per Second = 88.638 | Success = 1.000 | Success 1000 = 0.071
I0528 14:50:04.870161 22863692109376 terminal.py:91] [Learner] Actor Episodes = 1526 | Actor Loss = 6.905864715576172 | Actor Steps = 76300 | Binary Accuracy = 0.9960360527038574 | Categorical Accuracy = 0.09893798828125 | Critic Loss = 4.167091369628906 | Entropy Mean = -12.57252311706543 | Evaluator Episodes = 379 | Evaluator Steps = 18950 | Learner Steps = 1040 | Learner Walltime = 152.141 | Logits Neg = -15.665359497070312 | Logits Pos = -4.159272193908691 | Logsumexp = 0.339553564786911 | Steps Per Second = 145.549
I0528 14:50:05.813498 22895222769216 terminal.py:91] [Evaluator] Actor Episodes = 1534 | Actor Steps = 76700 | Delta Dist = 8.816 | Delta Dist 10 = 9.629 | Delta Dist 100 = 9.336 | Delta Dist 1000 = 7.984 | Episode Length = 50 | Episode Return = 4.0 | Evaluator Episodes = 383 | Evaluator Steps = 19150 | Final Dist = 2.498 | Final Dist 10 = 1.685 | Final Dist 100 = 1.977 | Final Dist 1000 = 3.330 | Init Dist = 11.314 | Init Dist 10 = 11.314 | Init Dist 100 = 11.314 | Init Dist 1000 = 11.314 | Learner Steps = 1044 | Learner Walltime = 152.764 | Min Dist = 0.377 | Min Dist 10 = 0.373 | Min Dist 100 = 1.149 | Min Dist 1000 = 2.516 | Steps Per Second = 76.923 | Success = 1.000 | Success 1000 = 0.076
I0528 14:50:07.115192 22895222769216 terminal.py:91] [Evaluator] Actor Episodes = 1542 | Actor Steps = 77100 | Delta Dist = 9.075 | Delta Dist 10 = 9.482 | Delta Dist 100 = 9.310 | Delta Dist 1000 = 7.987 | Episode Length = 50 | Episode Return = 7.0 | Evaluator Episodes = 385 | Evaluator Steps = 19250 | Final Dist = 2.239 | Final Dist 10 = 1.832 | Final Dist 100 = 2.003 | Final Dist 1000 = 3.326 | Init Dist = 11.314 | Init Dist 10 = 11.314 | Init Dist 100 = 11.314 | Init Dist 1000 = 11.314 | Learner Steps = 1049 | Learner Walltime = 153.774 | Min Dist = 0.271 | Min Dist 10 = 0.387 | Min Dist 100 = 1.132 | Min Dist 1000 = 2.505 | Steps Per Second = 78.515 | Success = 1.000 | Success 1000 = 0.081
I0528 14:50:08.407406 22895222769216 terminal.py:91] [Evaluator] Actor Episodes = 1550 | Actor Steps = 77500 | Delta Dist = 10.474 | Delta Dist 10 = 9.427 | Delta Dist 100 = 9.320 | Delta Dist 1000 = 7.994 | Episode Length = 50 | Episode Return = 6.0 | Evaluator Episodes = 387 | Evaluator Steps = 19350 | Final Dist = 0.840 | Final Dist 10 = 1.887 | Final Dist 100 = 1.994 | Final Dist 1000 = 3.319 | Init Dist = 11.314 | Init Dist 10 = 11.314 | Init Dist 100 = 11.314 | Init Dist 1000 = 11.314 | Learner Steps = 1054 | Learner Walltime = 154.820 | Min Dist = 0.416 | Min Dist 10 = 0.377 | Min Dist 100 = 1.108 | Min Dist 1000 = 2.493 | Steps Per Second = 80.426 | Success = 1.000 | Success 1000 = 0.085
I0528 14:50:09.020141 22892410500672 terminal.py:91] [Actor] Actor Episodes = 1556 | Actor Steps = 77800 | Delta Dist = 8.405 | Delta Dist 10 = 6.660 | Delta Dist 100 = 7.175 | Delta Dist 1000 = 6.341 | Episode Length = 50 | Episode Return = 6.0 | Evaluator Episodes = 387 | Evaluator Steps = 19350 | Final Dist = 2.908 | Final Dist 10 = 4.653 | Final Dist 100 = 4.139 | Final Dist 1000 = 4.973 | Init Dist = 11.314 | Init Dist 10 = 11.314 | Init Dist 100 = 11.314 | Init Dist 1000 = 11.314 | Learner Steps = 1059 | Learner Walltime = 155.918 | Min Dist = 0.186 | Min Dist 10 = 0.737 | Min Dist 100 = 1.137 | Min Dist 1000 = 2.020 | Steps Per Second = 76.049 | Success = 1.000 | Success 1000 = 0.093
I0528 14:50:09.240118 22892391589440 terminal.py:91] [Actor] Actor Episodes = 1553 | Actor Steps = 77650 | Delta Dist = 9.346 | Delta Dist 10 = 7.216 | Delta Dist 100 = 7.171 | Delta Dist 1000 = 6.341 | Episode Length = 50 | Episode Return = 4.0 | Evaluator Episodes = 387 | Evaluator Steps = 19350 | Final Dist = 1.968 | Final Dist 10 = 4.098 | Final Dist 100 = 4.143 | Final Dist 1000 = 4.973 | Init Dist = 11.314 | Init Dist 10 = 11.314 | Init Dist 100 = 11.314 | Init Dist 1000 = 11.314 | Learner Steps = 1054 | Learner Walltime = 154.820 | Min Dist = 0.732 | Min Dist 10 = 0.745 | Min Dist 100 = 1.114 | Min Dist 1000 = 2.019 | Steps Per Second = 80.716 | Success = 1.000 | Success 1000 = 0.094
I0528 14:50:09.719990 22895222769216 terminal.py:91] [Evaluator] Actor Episodes = 1558 | Actor Steps = 77900 | Delta Dist = 9.793 | Delta Dist 10 = 9.463 | Delta Dist 100 = 9.327 | Delta Dist 1000 = 8.002 | Episode Length = 50 | Episode Return = 6.0 | Evaluator Episodes = 389 | Evaluator Steps = 19450 | Final Dist = 1.521 | Final Dist 10 = 1.850 | Final Dist 100 = 1.987 | Final Dist 1000 = 3.312 | Init Dist = 11.314 | Init Dist 10 = 11.314 | Init Dist 100 = 11.314 | Init Dist 1000 = 11.314 | Learner Steps = 1059 | Learner Walltime = 155.918 | Min Dist = 0.679 | Min Dist 10 = 0.393 | Min Dist 100 = 1.092 | Min Dist 1000 = 2.483 | Steps Per Second = 73.994 | Success = 1.000 | Success 1000 = 0.090
I0528 14:50:09.954835 22892418905664 terminal.py:91] [Actor] Actor Episodes = 1559 | Actor Steps = 77950 | Delta Dist = 10.377 | Delta Dist 10 = 9.455 | Delta Dist 100 = 7.363 | Delta Dist 1000 = 6.363 | Episode Length = 50 | Episode Return = 8.0 | Evaluator Episodes = 387 | Evaluator Steps = 19350 | Final Dist = 0.936 | Final Dist 10 = 1.859 | Final Dist 100 = 3.951 | Final Dist 1000 = 4.951 | Init Dist = 11.314 | Init Dist 10 = 11.314 | Init Dist 100 = 11.314 | Init Dist 1000 = 11.314 | Learner Steps = 1059 | Learner Walltime = 155.918 | Min Dist = 0.872 | Min Dist 10 = 0.717 | Min Dist 100 = 1.066 | Min Dist 1000 = 2.002 | Steps Per Second = 86.425 | Success = 1.000 | Success 1000 = 0.098
I0528 14:50:10.492898 22892421006912 terminal.py:91] [Actor] Actor Episodes = 1563 | Actor Steps = 78150 | Delta Dist = 10.298 | Delta Dist 10 = 8.691 | Delta Dist 100 = 7.361 | Delta Dist 1000 = 6.364 | Episode Length = 50 | Episode Return = 9.0 | Evaluator Episodes = 389 | Evaluator Steps = 19450 | Final Dist = 1.016 | Final Dist 10 = 2.623 | Final Dist 100 = 3.953 | Final Dist 1000 = 4.950 | Init Dist = 11.314 | Init Dist 10 = 11.314 | Init Dist 100 = 11.314 | Init Dist 1000 = 11.314 | Learner Steps = 1065 | Learner Walltime = 157.090 | Min Dist = 0.743 | Min Dist 10 = 1.784 | Min Dist 100 = 1.137 | Min Dist 1000 = 2.008 | Steps Per Second = 93.619 | Success = 1.000 | Success 1000 = 0.100
I0528 14:50:10.975246 22895222769216 terminal.py:91] [Evaluator] Actor Episodes = 1566 | Actor Steps = 78300 | Delta Dist = 8.625 | Delta Dist 10 = 9.324 | Delta Dist 100 = 9.328 | Delta Dist 1000 = 8.008 | Episode Length = 50 | Episode Return = 8.0 | Evaluator Episodes = 391 | Evaluator Steps = 19550 | Final Dist = 2.689 | Final Dist 10 = 1.990 | Final Dist 100 = 1.986 | Final Dist 1000 = 3.306 | Init Dist = 11.314 | Init Dist 10 = 11.314 | Init Dist 100 = 11.314 | Init Dist 1000 = 11.314 | Learner Steps = 1065 | Learner Walltime = 157.090 | Min Dist = 0.171 | Min Dist 10 = 0.472 | Min Dist 100 = 1.082 | Min Dist 1000 = 2.474 | Steps Per Second = 75.669 | Success = 1.000 | Success 1000 = 0.095
I0528 14:50:11.596086 22918291473984 lp_utils.py:96] StepsLimiter: Reached 78600 recorded steps
I0528 14:50:12.209350 22895222769216 terminal.py:91] [Evaluator] Actor Episodes = 1574 | Actor Steps = 78700 | Delta Dist = 10.624 | Delta Dist 10 = 9.102 | Delta Dist 100 = 9.320 | Delta Dist 1000 = 8.012 | Episode Length = 50 | Episode Return = 5.0 | Evaluator Episodes = 393 | Evaluator Steps = 19650 | Final Dist = 0.690 | Final Dist 10 = 2.212 | Final Dist 100 = 1.993 | Final Dist 1000 = 3.301 | Init Dist = 11.314 | Init Dist 10 = 11.314 | Init Dist 100 = 11.314 | Init Dist 1000 = 11.314 | Learner Steps = 1071 | Learner Walltime = 158.356 | Min Dist = 0.321 | Min Dist 10 = 0.459 | Min Dist 100 = 1.071 | Min Dist 1000 = 2.463 | Steps Per Second = 79.015 | Success = 1.000 | Success 1000 = 0.099
I0528 14:50:13.352286 22895222769216 terminal.py:91] [Evaluator] Actor Episodes = 1582 | Actor Steps = 79100 | Delta Dist = 10.539 | Delta Dist 10 = 9.466 | Delta Dist 100 = 9.330 | Delta Dist 1000 = 8.025 | Episode Length = 50 | Episode Return = 3.0 | Evaluator Episodes = 395 | Evaluator Steps = 19750 | Final Dist = 0.775 | Final Dist 10 = 1.848 | Final Dist 100 = 1.984 | Final Dist 1000 = 3.289 | Init Dist = 11.314 | Init Dist 10 = 11.314 | Init Dist 100 = 11.314 | Init Dist 1000 = 11.314 | Learner Steps = 1078 | Learner Walltime = 159.613 | Min Dist = 0.097 | Min Dist 10 = 0.461 | Min Dist 100 = 1.056 | Min Dist 1000 = 2.453 | Steps Per Second = 85.007 | Success = 1.000 | Success 1000 = 0.104
I0528 14:50:14.515392 22895222769216 terminal.py:91] [Evaluator] Actor Episodes = 1590 | Actor Steps = 79500 | Delta Dist = 9.785 | Delta Dist 10 = 9.610 | Delta Dist 100 = 9.340 | Delta Dist 1000 = 8.035 | Episode Length = 50 | Episode Return = 2.0 | Evaluator Episodes = 397 | Evaluator Steps = 19850 | Final Dist = 1.528 | Final Dist 10 = 1.704 | Final Dist 100 = 1.974 | Final Dist 1000 = 3.279 | Init Dist = 11.314 | Init Dist 10 = 11.314 | Init Dist 100 = 11.314 | Init Dist 1000 = 11.314 | Learner Steps = 1085 | Learner Walltime = 160.793 | Min Dist = 0.737 | Min Dist 10 = 0.463 | Min Dist 100 = 1.038 | Min Dist 1000 = 2.442 | Steps Per Second = 82.441 | Success = 1.000 | Success 1000 = 0.109
I0528 14:50:14.916632 22863692109376 terminal.py:91] [Learner] Actor Episodes = 1592 | Actor Loss = 6.369318962097168 | Actor Steps = 79600 | Binary Accuracy = 0.9960184097290039 | Categorical Accuracy = 0.09844970703125 | Critic Loss = 4.1809587478637695 | Entropy Mean = -10.980167388916016 | Evaluator Episodes = 397 | Evaluator Steps = 19850 | Learner Steps = 1091 | Learner Walltime = 162.182 | Logits Neg = -15.435564041137695 | Logits Pos = -4.159249305725098 | Logsumexp = 0.39149051904678345 | Steps Per Second = 163.565
I0528 14:50:15.760863 22895222769216 terminal.py:91] [Evaluator] Actor Episodes = 1598 | Actor Steps = 79900 | Delta Dist = 9.437 | Delta Dist 10 = 9.709 | Delta Dist 100 = 9.350 | Delta Dist 1000 = 8.045 | Episode Length = 50 | Episode Return = 5.0 | Evaluator Episodes = 399 | Evaluator Steps = 19950 | Final Dist = 1.876 | Final Dist 10 = 1.605 | Final Dist 100 = 1.964 | Final Dist 1000 = 3.269 | Init Dist = 11.314 | Init Dist 10 = 11.314 | Init Dist 100 = 11.314 | Init Dist 1000 = 11.314 | Learner Steps = 1091 | Learner Walltime = 162.182 | Min Dist = 0.289 | Min Dist 10 = 0.512 | Min Dist 100 = 1.029 | Min Dist 1000 = 2.433 | Steps Per Second = 78.520 | Success = 1.000 | Success 1000 = 0.113
I0528 14:50:17.001488 22895222769216 terminal.py:91] [Evaluator] Actor Episodes = 1606 | Actor Steps = 80300 | Delta Dist = 9.413 | Delta Dist 10 = 9.698 | Delta Dist 100 = 9.347 | Delta Dist 1000 = 8.050 | Episode Length = 50 | Episode Return = 2.0 | Evaluator Episodes = 401 | Evaluator Steps = 20050 | Final Dist = 1.901 | Final Dist 10 = 1.615 | Final Dist 100 = 1.966 | Final Dist 1000 = 3.264 | Init Dist = 11.314 | Init Dist 10 = 11.314 | Init Dist 100 = 11.314 | Init Dist 1000 = 11.314 | Learner Steps = 1097 | Learner Walltime = 163.345 | Min Dist = 0.548 | Min Dist 10 = 0.409 | Min Dist 100 = 1.009 | Min Dist 1000 = 2.422 | Steps Per Second = 86.434 | Success = 1.000 | Success 1000 = 0.117
I0528 14:50:18.267408 22895222769216 terminal.py:91] [Evaluator] Actor Episodes = 1614 | Actor Steps = 80700 | Delta Dist = 10.024 | Delta Dist 10 = 9.827 | Delta Dist 100 = 9.355 | Delta Dist 1000 = 8.057 | Episode Length = 50 | Episode Return = 4.0 | Evaluator Episodes = 403 | Evaluator Steps = 20150 | Final Dist = 1.290 | Final Dist 10 = 1.486 | Final Dist 100 = 1.958 | Final Dist 1000 = 3.256 | Init Dist = 11.314 | Init Dist 10 = 11.314 | Init Dist 100 = 11.314 | Init Dist 1000 = 11.314 | Learner Steps = 1104 | Learner Walltime = 164.595 | Min Dist = 0.827 | Min Dist 10 = 0.427 | Min Dist 100 = 0.997 | Min Dist 1000 = 2.413 | Steps Per Second = 82.343 | Success = 1.000 | Success 1000 = 0.122
I0528 14:50:19.296439 22892410500672 terminal.py:91] [Actor] Actor Episodes = 1621 | Actor Steps = 81050 | Delta Dist = 10.271 | Delta Dist 10 = 8.905 | Delta Dist 100 = 7.315 | Delta Dist 1000 = 6.398 | Episode Length = 50 | Episode Return = 1.0 | Evaluator Episodes = 403 | Evaluator Steps = 20150 | Final Dist = 1.043 | Final Dist 10 = 2.409 | Final Dist 100 = 3.998 | Final Dist 1000 = 4.916 | Init Dist = 11.314 | Init Dist 10 = 11.314 | Init Dist 100 = 11.314 | Init Dist 1000 = 11.314 | Learner Steps = 1110 | Learner Walltime = 165.892 | Min Dist = 0.173 | Min Dist 10 = 1.749 | Min Dist 100 = 1.218 | Min Dist 1000 = 1.984 | Steps Per Second = 88.026 | Success = 1.000 | Success 1000 = 0.147
I0528 14:50:19.479643 22895222769216 terminal.py:91] [Evaluator] Actor Episodes = 1622 | Actor Steps = 81100 | Delta Dist = 10.135 | Delta Dist 10 = 9.744 | Delta Dist 100 = 9.355 | Delta Dist 1000 = 8.067 | Episode Length = 50 | Episode Return = 3.0 | Evaluator Episodes = 405 | Evaluator Steps = 20250 | Final Dist = 1.179 | Final Dist 10 = 1.569 | Final Dist 100 = 1.958 | Final Dist 1000 = 3.246 | Init Dist = 11.314 | Init Dist 10 = 11.314 | Init Dist 100 = 11.314 | Init Dist 1000 = 11.314 | Learner Steps = 1110 | Learner Walltime = 165.892 | Min Dist = 0.686 | Min Dist 10 = 0.456 | Min Dist 100 = 0.984 | Min Dist 1000 = 2.404 | Steps Per Second = 92.150 | Success = 1.000 | Success 1000 = 0.126
I0528 14:50:19.690967 22892391589440 terminal.py:91] [Actor] Actor Episodes = 1624 | Actor Steps = 81200 | Delta Dist = 10.237 | Delta Dist 10 = 8.985 | Delta Dist 100 = 7.325 | Delta Dist 1000 = 6.407 | Episode Length = 50 | Episode Return = 3.0 | Evaluator Episodes = 405 | Evaluator Steps = 20250 | Final Dist = 1.077 | Final Dist 10 = 2.329 | Final Dist 100 = 3.989 | Final Dist 1000 = 4.906 | Init Dist = 11.314 | Init Dist 10 = 11.314 | Init Dist 100 = 11.314 | Init Dist 1000 = 11.314 | Learner Steps = 1110 | Learner Walltime = 165.892 | Min Dist = 0.901 | Min Dist 10 = 1.703 | Min Dist 100 = 1.217 | Min Dist 1000 = 1.981 | Steps Per Second = 90.174 | Success = 1.000 | Success 1000 = 0.149
I0528 14:50:20.239156 22892418905664 terminal.py:91] [Actor] Actor Episodes = 1630 | Actor Steps = 81500 | Delta Dist = 10.364 | Delta Dist 10 = 8.917 | Delta Dist 100 = 7.329 | Delta Dist 1000 = 6.407 | Episode Length = 50 | Episode Return = 3.0 | Evaluator Episodes = 405 | Evaluator Steps = 20250 | Final Dist = 0.950 | Final Dist 10 = 2.397 | Final Dist 100 = 3.984 | Final Dist 1000 = 4.907 | Init Dist = 11.314 | Init Dist 10 = 11.314 | Init Dist 100 = 11.314 | Init Dist 1000 = 11.314 | Learner Steps = 1117 | Learner Walltime = 167.111 | Min Dist = 0.072 | Min Dist 10 = 0.743 | Min Dist 100 = 1.198 | Min Dist 1000 = 1.979 | Steps Per Second = 80.202 | Success = 1.000 | Success 1000 = 0.151
I0528 14:50:20.568558 22892421006912 terminal.py:91] [Actor] Actor Episodes = 1629 | Actor Steps = 81450 | Delta Dist = 9.849 | Delta Dist 10 = 8.925 | Delta Dist 100 = 7.439 | Delta Dist 1000 = 6.410 | Episode Length = 50 | Episode Return = 7.0 | Evaluator Episodes = 405 | Evaluator Steps = 20250 | Final Dist = 1.464 | Final Dist 10 = 2.389 | Final Dist 100 = 3.874 | Final Dist 1000 = 4.904 | Init Dist = 11.314 | Init Dist 10 = 11.314 | Init Dist 100 = 11.314 | Init Dist 1000 = 11.314 | Learner Steps = 1117 | Learner Walltime = 167.111 | Min Dist = 0.381 | Min Dist 10 = 0.590 | Min Dist 100 = 1.180 | Min Dist 1000 = 1.976 | Steps Per Second = 79.057 | Success = 1.000 | Success 1000 = 0.154
I0528 14:50:20.783189 22895222769216 terminal.py:91] [Evaluator] Actor Episodes = 1630 | Actor Steps = 81500 | Delta Dist = 10.083 | Delta Dist 10 = 9.746 | Delta Dist 100 = 9.354 | Delta Dist 1000 = 8.077 | Episode Length = 50 | Episode Return = 4.0 | Evaluator Episodes = 407 | Evaluator Steps = 20350 | Final Dist = 1.231 | Final Dist 10 = 1.568 | Final Dist 100 = 1.959 | Final Dist 1000 = 3.236 | Init Dist = 11.314 | Init Dist 10 = 11.314 | Init Dist 100 = 11.314 | Init Dist 1000 = 11.314 | Learner Steps = 1117 | Learner Walltime = 167.111 | Min Dist = 0.420 | Min Dist 10 = 0.511 | Min Dist 100 = 0.972 | Min Dist 1000 = 2.394 | Steps Per Second = 71.416 | Success = 1.000 | Success 1000 = 0.131
I0528 14:50:21.616040 22918291473984 lp_utils.py:96] StepsLimiter: Reached 81900 recorded steps
I0528 14:50:21.885867 22895222769216 terminal.py:91] [Evaluator] Actor Episodes = 1638 | Actor Steps = 81900 | Delta Dist = 9.709 | Delta Dist 10 = 9.791 | Delta Dist 100 = 9.360 | Delta Dist 1000 = 8.088 | Episode Length = 50 | Episode Return = 2.0 | Evaluator Episodes = 409 | Evaluator Steps = 20450 | Final Dist = 1.604 | Final Dist 10 = 1.523 | Final Dist 100 = 1.953 | Final Dist 1000 = 3.226 | Init Dist = 11.314 | Init Dist 10 = 11.314 | Init Dist 100 = 11.314 | Init Dist 1000 = 11.314 | Learner Steps = 1123 | Learner Walltime = 168.427 | Min Dist = 0.164 | Min Dist 10 = 0.419 | Min Dist 100 = 0.950 | Min Dist 1000 = 2.384 | Steps Per Second = 95.877 | Success = 1.000 | Success 1000 = 0.135
I0528 14:50:22.920704 22895222769216 terminal.py:91] [Evaluator] Actor Episodes = 1647 | Actor Steps = 82350 | Delta Dist = 9.727 | Delta Dist 10 = 9.933 | Delta Dist 100 = 9.369 | Delta Dist 1000 = 8.096 | Episode Length = 50 | Episode Return = 2.0 | Evaluator Episodes = 411 | Evaluator Steps = 20550 | Final Dist = 1.586 | Final Dist 10 = 1.380 | Final Dist 100 = 1.945 | Final Dist 1000 = 3.218 | Init Dist = 11.314 | Init Dist 10 = 11.314 | Init Dist 100 = 11.314 | Init Dist 1000 = 11.314 | Learner Steps = 1129 | Learner Walltime = 169.448 | Min Dist = 0.550 | Min Dist 10 = 0.437 | Min Dist 100 = 0.928 | Min Dist 1000 = 2.374 | Steps Per Second = 99.805 | Success = 1.000 | Success 1000 = 0.139
I0528 14:50:24.400628 22895222769216 terminal.py:91] [Evaluator] Actor Episodes = 1658 | Actor Steps = 82900 | Delta Dist = 9.652 | Delta Dist 10 = 9.923 | Delta Dist 100 = 9.374 | Delta Dist 1000 = 8.107 | Episode Length = 50 | Episode Return = 2.0 | Evaluator Episodes = 414 | Evaluator Steps = 20700 | Final Dist = 1.662 | Final Dist 10 = 1.391 | Final Dist 100 = 1.939 | Final Dist 1000 = 3.206 | Init Dist = 11.314 | Init Dist 10 = 11.314 | Init Dist 100 = 11.314 | Init Dist 1000 = 11.314 | Learner Steps = 1143 | Learner Walltime = 171.631 | Min Dist = 0.081 | Min Dist 10 = 0.403 | Min Dist 100 = 0.901 | Min Dist 1000 = 2.360 | Steps Per Second = 87.760 | Success = 1.000 | Success 1000 = 0.145
I0528 14:50:25.167823 22863692109376 terminal.py:91] [Learner] Actor Episodes = 1658 | Actor Loss = 7.176140785217285 | Actor Steps = 82900 | Binary Accuracy = 0.9959926605224609 | Categorical Accuracy = 0.0977783203125 | Critic Loss = 4.040431499481201 | Entropy Mean = -9.701675415039062 | Evaluator Episodes = 411 | Evaluator Steps = 20550 | Learner Steps = 1147 | Learner Walltime = 172.436 | Logits Neg = -16.19244956970215 | Logits Pos = -4.021917343139648 | Logsumexp = 0.5667099952697754 | Steps Per Second = 162.976
I0528 14:50:25.526745 22895222769216 terminal.py:91] [Evaluator] Actor Episodes = 1667 | Actor Steps = 83350 | Delta Dist = 10.154 | Delta Dist 10 = 9.859 | Delta Dist 100 = 9.383 | Delta Dist 1000 = 8.116 | Episode Length = 50 | Episode Return = 2.0 | Evaluator Episodes = 416 | Evaluator Steps = 20800 | Final Dist = 1.160 | Final Dist 10 = 1.454 | Final Dist 100 = 1.931 | Final Dist 1000 = 3.198 | Init Dist = 11.314 | Init Dist 10 = 11.314 | Init Dist 100 = 11.314 | Init Dist 1000 = 11.314 | Learner Steps = 1149 | Learner Walltime = 172.647 | Min Dist = 0.598 | Min Dist 10 = 0.355 | Min Dist 100 = 0.880 | Min Dist 1000 = 2.350 | Steps Per Second = 83.961 | Success = 1.000 | Success 1000 = 0.149
I0528 14:50:26.764599 22895222769216 terminal.py:91] [Evaluator] Actor Episodes = 1675 | Actor Steps = 83750 | Delta Dist = 10.442 | Delta Dist 10 = 9.852 | Delta Dist 100 = 9.389 | Delta Dist 1000 = 8.125 | Episode Length = 50 | Episode Return = 15.0 | Evaluator Episodes = 418 | Evaluator Steps = 20900 | Final Dist = 0.872 | Final Dist 10 = 1.462 | Final Dist 100 = 1.925 | Final Dist 1000 = 3.189 | Init Dist = 11.314 | Init Dist 10 = 11.314 | Init Dist 100 = 11.314 | Init Dist 1000 = 11.314 | Learner Steps = 1153 | Learner Walltime = 173.691 | Min Dist = 0.337 | Min Dist 10 = 0.367 | Min Dist 100 = 0.860 | Min Dist 1000 = 2.341 | Steps Per Second = 82.332 | Success = 1.000 | Success 1000 = 0.153
I0528 14:50:28.086438 22895222769216 terminal.py:91] [Evaluator] Actor Episodes = 1683 | Actor Steps = 84150 | Delta Dist = 10.014 | Delta Dist 10 = 9.894 | Delta Dist 100 = 9.408 | Delta Dist 1000 = 8.135 | Episode Length = 50 | Episode Return = 5.0 | Evaluator Episodes = 420 | Evaluator Steps = 21000 | Final Dist = 1.300 | Final Dist 10 = 1.420 | Final Dist 100 = 1.906 | Final Dist 1000 = 3.179 | Init Dist = 11.314 | Init Dist 10 = 11.314 | Init Dist 100 = 11.314 | Init Dist 1000 = 11.314 | Learner Steps = 1159 | Learner Walltime = 174.795 | Min Dist = 0.446 | Min Dist 10 = 0.375 | Min Dist 100 = 0.834 | Min Dist 1000 = 2.331 | Steps Per Second = 77.797 | Success = 1.000 | Success 1000 = 0.158
I0528 14:50:29.424176 22895222769216 terminal.py:91] [Evaluator] Actor Episodes = 1691 | Actor Steps = 84550 | Delta Dist = 9.983 | Delta Dist 10 = 9.967 | Delta Dist 100 = 9.411 | Delta Dist 1000 = 8.144 | Episode Length = 50 | Episode Return = 5.0 | Evaluator Episodes = 422 | Evaluator Steps = 21100 | Final Dist = 1.331 | Final Dist 10 = 1.346 | Final Dist 100 = 1.903 | Final Dist 1000 = 3.169 | Init Dist = 11.314 | Init Dist 10 = 11.314 | Init Dist 100 = 11.314 | Init Dist 1000 = 11.314 | Learner Steps = 1164 | Learner Walltime = 175.885 | Min Dist = 0.112 | Min Dist 10 = 0.399 | Min Dist 100 = 0.819 | Min Dist 1000 = 2.322 | Steps Per Second = 76.812 | Success = 1.000 | Success 1000 = 0.162
I0528 14:50:29.663681 22892410500672 terminal.py:91] [Actor] Actor Episodes = 1692 | Actor Steps = 84600 | Delta Dist = 9.624 | Delta Dist 10 = 7.354 | Delta Dist 100 = 7.626 | Delta Dist 1000 = 6.513 | Episode Length = 50 | Episode Return = 2.0 | Evaluator Episodes = 420 | Evaluator Steps = 21000 | Final Dist = 1.690 | Final Dist 10 = 3.960 | Final Dist 100 = 3.688 | Final Dist 1000 = 4.800 | Init Dist = 11.314 | Init Dist 10 = 11.314 | Init Dist 100 = 11.314 | Init Dist 1000 = 11.314 | Learner Steps = 1164 | Learner Walltime = 175.885 | Min Dist = 1.306 | Min Dist 10 = 0.588 | Min Dist 100 = 0.793 | Min Dist 1000 = 1.889 | Steps Per Second = 70.510 | Success = 0.000 | Success 1000 = 0.205
I0528 14:50:30.222267 22892391589440 terminal.py:91] [Actor] Actor Episodes = 1694 | Actor Steps = 84700 | Delta Dist = 10.202 | Delta Dist 10 = 7.291 | Delta Dist 100 = 7.717 | Delta Dist 1000 = 6.525 | Episode Length = 50 | Episode Return = 5.0 | Evaluator Episodes = 422 | Evaluator Steps = 21100 | Final Dist = 1.112 | Final Dist 10 = 4.023 | Final Dist 100 = 3.597 | Final Dist 1000 = 4.789 | Init Dist = 11.314 | Init Dist 10 = 11.314 | Init Dist 100 = 11.314 | Init Dist 1000 = 11.314 | Learner Steps = 1164 | Learner Walltime = 175.885 | Min Dist = 0.420 | Min Dist 10 = 0.558 | Min Dist 100 = 0.794 | Min Dist 1000 = 1.884 | Steps Per Second = 78.293 | Success = 1.000 | Success 1000 = 0.207
I0528 14:50:30.717352 22895222769216 terminal.py:91] [Evaluator] Actor Episodes = 1699 | Actor Steps = 84950 | Delta Dist = 9.760 | Delta Dist 10 = 10.005 | Delta Dist 100 = 9.421 | Delta Dist 1000 = 8.152 | Episode Length = 50 | Episode Return = 4.0 | Evaluator Episodes = 424 | Evaluator Steps = 21200 | Final Dist = 1.553 | Final Dist 10 = 1.308 | Final Dist 100 = 1.893 | Final Dist 1000 = 3.161 | Init Dist = 11.314 | Init Dist 10 = 11.314 | Init Dist 100 = 11.314 | Init Dist 1000 = 11.314 | Learner Steps = 1175 | Learner Walltime = 177.948 | Min Dist = 0.268 | Min Dist 10 = 0.346 | Min Dist 100 = 0.796 | Min Dist 1000 = 2.313 | Steps Per Second = 78.621 | Success = 1.000 | Success 1000 = 0.165
I0528 14:50:30.777884 22892418905664 terminal.py:91] [Actor] Actor Episodes = 1698 | Actor Steps = 84900 | Delta Dist = 9.725 | Delta Dist 10 = 8.249 | Delta Dist 100 = 7.825 | Delta Dist 1000 = 6.545 | Episode Length = 50 | Episode Return = 3.0 | Evaluator Episodes = 422 | Evaluator Steps = 21100 | Final Dist = 1.589 | Final Dist 10 = 3.064 | Final Dist 100 = 3.489 | Final Dist 1000 = 4.768 | Init Dist = 11.314 | Init Dist 10 = 11.314 | Init Dist 100 = 11.314 | Init Dist 1000 = 11.314 | Learner Steps = 1169 | Learner Walltime = 176.915 | Min Dist = 0.709 | Min Dist 10 = 0.586 | Min Dist 100 = 0.789 | Min Dist 1000 = 1.871 | Steps Per Second = 79.446 | Success = 1.000 | Success 1000 = 0.210
I0528 14:50:31.148200 22892421006912 terminal.py:91] [Actor] Actor Episodes = 1703 | Actor Steps = 85150 | Delta Dist = 9.914 | Delta Dist 10 = 9.303 | Delta Dist 100 = 7.941 | Delta Dist 1000 = 6.547 | Episode Length = 50 | Episode Return = 3.0 | Evaluator Episodes = 424 | Evaluator Steps = 21200 | Final Dist = 1.400 | Final Dist 10 = 2.011 | Final Dist 100 = 3.373 | Final Dist 1000 = 4.767 | Init Dist = 11.314 | Init Dist 10 = 11.314 | Init Dist 100 = 11.314 | Init Dist 1000 = 11.314 | Learner Steps = 1175 | Learner Walltime = 177.948 | Min Dist = 0.424 | Min Dist 10 = 0.548 | Min Dist 100 = 0.787 | Min Dist 1000 = 1.867 | Steps Per Second = 86.934 | Success = 1.000 | Success 1000 = 0.213
I0528 14:50:31.632791 22918291473984 lp_utils.py:96] StepsLimiter: Reached 85250 recorded steps
I0528 14:50:31.904214 22895222769216 terminal.py:91] [Evaluator] Actor Episodes = 1707 | Actor Steps = 85350 | Delta Dist = 9.985 | Delta Dist 10 = 10.004 | Delta Dist 100 = 9.422 | Delta Dist 1000 = 8.160 | Episode Length = 50 | Episode Return = 2.0 | Evaluator Episodes = 426 | Evaluator Steps = 21300 | Final Dist = 1.329 | Final Dist 10 = 1.310 | Final Dist 100 = 1.892 | Final Dist 1000 = 3.154 | Init Dist = 11.314 | Init Dist 10 = 11.314 | Init Dist 100 = 11.314 | Init Dist 1000 = 11.314 | Learner Steps = 1179 | Learner Walltime = 178.954 | Min Dist = 0.701 | Min Dist 10 = 0.332 | Min Dist 100 = 0.772 | Min Dist 1000 = 2.303 | Steps Per Second = 83.801 | Success = 1.000 | Success 1000 = 0.169
I0528 14:50:33.287391 22895222769216 terminal.py:91] [Evaluator] Actor Episodes = 1715 | Actor Steps = 85750 | Delta Dist = 10.369 | Delta Dist 10 = 9.923 | Delta Dist 100 = 9.420 | Delta Dist 1000 = 8.167 | Episode Length = 50 | Episode Return = 12.0 | Evaluator Episodes = 428 | Evaluator Steps = 21400 | Final Dist = 0.945 | Final Dist 10 = 1.391 | Final Dist 100 = 1.894 | Final Dist 1000 = 3.147 | Init Dist = 11.314 | Init Dist 10 = 11.314 | Init Dist 100 = 11.314 | Init Dist 1000 = 11.314 | Learner Steps = 1185 | Learner Walltime = 179.980 | Min Dist = 0.367 | Min Dist 10 = 0.362 | Min Dist 100 = 0.755 | Min Dist 1000 = 2.295 | Steps Per Second = 71.625 | Success = 1.000 | Success 1000 = 0.173
I0528 14:50:34.320587 22897759475264 savers.py:156] Saving checkpoint: /home/gliu2/rebuttal/checkpoints/contrastive_cpc_point_FourRooms_0/checkpoints/learner
I0528 14:50:34.591417 22895222769216 terminal.py:91] [Evaluator] Actor Episodes = 1723 | Actor Steps = 86150 | Delta Dist = 10.048 | Delta Dist 10 = 9.993 | Delta Dist 100 = 9.455 | Delta Dist 1000 = 8.178 | Episode Length = 50 | Episode Return = 11.0 | Evaluator Episodes = 430 | Evaluator Steps = 21500 | Final Dist = 1.266 | Final Dist 10 = 1.321 | Final Dist 100 = 1.859 | Final Dist 1000 = 3.136 | Init Dist = 11.314 | Init Dist 10 = 11.314 | Init Dist 100 = 11.314 | Init Dist 1000 = 11.314 | Learner Steps = 1190 | Learner Walltime = 181.187 | Min Dist = 0.050 | Min Dist 10 = 0.398 | Min Dist 100 = 0.734 | Min Dist 1000 = 2.286 | Steps Per Second = 78.876 | Success = 1.000 | Success 1000 = 0.177
I0528 14:50:35.234022 22863692109376 terminal.py:91] [Learner] Actor Episodes = 1725 | Actor Loss = 7.27736759185791 | Actor Steps = 86250 | Binary Accuracy = 0.9960591793060303 | Categorical Accuracy = 0.1005859375 | Critic Loss = 4.0350823402404785 | Entropy Mean = -10.406658172607422 | Evaluator Episodes = 430 | Evaluator Steps = 21500 | Learner Steps = 1196 | Learner Walltime = 182.503 | Logits Neg = -16.954242706298828 | Logits Pos = -4.011355400085449 | Logsumexp = 0.46583259105682373 | Steps Per Second = 274.352
I0528 14:50:35.734488 22895222769216 terminal.py:91] [Evaluator] Actor Episodes = 1731 | Actor Steps = 86550 | Delta Dist = 9.516 | Delta Dist 10 = 9.902 | Delta Dist 100 = 9.463 | Delta Dist 1000 = 8.185 | Episode Length = 50 | Episode Return = 8.0 | Evaluator Episodes = 432 | Evaluator Steps = 21600 | Final Dist = 1.797 | Final Dist 10 = 1.411 | Final Dist 100 = 1.851 | Final Dist 1000 = 3.129 | Init Dist = 11.314 | Init Dist 10 = 11.314 | Init Dist 100 = 11.314 | Init Dist 1000 = 11.314 | Learner Steps = 1195 | Learner Walltime = 182.269 | Min Dist = 0.401 | Min Dist 10 = 0.341 | Min Dist 100 = 0.711 | Min Dist 1000 = 2.276 | Steps Per Second = 95.318 | Success = 1.000 | Success 1000 = 0.181
I0528 14:50:36.787973 22895222769216 terminal.py:91] [Evaluator] Actor Episodes = 1739 | Actor Steps = 86950 | Delta Dist = 10.554 | Delta Dist 10 = 9.859 | Delta Dist 100 = 9.479 | Delta Dist 1000 = 8.192 | Episode Length = 50 | Episode Return = 10.0 | Evaluator Episodes = 434 | Evaluator Steps = 21700 | Final Dist = 0.759 | Final Dist 10 = 1.454 | Final Dist 100 = 1.835 | Final Dist 1000 = 3.122 | Init Dist = 11.314 | Init Dist 10 = 11.314 | Init Dist 100 = 11.314 | Init Dist 1000 = 11.314 | Learner Steps = 1201 | Learner Walltime = 183.448 | Min Dist = 0.473 | Min Dist 10 = 0.392 | Min Dist 100 = 0.692 | Min Dist 1000 = 2.268 | Steps Per Second = 92.852 | Success = 1.000 | Success 1000 = 0.185
I0528 14:50:37.914498 22895222769216 terminal.py:91] [Evaluator] Actor Episodes = 1747 | Actor Steps = 87350 | Delta Dist = 10.067 | Delta Dist 10 = 9.856 | Delta Dist 100 = 9.492 | Delta Dist 1000 = 8.199 | Episode Length = 50 | Episode Return = 7.0 | Evaluator Episodes = 436 | Evaluator Steps = 21800 | Final Dist = 1.247 | Final Dist 10 = 1.458 | Final Dist 100 = 1.822 | Final Dist 1000 = 3.115 | Init Dist = 11.314 | Init Dist 10 = 11.314 | Init Dist 100 = 11.314 | Init Dist 1000 = 11.314 | Learner Steps = 1208 | Learner Walltime = 184.530 | Min Dist = 0.229 | Min Dist 10 = 0.416 | Min Dist 100 = 0.671 | Min Dist 1000 = 2.259 | Steps Per Second = 86.355 | Success = 1.000 | Success 1000 = 0.189
I0528 14:50:39.085339 22895222769216 terminal.py:91] [Evaluator] Actor Episodes = 1755 | Actor Steps = 87750 | Delta Dist = 10.653 | Delta Dist 10 = 9.882 | Delta Dist 100 = 9.510 | Delta Dist 1000 = 8.206 | Episode Length = 50 | Episode Return = 8.0 | Evaluator Episodes = 438 | Evaluator Steps = 21900 | Final Dist = 0.660 | Final Dist 10 = 1.431 | Final Dist 100 = 1.804 | Final Dist 1000 = 3.108 | Init Dist = 11.314 | Init Dist 10 = 11.314 | Init Dist 100 = 11.314 | Init Dist 1000 = 11.314 | Learner Steps = 1214 | Learner Walltime = 185.542 | Min Dist = 0.307 | Min Dist 10 = 0.360 | Min Dist 100 = 0.647 | Min Dist 1000 = 2.251 | Steps Per Second = 84.817 | Success = 1.000 | Success 1000 = 0.192
I0528 14:50:39.874682 22892410500672 terminal.py:91] [Actor] Actor Episodes = 1763 | Actor Steps = 88150 | Delta Dist = 10.412 | Delta Dist 10 = 8.127 | Delta Dist 100 = 8.236 | Delta Dist 1000 = 6.788 | Episode Length = 50 | Episode Return = 11.0 | Evaluator Episodes = 438 | Evaluator Steps = 21900 | Final Dist = 0.902 | Final Dist 10 = 3.187 | Final Dist 100 = 3.078 | Final Dist 1000 = 4.526 | Init Dist = 11.314 | Init Dist 10 = 11.314 | Init Dist 100 = 11.314 | Init Dist 1000 = 11.314 | Learner Steps = 1220 | Learner Walltime = 186.581 | Min Dist = 0.419 | Min Dist 10 = 0.476 | Min Dist 100 = 0.486 | Min Dist 1000 = 1.766 | Steps Per Second = 97.778 | Success = 1.000 | Success 1000 = 0.267
I0528 14:50:40.266250 22895222769216 terminal.py:91] [Evaluator] Actor Episodes = 1763 | Actor Steps = 88150 | Delta Dist = 9.593 | Delta Dist 10 = 9.758 | Delta Dist 100 = 9.533 | Delta Dist 1000 = 8.214 | Episode Length = 50 | Episode Return = 8.0 | Evaluator Episodes = 440 | Evaluator Steps = 22000 | Final Dist = 1.721 | Final Dist 10 = 1.556 | Final Dist 100 = 1.781 | Final Dist 1000 = 3.100 | Init Dist = 11.314 | Init Dist 10 = 11.314 | Init Dist 100 = 11.314 | Init Dist 1000 = 11.314 | Learner Steps = 1220 | Learner Walltime = 186.581 | Min Dist = 0.337 | Min Dist 10 = 0.342 | Min Dist 100 = 0.624 | Min Dist 1000 = 2.241 | Steps Per Second = 80.898 | Success = 1.000 | Success 1000 = 0.196
I0528 14:50:40.518682 22892391589440 terminal.py:91] [Actor] Actor Episodes = 1765 | Actor Steps = 88250 | Delta Dist = 10.841 | Delta Dist 10 = 9.228 | Delta Dist 100 = 8.326 | Delta Dist 1000 = 6.817 | Episode Length = 50 | Episode Return = 12.0 | Evaluator Episodes = 440 | Evaluator Steps = 22000 | Final Dist = 0.472 | Final Dist 10 = 2.086 | Final Dist 100 = 2.988 | Final Dist 1000 = 4.497 | Init Dist = 11.314 | Init Dist 10 = 11.314 | Init Dist 100 = 11.314 | Init Dist 1000 = 11.314 | Learner Steps = 1226 | Learner Walltime = 187.708 | Min Dist = 0.445 | Min Dist 10 = 0.413 | Min Dist 100 = 0.463 | Min Dist 1000 = 1.759 | Steps Per Second = 92.630 | Success = 1.000 | Success 1000 = 0.272
I0528 14:50:40.859159 22892418905664 terminal.py:91] [Actor] Actor Episodes = 1769 | Actor Steps = 88450 | Delta Dist = 9.803 | Delta Dist 10 = 9.524 | Delta Dist 100 = 8.378 | Delta Dist 1000 = 6.817 | Episode Length = 50 | Episode Return = 13.0 | Evaluator Episodes = 440 | Evaluator Steps = 22000 | Final Dist = 1.511 | Final Dist 10 = 1.790 | Final Dist 100 = 2.936 | Final Dist 1000 = 4.497 | Init Dist = 11.314 | Init Dist 10 = 11.314 | Init Dist 100 = 11.314 | Init Dist 1000 = 11.314 | Learner Steps = 1226 | Learner Walltime = 187.708 | Min Dist = 0.225 | Min Dist 10 = 0.397 | Min Dist 100 = 0.453 | Min Dist 1000 = 1.757 | Steps Per Second = 87.933 | Success = 1.000 | Success 1000 = 0.274
I0528 14:50:41.187588 22892421006912 terminal.py:91] [Actor] Actor Episodes = 1768 | Actor Steps = 88400 | Delta Dist = 9.756 | Delta Dist 10 = 9.459 | Delta Dist 100 = 8.526 | Delta Dist 1000 = 6.835 | Episode Length = 50 | Episode Return = 8.0 | Evaluator Episodes = 440 | Evaluator Steps = 22000 | Final Dist = 1.557 | Final Dist 10 = 1.855 | Final Dist 100 = 2.788 | Final Dist 1000 = 4.479 | Init Dist = 11.314 | Init Dist 10 = 11.314 | Init Dist 100 = 11.314 | Init Dist 1000 = 11.314 | Learner Steps = 1226 | Learner Walltime = 187.708 | Min Dist = 0.438 | Min Dist 10 = 0.386 | Min Dist 100 = 0.455 | Min Dist 1000 = 1.744 | Steps Per Second = 100.475 | Success = 1.000 | Success 1000 = 0.277
I0528 14:50:41.285343 22895222769216 terminal.py:91] [Evaluator] Actor Episodes = 1771 | Actor Steps = 88550 | Delta Dist = 9.987 | Delta Dist 10 = 9.717 | Delta Dist 100 = 9.546 | Delta Dist 1000 = 8.220 | Episode Length = 50 | Episode Return = 9.0 | Evaluator Episodes = 442 | Evaluator Steps = 22100 | Final Dist = 1.327 | Final Dist 10 = 1.597 | Final Dist 100 = 1.768 | Final Dist 1000 = 3.094 | Init Dist = 11.314 | Init Dist 10 = 11.314 | Init Dist 100 = 11.314 | Init Dist 1000 = 11.314 | Learner Steps = 1226 | Learner Walltime = 187.708 | Min Dist = 0.389 | Min Dist 10 = 0.353 | Min Dist 100 = 0.603 | Min Dist 1000 = 2.233 | Steps Per Second = 104.154 | Success = 1.000 | Success 1000 = 0.200
I0528 14:50:41.651908 22918291473984 lp_utils.py:96] StepsLimiter: Reached 88650 recorded steps
I0528 14:50:42.745372 22895222769216 terminal.py:91] [Evaluator] Actor Episodes = 1781 | Actor Steps = 89050 | Delta Dist = 10.518 | Delta Dist 10 = 9.571 | Delta Dist 100 = 9.547 | Delta Dist 1000 = 8.228 | Episode Length = 50 | Episode Return = 11.0 | Evaluator Episodes = 445 | Evaluator Steps = 22250 | Final Dist = 0.796 | Final Dist 10 = 1.742 | Final Dist 100 = 1.767 | Final Dist 1000 = 3.086 | Init Dist = 11.314 | Init Dist 10 = 11.314 | Init Dist 100 = 11.314 | Init Dist 1000 = 11.314 | Learner Steps = 1238 | Learner Walltime = 189.822 | Min Dist = 0.273 | Min Dist 10 = 0.327 | Min Dist 100 = 0.572 | Min Dist 1000 = 2.221 | Steps Per Second = 103.781 | Success = 1.000 | Success 1000 = 0.205
I0528 14:50:44.179437 22895222769216 terminal.py:91] [Evaluator] Actor Episodes = 1792 | Actor Steps = 89600 | Delta Dist = 10.143 | Delta Dist 10 = 9.728 | Delta Dist 100 = 9.583 | Delta Dist 1000 = 8.240 | Episode Length = 50 | Episode Return = 7.0 | Evaluator Episodes = 448 | Evaluator Steps = 22400 | Final Dist = 1.171 | Final Dist 10 = 1.586 | Final Dist 100 = 1.731 | Final Dist 1000 = 3.074 | Init Dist = 11.314 | Init Dist 10 = 11.314 | Init Dist 100 = 11.314 | Init Dist 1000 = 11.314 | Learner Steps = 1246 | Learner Walltime = 190.892 | Min Dist = 0.362 | Min Dist 10 = 0.323 | Min Dist 100 = 0.535 | Min Dist 1000 = 2.207 | Steps Per Second = 99.942 | Success = 1.000 | Success 1000 = 0.210
I0528 14:50:45.393001 22863692109376 terminal.py:91] [Learner] Actor Episodes = 1801 | Actor Loss = 7.332411766052246 | Actor Steps = 90050 | Binary Accuracy = 0.9960126876831055 | Categorical Accuracy = 0.0986328125 | Critic Loss = 4.060288429260254 | Entropy Mean = -11.143270492553711 | Evaluator Episodes = 448 | Evaluator Steps = 22400 | Learner Steps = 1257 | Learner Walltime = 192.665 | Logits Neg = -16.30086898803711 | Logits Pos = -4.0339813232421875 | Logsumexp = 0.5101984739303589 | Steps Per Second = 228.398
I0528 14:50:45.649245 22895222769216 terminal.py:91] [Evaluator] Actor Episodes = 1804 | Actor Steps = 90200 | Delta Dist = 10.439 | Delta Dist 10 = 9.777 | Delta Dist 100 = 9.608 | Delta Dist 1000 = 8.252 | Episode Length = 50 | Episode Return = 9.0 | Evaluator Episodes = 451 | Evaluator Steps = 22550 | Final Dist = 0.875 | Final Dist 10 = 1.537 | Final Dist 100 = 1.706 | Final Dist 1000 = 3.062 | Init Dist = 11.314 | Init Dist 10 = 11.314 | Init Dist 100 = 11.314 | Init Dist 1000 = 11.314 | Learner Steps = 1254 | Learner Walltime = 192.221 | Min Dist = 0.310 | Min Dist 10 = 0.320 | Min Dist 100 = 0.500 | Min Dist 1000 = 2.195 | Steps Per Second = 104.885 | Success = 1.000 | Success 1000 = 0.216
I0528 14:50:46.757611 22895222769216 terminal.py:91] [Evaluator] Actor Episodes = 1813 | Actor Steps = 90650 | Delta Dist = 9.416 | Delta Dist 10 = 9.840 | Delta Dist 100 = 9.630 | Delta Dist 1000 = 8.260 | Episode Length = 50 | Episode Return = 9.0 | Evaluator Episodes = 453 | Evaluator Steps = 22650 | Final Dist = 1.898 | Final Dist 10 = 1.473 | Final Dist 100 = 1.684 | Final Dist 1000 = 3.054 | Init Dist = 11.314 | Init Dist 10 = 11.314 | Init Dist 100 = 11.314 | Init Dist 1000 = 11.314 | Learner Steps = 1261 | Learner Walltime = 193.278 | Min Dist = 0.330 | Min Dist 10 = 0.321 | Min Dist 100 = 0.476 | Min Dist 1000 = 2.186 | Steps Per Second = 83.107 | Success = 1.000 | Success 1000 = 0.219
I0528 14:50:48.064616 22895222769216 terminal.py:91] [Evaluator] Actor Episodes = 1821 | Actor Steps = 91050 | Delta Dist = 10.888 | Delta Dist 10 = 9.840 | Delta Dist 100 = 9.632 | Delta Dist 1000 = 8.264 | Episode Length = 50 | Episode Return = 10.0 | Evaluator Episodes = 455 | Evaluator Steps = 22750 | Final Dist = 0.426 | Final Dist 10 = 1.474 | Final Dist 100 = 1.681 | Final Dist 1000 = 3.050 | Init Dist = 11.314 | Init Dist 10 = 11.314 | Init Dist 100 = 11.314 | Init Dist 1000 = 11.314 | Learner Steps = 1267 | Learner Walltime = 194.599 | Min Dist = 0.309 | Min Dist 10 = 0.290 | Min Dist 100 = 0.451 | Min Dist 1000 = 2.178 | Steps Per Second = 72.645 | Success = 1.000 | Success 1000 = 0.222
I0528 14:50:49.457026 22895222769216 terminal.py:91] [Evaluator] Actor Episodes = 1829 | Actor Steps = 91450 | Delta Dist = 10.030 | Delta Dist 10 = 9.935 | Delta Dist 100 = 9.663 | Delta Dist 1000 = 8.277 | Episode Length = 50 | Episode Return = 12.0 | Evaluator Episodes = 458 | Evaluator Steps = 22900 | Final Dist = 1.284 | Final Dist 10 = 1.379 | Final Dist 100 = 1.651 | Final Dist 1000 = 3.037 | Init Dist = 11.314 | Init Dist 10 = 11.314 | Init Dist 100 = 11.314 | Init Dist 1000 = 11.314 | Learner Steps = 1280 | Learner Walltime = 196.632 | Min Dist = 0.233 | Min Dist 10 = 0.304 | Min Dist 100 = 0.417 | Min Dist 1000 = 2.166 | Steps Per Second = 111.392 | Success = 1.000 | Success 1000 = 0.228
I0528 14:50:50.109784 22892410500672 terminal.py:91] [Actor] Actor Episodes = 1836 | Actor Steps = 91800 | Delta Dist = 10.019 | Delta Dist 10 = 8.236 | Delta Dist 100 = 7.878 | Delta Dist 1000 = 6.958 | Episode Length = 50 | Episode Return = 11.0 | Evaluator Episodes = 458 | Evaluator Steps = 22900 | Final Dist = 1.295 | Final Dist 10 = 3.078 | Final Dist 100 = 3.436 | Final Dist 1000 = 4.356 | Init Dist = 11.314 | Init Dist 10 = 11.314 | Init Dist 100 = 11.314 | Init Dist 1000 = 11.314 | Learner Steps = 1280 | Learner Walltime = 196.632 | Min Dist = 0.429 | Min Dist 10 = 0.291 | Min Dist 100 = 0.543 | Min Dist 1000 = 1.622 | Steps Per Second = 90.735 | Success = 1.000 | Success 1000 = 0.339
I0528 14:50:50.470164 22895222769216 terminal.py:91] [Evaluator] Actor Episodes = 1841 | Actor Steps = 92050 | Delta Dist = 10.012 | Delta Dist 10 = 9.956 | Delta Dist 100 = 9.678 | Delta Dist 1000 = 8.287 | Episode Length = 50 | Episode Return = 11.0 | Evaluator Episodes = 460 | Evaluator Steps = 23000 | Final Dist = 1.302 | Final Dist 10 = 1.358 | Final Dist 100 = 1.636 | Final Dist 1000 = 3.027 | Init Dist = 11.314 | Init Dist 10 = 11.314 | Init Dist 100 = 11.314 | Init Dist 1000 = 11.314 | Learner Steps = 1280 | Learner Walltime = 196.632 | Min Dist = 0.192 | Min Dist 10 = 0.289 | Min Dist 100 = 0.401 | Min Dist 1000 = 2.157 | Steps Per Second = 98.449 | Success = 1.000 | Success 1000 = 0.231
I0528 14:50:50.844636 22892391589440 terminal.py:91] [Actor] Actor Episodes = 1845 | Actor Steps = 92250 | Delta Dist = 9.095 | Delta Dist 10 = 9.273 | Delta Dist 100 = 7.911 | Delta Dist 1000 = 7.008 | Episode Length = 50 | Episode Return = 9.0 | Evaluator Episodes = 460 | Evaluator Steps = 23000 | Final Dist = 2.219 | Final Dist 10 = 2.040 | Final Dist 100 = 3.403 | Final Dist 1000 = 4.306 | Init Dist = 11.314 | Init Dist 10 = 11.314 | Init Dist 100 = 11.314 | Init Dist 1000 = 11.314 | Learner Steps = 1286 | Learner Walltime = 197.781 | Min Dist = 0.396 | Min Dist 10 = 0.405 | Min Dist 100 = 0.542 | Min Dist 1000 = 1.595 | Steps Per Second = 107.253 | Success = 1.000 | Success 1000 = 0.345
I0528 14:50:51.168037 22892418905664 terminal.py:91] [Actor] Actor Episodes = 1843 | Actor Steps = 92150 | Delta Dist = 10.359 | Delta Dist 10 = 10.061 | Delta Dist 100 = 7.979 | Delta Dist 1000 = 7.029 | Episode Length = 50 | Episode Return = 10.0 | Evaluator Episodes = 458 | Evaluator Steps = 22900 | Final Dist = 0.955 | Final Dist 10 = 1.253 | Final Dist 100 = 3.335 | Final Dist 1000 = 4.285 | Init Dist = 11.314 | Init Dist 10 = 11.314 | Init Dist 100 = 11.314 | Init Dist 1000 = 11.314 | Learner Steps = 1280 | Learner Walltime = 196.632 | Min Dist = 0.312 | Min Dist 10 = 0.437 | Min Dist 100 = 0.541 | Min Dist 1000 = 1.581 | Steps Per Second = 104.704 | Success = 1.000 | Success 1000 = 0.348
I0528 14:50:51.503504 22895222769216 terminal.py:91] [Evaluator] Actor Episodes = 1848 | Actor Steps = 92400 | Delta Dist = 10.250 | Delta Dist 10 = 9.954 | Delta Dist 100 = 9.686 | Delta Dist 1000 = 8.293 | Episode Length = 50 | Episode Return = 10.0 | Evaluator Episodes = 462 | Evaluator Steps = 23100 | Final Dist = 1.064 | Final Dist 10 = 1.360 | Final Dist 100 = 1.627 | Final Dist 1000 = 3.020 | Init Dist = 11.314 | Init Dist 10 = 11.314 | Init Dist 100 = 11.314 | Init Dist 1000 = 11.314 | Learner Steps = 1286 | Learner Walltime = 197.781 | Min Dist = 0.336 | Min Dist 10 = 0.300 | Min Dist 100 = 0.394 | Min Dist 1000 = 2.149 | Steps Per Second = 90.561 | Success = 1.000 | Success 1000 = 0.234
I0528 14:50:51.594825 22892421006912 terminal.py:91] [Actor] Actor Episodes = 1850 | Actor Steps = 92500 | Delta Dist = 10.286 | Delta Dist 10 = 10.185 | Delta Dist 100 = 8.009 | Delta Dist 1000 = 7.050 | Episode Length = 50 | Episode Return = 10.0 | Evaluator Episodes = 462 | Evaluator Steps = 23100 | Final Dist = 1.028 | Final Dist 10 = 1.128 | Final Dist 100 = 3.305 | Final Dist 1000 = 4.264 | Init Dist = 11.314 | Init Dist 10 = 11.314 | Init Dist 100 = 11.314 | Init Dist 1000 = 11.314 | Learner Steps = 1286 | Learner Walltime = 197.781 | Min Dist = 0.579 | Min Dist 10 = 0.411 | Min Dist 100 = 0.538 | Min Dist 1000 = 1.575 | Steps Per Second = 98.749 | Success = 1.000 | Success 1000 = 0.351
I0528 14:50:51.671390 22918291473984 lp_utils.py:96] StepsLimiter: Reached 92500 recorded steps
I0528 14:50:53.022633 22895222769216 terminal.py:91] [Evaluator] Actor Episodes = 1861 | Actor Steps = 93050 | Delta Dist = 10.547 | Delta Dist 10 = 10.258 | Delta Dist 100 = 9.731 | Delta Dist 1000 = 8.307 | Episode Length = 50 | Episode Return = 11.0 | Evaluator Episodes = 465 | Evaluator Steps = 23250 | Final Dist = 0.767 | Final Dist 10 = 1.055 | Final Dist 100 = 1.583 | Final Dist 1000 = 3.007 | Init Dist = 11.314 | Init Dist 10 = 11.314 | Init Dist 100 = 11.314 | Init Dist 1000 = 11.314 | Learner Steps = 1301 | Learner Walltime = 200.128 | Min Dist = 0.381 | Min Dist 10 = 0.316 | Min Dist 100 = 0.385 | Min Dist 1000 = 2.138 | Steps Per Second = 92.266 | Success = 1.000 | Success 1000 = 0.239
I0528 14:50:54.484913 22895222769216 terminal.py:91] [Evaluator] Actor Episodes = 1876 | Actor Steps = 93800 | Delta Dist = 9.695 | Delta Dist 10 = 10.156 | Delta Dist 100 = 9.767 | Delta Dist 1000 = 8.317 | Episode Length = 50 | Episode Return = 11.0 | Evaluator Episodes = 468 | Evaluator Steps = 23400 | Final Dist = 1.619 | Final Dist 10 = 1.158 | Final Dist 100 = 1.547 | Final Dist 1000 = 2.996 | Init Dist = 11.314 | Init Dist 10 = 11.314 | Init Dist 100 = 11.314 | Init Dist 1000 = 11.314 | Learner Steps = 1307 | Learner Walltime = 201.157 | Min Dist = 0.304 | Min Dist 10 = 0.300 | Min Dist 100 = 0.380 | Min Dist 1000 = 2.126 | Steps Per Second = 101.027 | Success = 1.000 | Success 1000 = 0.244
I0528 14:50:55.398437 22863692109376 terminal.py:91] [Learner] Actor Episodes = 1876 | Actor Loss = 6.987808704376221 | Actor Steps = 93800 | Binary Accuracy = 0.9960408210754395 | Categorical Accuracy = 0.101318359375 | Critic Loss = 4.03122615814209 | Entropy Mean = -9.965551376342773 | Evaluator Episodes = 468 | Evaluator Steps = 23400 | Learner Steps = 1316 | Learner Walltime = 202.667 | Logits Neg = -16.3133544921875 | Logits Pos = -4.0380539894104 | Logsumexp = 0.5322725772857666 | Steps Per Second = 245.483
I0528 14:50:55.531086 22895222769216 terminal.py:91] [Evaluator] Actor Episodes = 1884 | Actor Steps = 94200 | Delta Dist = 9.950 | Delta Dist 10 = 9.950 | Delta Dist 100 = 9.779 | Delta Dist 1000 = 8.322 | Episode Length = 50 | Episode Return = 9.0 | Evaluator Episodes = 470 | Evaluator Steps = 23500 | Final Dist = 1.364 | Final Dist 10 = 1.364 | Final Dist 100 = 1.534 | Final Dist 1000 = 2.991 | Init Dist = 11.314 | Init Dist 10 = 11.314 | Init Dist 100 = 11.314 | Init Dist 1000 = 11.314 | Learner Steps = 1314 | Learner Walltime = 202.273 | Min Dist = 0.524 | Min Dist 10 = 0.314 | Min Dist 100 = 0.375 | Min Dist 1000 = 2.118 | Steps Per Second = 97.360 | Success = 1.000 | Success 1000 = 0.247
I0528 14:50:56.582842 22895222769216 terminal.py:91] [Evaluator] Actor Episodes = 1886 | Actor Steps = 94300 | Delta Dist = 10.728 | Delta Dist 10 = 10.070 | Delta Dist 100 = 9.812 | Delta Dist 1000 = 8.331 | Episode Length = 50 | Episode Return = 14.0 | Evaluator Episodes = 472 | Evaluator Steps = 23600 | Final Dist = 0.586 | Final Dist 10 = 1.244 | Final Dist 100 = 1.502 | Final Dist 1000 = 2.983 | Init Dist = 11.314 | Init Dist 10 = 11.314 | Init Dist 100 = 11.314 | Init Dist 1000 = 11.314 | Learner Steps = 1320 | Learner Walltime = 203.294 | Min Dist = 0.347 | Min Dist 10 = 0.348 | Min Dist 100 = 0.376 | Min Dist 1000 = 2.111 | Steps Per Second = 87.039 | Success = 1.000 | Success 1000 = 0.251
I0528 14:50:57.604513 22895222769216 terminal.py:91] [Evaluator] Actor Episodes = 1897 | Actor Steps = 94850 | Delta Dist = 9.290 | Delta Dist 10 = 10.099 | Delta Dist 100 = 9.810 | Delta Dist 1000 = 8.340 | Episode Length = 50 | Episode Return = 11.0 | Evaluator Episodes = 474 | Evaluator Steps = 23700 | Final Dist = 2.023 | Final Dist 10 = 1.215 | Final Dist 100 = 1.503 | Final Dist 1000 = 2.974 | Init Dist = 11.314 | Init Dist 10 = 11.314 | Init Dist 100 = 11.314 | Init Dist 1000 = 11.314 | Learner Steps = 1326 | Learner Walltime = 204.364 | Min Dist = 0.315 | Min Dist 10 = 0.352 | Min Dist 100 = 0.374 | Min Dist 1000 = 2.104 | Steps Per Second = 96.117 | Success = 1.000 | Success 1000 = 0.254
I0528 14:50:58.623843 22895222769216 terminal.py:91] [Evaluator] Actor Episodes = 1905 | Actor Steps = 95250 | Delta Dist = 10.512 | Delta Dist 10 = 9.848 | Delta Dist 100 = 9.802 | Delta Dist 1000 = 8.344 | Episode Length = 50 | Episode Return = 14.0 | Evaluator Episodes = 476 | Evaluator Steps = 23800 | Final Dist = 0.802 | Final Dist 10 = 1.466 | Final Dist 100 = 1.511 | Final Dist 1000 = 2.970 | Init Dist = 11.314 | Init Dist 10 = 11.314 | Init Dist 100 = 11.314 | Init Dist 1000 = 11.314 | Learner Steps = 1333 | Learner Walltime = 205.497 | Min Dist = 0.118 | Min Dist 10 = 0.355 | Min Dist 100 = 0.376 | Min Dist 1000 = 2.097 | Steps Per Second = 104.872 | Success = 1.000 | Success 1000 = 0.257
I0528 14:50:59.769378 22895222769216 terminal.py:91] [Evaluator] Actor Episodes = 1916 | Actor Steps = 95800 | Delta Dist = 9.559 | Delta Dist 10 = 10.016 | Delta Dist 100 = 9.828 | Delta Dist 1000 = 8.353 | Episode Length = 50 | Episode Return = 12.0 | Evaluator Episodes = 478 | Evaluator Steps = 23900 | Final Dist = 1.755 | Final Dist 10 = 1.298 | Final Dist 100 = 1.486 | Final Dist 1000 = 2.961 | Init Dist = 11.314 | Init Dist 10 = 11.314 | Init Dist 100 = 11.314 | Init Dist 1000 = 11.314 | Learner Steps = 1340 | Learner Walltime = 206.662 | Min Dist = 0.248 | Min Dist 10 = 0.370 | Min Dist 100 = 0.371 | Min Dist 1000 = 2.089 | Steps Per Second = 96.297 | Success = 1.000 | Success 1000 = 0.260
I0528 14:51:00.460677 22892410500672 terminal.py:91] [Actor] Actor Episodes = 1920 | Actor Steps = 96000 | Delta Dist = 9.053 | Delta Dist 10 = 7.803 | Delta Dist 100 = 8.433 | Delta Dist 1000 = 7.235 | Episode Length = 50 | Episode Return = 13.0 | Evaluator Episodes = 478 | Evaluator Steps = 23900 | Final Dist = 2.261 | Final Dist 10 = 3.511 | Final Dist 100 = 2.881 | Final Dist 1000 = 4.079 | Init Dist = 11.314 | Init Dist 10 = 11.314 | Init Dist 100 = 11.314 | Init Dist 1000 = 11.314 | Learner Steps = 1340 | Learner Walltime = 206.662 | Min Dist = 0.276 | Min Dist 10 = 0.392 | Min Dist 100 = 0.380 | Min Dist 1000 = 1.420 | Steps Per Second = 84.614 | Success = 1.000 | Success 1000 = 0.418
I0528 14:51:00.811837 22895222769216 terminal.py:91] [Evaluator] Actor Episodes = 1924 | Actor Steps = 96200 | Delta Dist = 10.474 | Delta Dist 10 = 9.997 | Delta Dist 100 = 9.836 | Delta Dist 1000 = 8.357 | Episode Length = 50 | Episode Return = 12.0 | Evaluator Episodes = 480 | Evaluator Steps = 24000 | Final Dist = 0.840 | Final Dist 10 = 1.317 | Final Dist 100 = 1.478 | Final Dist 1000 = 2.956 | Init Dist = 11.314 | Init Dist 10 = 11.314 | Init Dist 100 = 11.314 | Init Dist 1000 = 11.314 | Learner Steps = 1347 | Learner Walltime = 207.860 | Min Dist = 0.254 | Min Dist 10 = 0.367 | Min Dist 100 = 0.372 | Min Dist 1000 = 2.082 | Steps Per Second = 96.859 | Success = 1.000 | Success 1000 = 0.263
I0528 14:51:01.105368 22892391589440 terminal.py:91] [Actor] Actor Episodes = 1925 | Actor Steps = 96250 | Delta Dist = 10.732 | Delta Dist 10 = 7.847 | Delta Dist 100 = 8.521 | Delta Dist 1000 = 7.250 | Episode Length = 50 | Episode Return = 13.0 | Evaluator Episodes = 478 | Evaluator Steps = 23900 | Final Dist = 0.582 | Final Dist 10 = 3.467 | Final Dist 100 = 2.793 | Final Dist 1000 = 4.064 | Init Dist = 11.314 | Init Dist 10 = 11.314 | Init Dist 100 = 11.314 | Init Dist 1000 = 11.314 | Learner Steps = 1347 | Learner Walltime = 207.860 | Min Dist = 0.582 | Min Dist 10 = 0.294 | Min Dist 100 = 0.370 | Min Dist 1000 = 1.411 | Steps Per Second = 109.955 | Success = 1.000 | Success 1000 = 0.424
I0528 14:51:01.425855 22918293575232 savers.py:156] Saving checkpoint: /home/gliu2/rebuttal/checkpoints/contrastive_cpc_point_FourRooms_0/checkpoints/counter
I0528 14:51:01.663070 22892418905664 terminal.py:91] [Actor] Actor Episodes = 1930 | Actor Steps = 96500 | Delta Dist = 9.791 | Delta Dist 10 = 9.174 | Delta Dist 100 = 8.646 | Delta Dist 1000 = 7.271 | Episode Length = 50 | Episode Return = 12.0 | Evaluator Episodes = 480 | Evaluator Steps = 24000 | Final Dist = 1.523 | Final Dist 10 = 2.139 | Final Dist 100 = 2.668 | Final Dist 1000 = 4.042 | Init Dist = 11.314 | Init Dist 10 = 11.314 | Init Dist 100 = 11.314 | Init Dist 1000 = 11.314 | Learner Steps = 1347 | Learner Walltime = 207.860 | Min Dist = 0.312 | Min Dist 10 = 0.300 | Min Dist 100 = 0.372 | Min Dist 1000 = 1.408 | Steps Per Second = 89.054 | Success = 1.000 | Success 1000 = 0.427
I0528 14:51:01.688838 22918291473984 lp_utils.py:96] StepsLimiter: Reached 96500 recorded steps
I0528 14:51:01.880825 22895222769216 terminal.py:91] [Evaluator] Actor Episodes = 1932 | Actor Steps = 96600 | Delta Dist = 10.594 | Delta Dist 10 = 9.927 | Delta Dist 100 = 9.841 | Delta Dist 1000 = 8.364 | Episode Length = 50 | Episode Return = 11.0 | Evaluator Episodes = 482 | Evaluator Steps = 24100 | Final Dist = 0.720 | Final Dist 10 = 1.387 | Final Dist 100 = 1.473 | Final Dist 1000 = 2.949 | Init Dist = 11.314 | Init Dist 10 = 11.314 | Init Dist 100 = 11.314 | Init Dist 1000 = 11.314 | Learner Steps = 1354 | Learner Walltime = 209.047 | Min Dist = 0.068 | Min Dist 10 = 0.305 | Min Dist 100 = 0.369 | Min Dist 1000 = 2.074 | Steps Per Second = 81.217 | Success = 1.000 | Success 1000 = 0.266
I0528 14:51:01.921856 22892421006912 terminal.py:91] [Actor] Actor Episodes = 1927 | Actor Steps = 96350 | Delta Dist = 9.995 | Delta Dist 10 = 9.113 | Delta Dist 100 = 8.696 | Delta Dist 1000 = 7.277 | Episode Length = 50 | Episode Return = 9.0 | Evaluator Episodes = 480 | Evaluator Steps = 24000 | Final Dist = 1.318 | Final Dist 10 = 2.201 | Final Dist 100 = 2.618 | Final Dist 1000 = 4.037 | Init Dist = 11.314 | Init Dist 10 = 11.314 | Init Dist 100 = 11.314 | Init Dist 1000 = 11.314 | Learner Steps = 1347 | Learner Walltime = 207.860 | Min Dist = 0.038 | Min Dist 10 = 0.279 | Min Dist 100 = 0.368 | Min Dist 1000 = 1.405 | Steps Per Second = 84.527 | Success = 1.000 | Success 1000 = 0.429
I0528 14:51:02.881603 22895222769216 terminal.py:91] [Evaluator] Actor Episodes = 1934 | Actor Steps = 96700 | Delta Dist = 9.420 | Delta Dist 10 = 9.912 | Delta Dist 100 = 9.852 | Delta Dist 1000 = 8.372 | Episode Length = 50 | Episode Return = 9.0 | Evaluator Episodes = 484 | Evaluator Steps = 24200 | Final Dist = 1.894 | Final Dist 10 = 1.402 | Final Dist 100 = 1.462 | Final Dist 1000 = 2.941 | Init Dist = 11.314 | Init Dist 10 = 11.314 | Init Dist 100 = 11.314 | Init Dist 1000 = 11.314 | Learner Steps = 1361 | Learner Walltime = 210.119 | Min Dist = 0.338 | Min Dist 10 = 0.241 | Min Dist 100 = 0.361 | Min Dist 1000 = 2.065 | Steps Per Second = 90.963 | Success = 1.000 | Success 1000 = 0.269
I0528 14:51:03.887214 22895222769216 terminal.py:91] [Evaluator] Actor Episodes = 1943 | Actor Steps = 97150 | Delta Dist = 9.797 | Delta Dist 10 = 10.001 | Delta Dist 100 = 9.871 | Delta Dist 1000 = 8.378 | Episode Length = 50 | Episode Return = 9.0 | Evaluator Episodes = 486 | Evaluator Steps = 24300 | Final Dist = 1.516 | Final Dist 10 = 1.313 | Final Dist 100 = 1.443 | Final Dist 1000 = 2.936 | Init Dist = 11.314 | Init Dist 10 = 11.314 | Init Dist 100 = 11.314 | Init Dist 1000 = 11.314 | Learner Steps = 1367 | Learner Walltime = 211.127 | Min Dist = 0.339 | Min Dist 10 = 0.242 | Min Dist 100 = 0.360 | Min Dist 1000 = 2.058 | Steps Per Second = 107.931 | Success = 1.000 | Success 1000 = 0.272
I0528 14:51:05.022321 22895222769216 terminal.py:91] [Evaluator] Actor Episodes = 1956 | Actor Steps = 97800 | Delta Dist = 9.110 | Delta Dist 10 = 9.866 | Delta Dist 100 = 9.867 | Delta Dist 1000 = 8.384 | Episode Length = 50 | Episode Return = 11.0 | Evaluator Episodes = 488 | Evaluator Steps = 24400 | Final Dist = 2.203 | Final Dist 10 = 1.448 | Final Dist 100 = 1.446 | Final Dist 1000 = 2.930 | Init Dist = 11.314 | Init Dist 10 = 11.314 | Init Dist 100 = 11.314 | Init Dist 1000 = 11.314 | Learner Steps = 1367 | Learner Walltime = 211.127 | Min Dist = 0.286 | Min Dist 10 = 0.243 | Min Dist 100 = 0.360 | Min Dist 1000 = 2.051 | Steps Per Second = 99.684 | Success = 1.000 | Success 1000 = 0.275
I0528 14:51:05.657727 22863692109376 terminal.py:91] [Learner] Actor Episodes = 1956 | Actor Loss = 7.002036094665527 | Actor Steps = 97800 | Binary Accuracy = 0.996058464050293 | Categorical Accuracy = 0.1004638671875 | Critic Loss = 3.966825485229492 | Entropy Mean = -7.928787708282471 | Evaluator Episodes = 488 | Evaluator Steps = 24400 | Learner Steps = 1377 | Learner Walltime = 212.928 | Logits Neg = -16.605932235717773 | Logits Pos = -3.9435064792633057 | Logsumexp = 0.4259217083454132 | Steps Per Second = 242.509
I0528 14:51:06.084929 22895222769216 terminal.py:91] [Evaluator] Actor Episodes = 1964 | Actor Steps = 98200 | Delta Dist = 9.804 | Delta Dist 10 = 9.989 | Delta Dist 100 = 9.884 | Delta Dist 1000 = 8.391 | Episode Length = 50 | Episode Return = 12.0 | Evaluator Episodes = 490 | Evaluator Steps = 24500 | Final Dist = 1.510 | Final Dist 10 = 1.325 | Final Dist 100 = 1.430 | Final Dist 1000 = 2.923 | Init Dist = 11.314 | Init Dist 10 = 11.314 | Init Dist 100 = 11.314 | Init Dist 1000 = 11.314 | Learner Steps = 1374 | Learner Walltime = 212.392 | Min Dist = 0.242 | Min Dist 10 = 0.254 | Min Dist 100 = 0.355 | Min Dist 1000 = 2.044 | Steps Per Second = 109.375 | Success = 1.000 | Success 1000 = 0.278
I0528 14:51:07.151587 22895222769216 terminal.py:91] [Evaluator] Actor Episodes = 1970 | Actor Steps = 98500 | Delta Dist = 10.887 | Delta Dist 10 = 10.046 | Delta Dist 100 = 9.921 | Delta Dist 1000 = 8.399 | Episode Length = 50 | Episode Return = 12.0 | Evaluator Episodes = 492 | Evaluator Steps = 24600 | Final Dist = 0.427 | Final Dist 10 = 1.268 | Final Dist 100 = 1.393 | Final Dist 1000 = 2.915 | Init Dist = 11.314 | Init Dist 10 = 11.314 | Init Dist 100 = 11.314 | Init Dist 1000 = 11.314 | Learner Steps = 1381 | Learner Walltime = 213.457 | Min Dist = 0.280 | Min Dist 10 = 0.277 | Min Dist 100 = 0.353 | Min Dist 1000 = 2.037 | Steps Per Second = 85.546 | Success = 1.000 | Success 1000 = 0.281
I0528 14:51:08.553617 22895222769216 terminal.py:91] [Evaluator] Actor Episodes = 1980 | Actor Steps = 99000 | Delta Dist = 9.530 | Delta Dist 10 = 10.169 | Delta Dist 100 = 9.932 | Delta Dist 1000 = 8.411 | Episode Length = 50 | Episode Return = 10.0 | Evaluator Episodes = 495 | Evaluator Steps = 24750 | Final Dist = 1.784 | Final Dist 10 = 1.145 | Final Dist 100 = 1.382 | Final Dist 1000 = 2.903 | Init Dist = 11.314 | Init Dist 10 = 11.314 | Init Dist 100 = 11.314 | Init Dist 1000 = 11.314 | Learner Steps = 1394 | Learner Walltime = 215.531 | Min Dist = 0.315 | Min Dist 10 = 0.308 | Min Dist 100 = 0.344 | Min Dist 1000 = 2.026 | Steps Per Second = 91.307 | Success = 1.000 | Success 1000 = 0.285
I0528 14:51:09.566302 22895222769216 terminal.py:91] [Evaluator] Actor Episodes = 1988 | Actor Steps = 99400 | Delta Dist = 9.865 | Delta Dist 10 = 10.157 | Delta Dist 100 = 9.927 | Delta Dist 1000 = 8.417 | Episode Length = 50 | Episode Return = 11.0 | Evaluator Episodes = 497 | Evaluator Steps = 24850 | Final Dist = 1.449 | Final Dist 10 = 1.157 | Final Dist 100 = 1.386 | Final Dist 1000 = 2.897 | Init Dist = 11.314 | Init Dist 10 = 11.314 | Init Dist 100 = 11.314 | Init Dist 1000 = 11.314 | Learner Steps = 1401 | Learner Walltime = 216.667 | Min Dist = 0.331 | Min Dist 10 = 0.287 | Min Dist 100 = 0.345 | Min Dist 1000 = 2.019 | Steps Per Second = 90.614 | Success = 1.000 | Success 1000 = 0.288
I0528 14:51:10.566120 22892410500672 terminal.py:91] [Actor] Actor Episodes = 1998 | Actor Steps = 99900 | Delta Dist = 10.109 | Delta Dist 10 = 8.015 | Delta Dist 100 = 8.545 | Delta Dist 1000 = 7.418 | Episode Length = 50 | Episode Return = 14.0 | Evaluator Episodes = 497 | Evaluator Steps = 24850 | Final Dist = 1.205 | Final Dist 10 = 3.299 | Final Dist 100 = 2.769 | Final Dist 1000 = 3.896 | Init Dist = 11.314 | Init Dist 10 = 11.314 | Init Dist 100 = 11.314 | Init Dist 1000 = 11.314 | Learner Steps = 1401 | Learner Walltime = 216.667 | Min Dist = 0.524 | Min Dist 10 = 0.327 | Min Dist 100 = 0.353 | Min Dist 1000 = 1.268 | Steps Per Second = 109.526 | Success = 1.000 | Success 1000 = 0.495
I0528 14:51:10.573672 22895222769216 terminal.py:91] [Evaluator] Actor Episodes = 1997 | Actor Steps = 99850 | Delta Dist = 10.677 | Delta Dist 10 = 10.235 | Delta Dist 100 = 9.926 | Delta Dist 1000 = 8.423 | Episode Length = 50 | Episode Return = 13.0 | Evaluator Episodes = 499 | Evaluator Steps = 24950 | Final Dist = 0.637 | Final Dist 10 = 1.078 | Final Dist 100 = 1.388 | Final Dist 1000 = 2.891 | Init Dist = 11.314 | Init Dist 10 = 11.314 | Init Dist 100 = 11.314 | Init Dist 1000 = 11.314 | Learner Steps = 1408 | Learner Walltime = 217.716 | Min Dist = 0.286 | Min Dist 10 = 0.303 | Min Dist 100 = 0.337 | Min Dist 1000 = 2.012 | Steps Per Second = 96.640 | Success = 1.000 | Success 1000 = 0.291
I0528 14:51:11.159551 22892391589440 terminal.py:91] [Actor] Actor Episodes = 2003 | Actor Steps = 100150 | Delta Dist = 10.396 | Delta Dist 10 = 5.959 | Delta Dist 100 = 8.453 | Delta Dist 1000 = 7.409 | Episode Length = 50 | Episode Return = 14.0 | Evaluator Episodes = 499 | Evaluator Steps = 24950 | Final Dist = 0.917 | Final Dist 10 = 5.355 | Final Dist 100 = 2.861 | Final Dist 1000 = 3.905 | Init Dist = 11.314 | Init Dist 10 = 11.314 | Init Dist 100 = 11.314 | Init Dist 1000 = 11.314 | Learner Steps = 1408 | Learner Walltime = 217.716 | Min Dist = 0.411 | Min Dist 10 = 1.429 | Min Dist 100 = 0.465 | Min Dist 1000 = 1.273 | Steps Per Second = 113.978 | Success = 1.000 | Success 1000 = 0.499
I0528 14:51:11.621696 22895222769216 terminal.py:91] [Evaluator] Actor Episodes = 2009 | Actor Steps = 100450 | Delta Dist = 10.976 | Delta Dist 10 = 10.212 | Delta Dist 100 = 9.949 | Delta Dist 1000 = 8.430 | Episode Length = 50 | Episode Return = 13.0 | Evaluator Episodes = 501 | Evaluator Steps = 25050 | Final Dist = 0.338 | Final Dist 10 = 1.102 | Final Dist 100 = 1.365 | Final Dist 1000 = 2.884 | Init Dist = 11.314 | Init Dist 10 = 11.314 | Init Dist 100 = 11.314 | Init Dist 1000 = 11.314 | Learner Steps = 1415 | Learner Walltime = 218.777 | Min Dist = 0.183 | Min Dist 10 = 0.290 | Min Dist 100 = 0.339 | Min Dist 1000 = 2.005 | Steps Per Second = 97.815 | Success = 1.000 | Success 1000 = 0.294
I0528 14:51:11.707397 22918291473984 lp_utils.py:96] StepsLimiter: Reached 100450 recorded steps
I0528 14:51:11.755510 22892418905664 terminal.py:91] [Actor] Actor Episodes = 2007 | Actor Steps = 100350 | Delta Dist = 9.449 | Delta Dist 10 = 6.349 | Delta Dist 100 = 8.280 | Delta Dist 1000 = 7.411 | Episode Length = 50 | Episode Return = 11.0 | Evaluator Episodes = 499 | Evaluator Steps = 24950 | Final Dist = 1.865 | Final Dist 10 = 4.964 | Final Dist 100 = 3.034 | Final Dist 1000 = 3.903 | Init Dist = 11.314 | Init Dist 10 = 11.314 | Init Dist 100 = 11.314 | Init Dist 1000 = 11.314 | Learner Steps = 1408 | Learner Walltime = 217.716 | Min Dist = 0.546 | Min Dist 10 = 1.476 | Min Dist 100 = 0.475 | Min Dist 1000 = 1.268 | Steps Per Second = 118.041 | Success = 1.000 | Success 1000 = 0.504
I0528 14:51:12.101189 22892421006912 terminal.py:91] [Actor] Actor Episodes = 2011 | Actor Steps = 100550 | Delta Dist = 10.664 | Delta Dist 10 = 7.686 | Delta Dist 100 = 8.298 | Delta Dist 1000 = 7.421 | Episode Length = 50 | Episode Return = 12.0 | Evaluator Episodes = 501 | Evaluator Steps = 25050 | Final Dist = 0.650 | Final Dist 10 = 3.628 | Final Dist 100 = 3.016 | Final Dist 1000 = 3.893 | Init Dist = 11.314 | Init Dist 10 = 11.314 | Init Dist 100 = 11.314 | Init Dist 1000 = 11.314 | Learner Steps = 1415 | Learner Walltime = 218.777 | Min Dist = 0.650 | Min Dist 10 = 1.476 | Min Dist 100 = 0.470 | Min Dist 1000 = 1.266 | Steps Per Second = 97.676 | Success = 1.000 | Success 1000 = 0.506
I0528 14:51:12.701472 22895222769216 terminal.py:91] [Evaluator] Actor Episodes = 2015 | Actor Steps = 100750 | Delta Dist = 9.166 | Delta Dist 10 = 10.039 | Delta Dist 100 = 9.959 | Delta Dist 1000 = 8.436 | Episode Length = 50 | Episode Return = 11.0 | Evaluator Episodes = 503 | Evaluator Steps = 25150 | Final Dist = 2.148 | Final Dist 10 = 1.274 | Final Dist 100 = 1.355 | Final Dist 1000 = 2.877 | Init Dist = 11.314 | Init Dist 10 = 11.314 | Init Dist 100 = 11.314 | Init Dist 1000 = 11.314 | Learner Steps = 1421 | Learner Walltime = 219.839 | Min Dist = 0.181 | Min Dist 10 = 0.292 | Min Dist 100 = 0.334 | Min Dist 1000 = 1.999 | Steps Per Second = 100.861 | Success = 1.000 | Success 1000 = 0.297
I0528 14:51:14.157474 22895222769216 terminal.py:91] [Evaluator] Actor Episodes = 2026 | Actor Steps = 101300 | Delta Dist = 10.410 | Delta Dist 10 = 9.880 | Delta Dist 100 = 9.939 | Delta Dist 1000 = 8.442 | Episode Length = 50 | Episode Return = 12.0 | Evaluator Episodes = 506 | Evaluator Steps = 25300 | Final Dist = 0.904 | Final Dist 10 = 1.434 | Final Dist 100 = 1.375 | Final Dist 1000 = 2.872 | Init Dist = 11.314 | Init Dist 10 = 11.314 | Init Dist 100 = 11.314 | Init Dist 1000 = 11.314 | Learner Steps = 1427 | Learner Walltime = 221.032 | Min Dist = 0.295 | Min Dist 10 = 0.262 | Min Dist 100 = 0.321 | Min Dist 1000 = 1.988 | Steps Per Second = 106.750 | Success = 1.000 | Success 1000 = 0.301
I0528 14:51:15.248893 22895222769216 terminal.py:91] [Evaluator] Actor Episodes = 2033 | Actor Steps = 101650 | Delta Dist = 9.326 | Delta Dist 10 = 9.951 | Delta Dist 100 = 9.946 | Delta Dist 1000 = 8.450 | Episode Length = 50 | Episode Return = 13.0 | Evaluator Episodes = 508 | Evaluator Steps = 25400 | Final Dist = 1.988 | Final Dist 10 = 1.363 | Final Dist 100 = 1.368 | Final Dist 1000 = 2.864 | Init Dist = 11.314 | Init Dist 10 = 11.314 | Init Dist 100 = 11.314 | Init Dist 1000 = 11.314 | Learner Steps = 1434 | Learner Walltime = 222.111 | Min Dist = 0.147 | Min Dist 10 = 0.256 | Min Dist 100 = 0.318 | Min Dist 1000 = 1.981 | Steps Per Second = 90.495 | Success = 1.000 | Success 1000 = 0.304
I0528 14:51:15.665674 22863692109376 terminal.py:91] [Learner] Actor Episodes = 2030 | Actor Loss = 7.208889961242676 | Actor Steps = 101500 | Binary Accuracy = 0.9960463047027588 | Categorical Accuracy = 0.100341796875 | Critic Loss = 3.9768099784851074 | Entropy Mean = -8.51858139038086 | Evaluator Episodes = 506 | Evaluator Steps = 25300 | Learner Steps = 1441 | Learner Walltime = 222.933 | Logits Neg = -16.147701263427734 | Logits Pos = -3.9701592922210693 | Logsumexp = 0.4573836624622345 | Steps Per Second = 497.883
I0528 14:51:16.646073 22895222769216 terminal.py:91] [Evaluator] Actor Episodes = 2046 | Actor Steps = 102300 | Delta Dist = 10.774 | Delta Dist 10 = 9.913 | Delta Dist 100 = 9.947 | Delta Dist 1000 = 8.459 | Episode Length = 50 | Episode Return = 13.0 | Evaluator Episodes = 511 | Evaluator Steps = 25550 | Final Dist = 0.540 | Final Dist 10 = 1.401 | Final Dist 100 = 1.367 | Final Dist 1000 = 2.855 | Init Dist = 11.314 | Init Dist 10 = 11.314 | Init Dist 100 = 11.314 | Init Dist 1000 = 11.314 | Learner Steps = 1442 | Learner Walltime = 223.150 | Min Dist = 0.150 | Min Dist 10 = 0.201 | Min Dist 100 = 0.315 | Min Dist 1000 = 1.970 | Steps Per Second = 112.004 | Success = 1.000 | Success 1000 = 0.308
I0528 14:51:18.078751 22895222769216 terminal.py:91] [Evaluator] Actor Episodes = 2058 | Actor Steps = 102900 | Delta Dist = 10.882 | Delta Dist 10 = 10.129 | Delta Dist 100 = 9.971 | Delta Dist 1000 = 8.471 | Episode Length = 50 | Episode Return = 12.0 | Evaluator Episodes = 514 | Evaluator Steps = 25700 | Final Dist = 0.431 | Final Dist 10 = 1.184 | Final Dist 100 = 1.343 | Final Dist 1000 = 2.843 | Init Dist = 11.314 | Init Dist 10 = 11.314 | Init Dist 100 = 11.314 | Init Dist 1000 = 11.314 | Learner Steps = 1456 | Learner Walltime = 225.191 | Min Dist = 0.270 | Min Dist 10 = 0.174 | Min Dist 100 = 0.305 | Min Dist 1000 = 1.960 | Steps Per Second = 110.363 | Success = 1.000 | Success 1000 = 0.312
I0528 14:51:19.516295 22895222769216 terminal.py:91] [Evaluator] Actor Episodes = 2073 | Actor Steps = 103650 | Delta Dist = 11.127 | Delta Dist 10 = 10.269 | Delta Dist 100 = 9.983 | Delta Dist 1000 = 8.481 | Episode Length = 50 | Episode Return = 16.0 | Evaluator Episodes = 517 | Evaluator Steps = 25850 | Final Dist = 0.186 | Final Dist 10 = 1.045 | Final Dist 100 = 1.331 | Final Dist 1000 = 2.832 | Init Dist = 11.314 | Init Dist 10 = 11.314 | Init Dist 100 = 11.314 | Init Dist 1000 = 11.314 | Learner Steps = 1463 | Learner Walltime = 226.436 | Min Dist = 0.156 | Min Dist 10 = 0.184 | Min Dist 100 = 0.301 | Min Dist 1000 = 1.950 | Steps Per Second = 102.183 | Success = 1.000 | Success 1000 = 0.316
I0528 14:51:20.647722 22895222769216 terminal.py:91] [Evaluator] Actor Episodes = 2082 | Actor Steps = 104100 | Delta Dist = 10.767 | Delta Dist 10 = 10.447 | Delta Dist 100 = 9.994 | Delta Dist 1000 = 8.490 | Episode Length = 50 | Episode Return = 13.0 | Evaluator Episodes = 519 | Evaluator Steps = 25950 | Final Dist = 0.547 | Final Dist 10 = 0.866 | Final Dist 100 = 1.320 | Final Dist 1000 = 2.824 | Init Dist = 11.314 | Init Dist 10 = 11.314 | Init Dist 100 = 11.314 | Init Dist 1000 = 11.314 | Learner Steps = 1471 | Learner Walltime = 227.630 | Min Dist = 0.318 | Min Dist 10 = 0.179 | Min Dist 100 = 0.298 | Min Dist 1000 = 1.943 | Steps Per Second = 91.668 | Success = 1.000 | Success 1000 = 0.319
I0528 14:51:20.787727 22892410500672 terminal.py:91] [Actor] Actor Episodes = 2079 | Actor Steps = 103950 | Delta Dist = 10.335 | Delta Dist 10 = 8.343 | Delta Dist 100 = 7.710 | Delta Dist 1000 = 7.499 | Episode Length = 50 | Episode Return = 9.0 | Evaluator Episodes = 517 | Evaluator Steps = 25850 | Final Dist = 0.978 | Final Dist 10 = 2.971 | Final Dist 100 = 3.604 | Final Dist 1000 = 3.815 | Init Dist = 11.314 | Init Dist 10 = 11.314 | Init Dist 100 = 11.314 | Init Dist 1000 = 11.314 | Learner Steps = 1463 | Learner Walltime = 226.436 | Min Dist = 0.978 | Min Dist 10 = 1.352 | Min Dist 100 = 0.681 | Min Dist 1000 = 1.153 | Steps Per Second = 95.759 | Success = 1.000 | Success 1000 = 0.574
I0528 14:51:21.721740 22892391589440 terminal.py:91] [Actor] Actor Episodes = 2088 | Actor Steps = 104400 | Delta Dist = 10.804 | Delta Dist 10 = 6.061 | Delta Dist 100 = 7.496 | Delta Dist 1000 = 7.487 | Episode Length = 50 | Episode Return = 17.0 | Evaluator Episodes = 519 | Evaluator Steps = 25950 | Final Dist = 0.509 | Final Dist 10 = 5.253 | Final Dist 100 = 3.817 | Final Dist 1000 = 3.827 | Init Dist = 11.314 | Init Dist 10 = 11.314 | Init Dist 100 = 11.314 | Init Dist 1000 = 11.314 | Learner Steps = 1477 | Learner Walltime = 228.743 | Min Dist = 0.073 | Min Dist 10 = 2.472 | Min Dist 100 = 0.790 | Min Dist 1000 = 1.159 | Steps Per Second = 83.462 | Success = 1.000 | Success 1000 = 0.578
I0528 14:51:21.726440 22918291473984 lp_utils.py:96] StepsLimiter: Reached 104400 recorded steps
I0528 14:51:21.823161 22895222769216 terminal.py:91] [Evaluator] Actor Episodes = 2090 | Actor Steps = 104500 | Delta Dist = 10.790 | Delta Dist 10 = 10.430 | Delta Dist 100 = 9.999 | Delta Dist 1000 = 8.497 | Episode Length = 50 | Episode Return = 16.0 | Evaluator Episodes = 521 | Evaluator Steps = 26050 | Final Dist = 0.523 | Final Dist 10 = 0.884 | Final Dist 100 = 1.315 | Final Dist 1000 = 2.817 | Init Dist = 11.314 | Init Dist 10 = 11.314 | Init Dist 100 = 11.314 | Init Dist 1000 = 11.314 | Learner Steps = 1477 | Learner Walltime = 228.743 | Min Dist = 0.218 | Min Dist 10 = 0.215 | Min Dist 100 = 0.298 | Min Dist 1000 = 1.936 | Steps Per Second = 85.682 | Success = 1.000 | Success 1000 = 0.321
I0528 14:51:22.006516 22892418905664 terminal.py:91] [Actor] Actor Episodes = 2092 | Actor Steps = 104600 | Delta Dist = 10.559 | Delta Dist 10 = 7.021 | Delta Dist 100 = 7.617 | Delta Dist 1000 = 7.490 | Episode Length = 50 | Episode Return = 18.0 | Evaluator Episodes = 521 | Evaluator Steps = 26050 | Final Dist = 0.755 | Final Dist 10 = 4.293 | Final Dist 100 = 3.697 | Final Dist 1000 = 3.823 | Init Dist = 11.314 | Init Dist 10 = 11.314 | Init Dist 100 = 11.314 | Init Dist 1000 = 11.314 | Learner Steps = 1477 | Learner Walltime = 228.743 | Min Dist = 0.164 | Min Dist 10 = 2.465 | Min Dist 100 = 0.781 | Min Dist 1000 = 1.155 | Steps Per Second = 75.861 | Success = 1.000 | Success 1000 = 0.581
I0528 14:51:22.342977 22892421006912 terminal.py:91] [Actor] Actor Episodes = 2091 | Actor Steps = 104550 | Delta Dist = 10.243 | Delta Dist 10 = 7.838 | Delta Dist 100 = 7.602 | Delta Dist 1000 = 7.492 | Episode Length = 50 | Episode Return = 15.0 | Evaluator Episodes = 519 | Evaluator Steps = 25950 | Final Dist = 1.070 | Final Dist 10 = 3.476 | Final Dist 100 = 3.712 | Final Dist 1000 = 3.822 | Init Dist = 11.314 | Init Dist 10 = 11.314 | Init Dist 100 = 11.314 | Init Dist 1000 = 11.314 | Learner Steps = 1477 | Learner Walltime = 228.743 | Min Dist = 0.178 | Min Dist 10 = 1.346 | Min Dist 100 = 0.778 | Min Dist 1000 = 1.153 | Steps Per Second = 90.329 | Success = 1.000 | Success 1000 = 0.583
I0528 14:51:22.872006 22895222769216 terminal.py:91] [Evaluator] Actor Episodes = 2098 | Actor Steps = 104900 | Delta Dist = 10.740 | Delta Dist 10 = 10.493 | Delta Dist 100 = 10.012 | Delta Dist 1000 = 8.506 | Episode Length = 50 | Episode Return = 17.0 | Evaluator Episodes = 523 | Evaluator Steps = 26150 | Final Dist = 0.573 | Final Dist 10 = 0.821 | Final Dist 100 = 1.301 | Final Dist 1000 = 2.808 | Init Dist = 11.314 | Init Dist 10 = 11.314 | Init Dist 100 = 11.314 | Init Dist 1000 = 11.314 | Learner Steps = 1483 | Learner Walltime = 229.853 | Min Dist = 0.441 | Min Dist 10 = 0.249 | Min Dist 100 = 0.297 | Min Dist 1000 = 1.930 | Steps Per Second = 106.931 | Success = 1.000 | Success 1000 = 0.324
I0528 14:51:24.361850 22895222769216 terminal.py:91] [Evaluator] Actor Episodes = 2109 | Actor Steps = 105450 | Delta Dist = 10.519 | Delta Dist 10 = 10.453 | Delta Dist 100 = 10.033 | Delta Dist 1000 = 8.517 | Episode Length = 50 | Episode Return = 16.0 | Evaluator Episodes = 526 | Evaluator Steps = 26300 | Final Dist = 0.795 | Final Dist 10 = 0.861 | Final Dist 100 = 1.281 | Final Dist 1000 = 2.797 | Init Dist = 11.314 | Init Dist 10 = 11.314 | Init Dist 100 = 11.314 | Init Dist 1000 = 11.314 | Learner Steps = 1490 | Learner Walltime = 230.892 | Min Dist = 0.212 | Min Dist 10 = 0.247 | Min Dist 100 = 0.297 | Min Dist 1000 = 1.921 | Steps Per Second = 86.837 | Success = 1.000 | Success 1000 = 0.328
I0528 14:51:25.689889 22863692109376 terminal.py:91] [Learner] Actor Episodes = 2118 | Actor Loss = 7.117226600646973 | Actor Steps = 105900 | Binary Accuracy = 0.9960546493530273 | Categorical Accuracy = 0.10382080078125 | Critic Loss = 3.9520761966705322 | Entropy Mean = -9.33517074584961 | Evaluator Episodes = 526 | Evaluator Steps = 26300 | Learner Steps = 1503 | Learner Walltime = 232.958 | Logits Neg = -16.175081253051758 | Logits Pos = -3.9444761276245117 | Logsumexp = 0.4557609558105469 | Steps Per Second = 276.195
I0528 14:51:25.762422 22895222769216 terminal.py:91] [Evaluator] Actor Episodes = 2118 | Actor Steps = 105900 | Delta Dist = 9.939 | Delta Dist 10 = 10.431 | Delta Dist 100 = 10.046 | Delta Dist 1000 = 8.527 | Episode Length = 50 | Episode Return = 19.0 | Evaluator Episodes = 529 | Evaluator Steps = 26450 | Final Dist = 1.375 | Final Dist 10 = 0.883 | Final Dist 100 = 1.268 | Final Dist 1000 = 2.787 | Init Dist = 11.314 | Init Dist 10 = 11.314 | Init Dist 100 = 11.314 | Init Dist 1000 = 11.314 | Learner Steps = 1503 | Learner Walltime = 232.958 | Min Dist = 0.224 | Min Dist 10 = 0.259 | Min Dist 100 = 0.287 | Min Dist 1000 = 1.911 | Steps Per Second = 106.432 | Success = 1.000 | Success 1000 = 0.331
I0528 14:51:26.879255 22895222769216 terminal.py:91] [Evaluator] Actor Episodes = 2126 | Actor Steps = 106300 | Delta Dist = 10.239 | Delta Dist 10 = 10.403 | Delta Dist 100 = 10.040 | Delta Dist 1000 = 8.533 | Episode Length = 50 | Episode Return = 14.0 | Evaluator Episodes = 531 | Evaluator Steps = 26550 | Final Dist = 1.074 | Final Dist 10 = 0.911 | Final Dist 100 = 1.274 | Final Dist 1000 = 2.781 | Init Dist = 11.314 | Init Dist 10 = 11.314 | Init Dist 100 = 11.314 | Init Dist 1000 = 11.314 | Learner Steps = 1510 | Learner Walltime = 234.104 | Min Dist = 0.221 | Min Dist 10 = 0.258 | Min Dist 100 = 0.288 | Min Dist 1000 = 1.905 | Steps Per Second = 84.225 | Success = 1.000 | Success 1000 = 0.334
I0528 14:51:28.312404 22895222769216 terminal.py:91] [Evaluator] Actor Episodes = 2137 | Actor Steps = 106850 | Delta Dist = 10.633 | Delta Dist 10 = 10.215 | Delta Dist 100 = 10.058 | Delta Dist 1000 = 8.542 | Episode Length = 50 | Episode Return = 16.0 | Evaluator Episodes = 534 | Evaluator Steps = 26700 | Final Dist = 0.681 | Final Dist 10 = 1.099 | Final Dist 100 = 1.255 | Final Dist 1000 = 2.772 | Init Dist = 11.314 | Init Dist 10 = 11.314 | Init Dist 100 = 11.314 | Init Dist 1000 = 11.314 | Learner Steps = 1518 | Learner Walltime = 235.366 | Min Dist = 0.329 | Min Dist 10 = 0.223 | Min Dist 100 = 0.280 | Min Dist 1000 = 1.895 | Steps Per Second = 93.096 | Success = 1.000 | Success 1000 = 0.338
I0528 14:51:29.769270 22895222769216 terminal.py:91] [Evaluator] Actor Episodes = 2153 | Actor Steps = 107650 | Delta Dist = 10.682 | Delta Dist 10 = 10.245 | Delta Dist 100 = 10.076 | Delta Dist 1000 = 8.553 | Episode Length = 50 | Episode Return = 17.0 | Evaluator Episodes = 537 | Evaluator Steps = 26850 | Final Dist = 0.632 | Final Dist 10 = 1.069 | Final Dist 100 = 1.238 | Final Dist 1000 = 2.761 | Init Dist = 11.314 | Init Dist 10 = 11.314 | Init Dist 100 = 11.314 | Init Dist 1000 = 11.314 | Learner Steps = 1525 | Learner Walltime = 236.374 | Min Dist = 0.250 | Min Dist 10 = 0.240 | Min Dist 100 = 0.279 | Min Dist 1000 = 1.886 | Steps Per Second = 103.251 | Success = 1.000 | Success 1000 = 0.341
I0528 14:51:30.843523 22892410500672 terminal.py:91] [Actor] Actor Episodes = 2158 | Actor Steps = 107900 | Delta Dist = 10.709 | Delta Dist 10 = 7.256 | Delta Dist 100 = 8.562 | Delta Dist 1000 = 7.590 | Episode Length = 50 | Episode Return = 16.0 | Evaluator Episodes = 537 | Evaluator Steps = 26850 | Final Dist = 0.604 | Final Dist 10 = 4.058 | Final Dist 100 = 2.752 | Final Dist 1000 = 3.723 | Init Dist = 11.314 | Init Dist 10 = 11.314 | Init Dist 100 = 11.314 | Init Dist 1000 = 11.314 | Learner Steps = 1525 | Learner Walltime = 236.374 | Min Dist = 0.414 | Min Dist 10 = 0.241 | Min Dist 100 = 0.621 | Min Dist 1000 = 1.096 | Steps Per Second = 92.485 | Success = 1.000 | Success 1000 = 0.642
I0528 14:51:31.250351 22895222769216 terminal.py:91] [Evaluator] Actor Episodes = 2165 | Actor Steps = 108250 | Delta Dist = 10.010 | Delta Dist 10 = 10.283 | Delta Dist 100 = 10.090 | Delta Dist 1000 = 8.562 | Episode Length = 50 | Episode Return = 18.0 | Evaluator Episodes = 540 | Evaluator Steps = 27000 | Final Dist = 1.304 | Final Dist 10 = 1.030 | Final Dist 100 = 1.224 | Final Dist 1000 = 2.752 | Init Dist = 11.314 | Init Dist 10 = 11.314 | Init Dist 100 = 11.314 | Init Dist 1000 = 11.314 | Learner Steps = 1532 | Learner Walltime = 237.483 | Min Dist = 0.195 | Min Dist 10 = 0.248 | Min Dist 100 = 0.276 | Min Dist 1000 = 1.877 | Steps Per Second = 93.034 | Success = 1.000 | Success 1000 = 0.345
I0528 14:51:31.743921 22918291473984 lp_utils.py:96] StepsLimiter: Reached 108400 recorded steps
I0528 14:51:32.097994 22892391589440 terminal.py:91] [Actor] Actor Episodes = 2170 | Actor Steps = 108500 | Delta Dist = 8.733 | Delta Dist 10 = 7.173 | Delta Dist 100 = 8.368 | Delta Dist 1000 = 7.632 | Episode Length = 50 | Episode Return = 0.0 | Evaluator Episodes = 540 | Evaluator Steps = 27000 | Final Dist = 2.581 | Final Dist 10 = 4.140 | Final Dist 100 = 2.946 | Final Dist 1000 = 3.682 | Init Dist = 11.314 | Init Dist 10 = 11.314 | Init Dist 100 = 11.314 | Init Dist 1000 = 11.314 | Learner Steps = 1539 | Learner Walltime = 238.603 | Min Dist = 2.565 | Min Dist 10 = 0.918 | Min Dist 100 = 0.676 | Min Dist 1000 = 1.085 | Steps Per Second = 97.162 | Success = 0.000 | Success 1000 = 0.648
I0528 14:51:32.298510 22892418905664 terminal.py:91] [Actor] Actor Episodes = 2173 | Actor Steps = 108650 | Delta Dist = 10.558 | Delta Dist 10 = 7.643 | Delta Dist 100 = 8.347 | Delta Dist 1000 = 7.640 | Episode Length = 50 | Episode Return = 7.0 | Evaluator Episodes = 540 | Evaluator Steps = 27000 | Final Dist = 0.756 | Final Dist 10 = 3.671 | Final Dist 100 = 2.967 | Final Dist 1000 = 3.674 | Init Dist = 11.314 | Init Dist 10 = 11.314 | Init Dist 100 = 11.314 | Init Dist 1000 = 11.314 | Learner Steps = 1539 | Learner Walltime = 238.603 | Min Dist = 0.333 | Min Dist 10 = 1.161 | Min Dist 100 = 0.699 | Min Dist 1000 = 1.086 | Steps Per Second = 95.298 | Success = 1.000 | Success 1000 = 0.648
I0528 14:51:32.355205 22895222769216 terminal.py:91] [Evaluator] Actor Episodes = 2173 | Actor Steps = 108650 | Delta Dist = 9.621 | Delta Dist 10 = 10.332 | Delta Dist 100 = 10.110 | Delta Dist 1000 = 8.569 | Episode Length = 50 | Episode Return = 7.0 | Evaluator Episodes = 542 | Evaluator Steps = 27100 | Final Dist = 1.693 | Final Dist 10 = 0.982 | Final Dist 100 = 1.204 | Final Dist 1000 = 2.745 | Init Dist = 11.314 | Init Dist 10 = 11.314 | Init Dist 100 = 11.314 | Init Dist 1000 = 11.314 | Learner Steps = 1545 | Learner Walltime = 239.612 | Min Dist = 0.345 | Min Dist 10 = 0.241 | Min Dist 100 = 0.274 | Min Dist 1000 = 1.871 | Steps Per Second = 93.514 | Success = 1.000 | Success 1000 = 0.348
I0528 14:51:32.646111 22892421006912 terminal.py:91] [Actor] Actor Episodes = 2176 | Actor Steps = 108800 | Delta Dist = 10.126 | Delta Dist 10 = 7.418 | Delta Dist 100 = 8.243 | Delta Dist 1000 = 7.638 | Episode Length = 50 | Episode Return = 16.0 | Evaluator Episodes = 542 | Evaluator Steps = 27100 | Final Dist = 1.188 | Final Dist 10 = 3.895 | Final Dist 100 = 3.071 | Final Dist 1000 = 3.675 | Init Dist = 11.314 | Init Dist 10 = 11.314 | Init Dist 100 = 11.314 | Init Dist 1000 = 11.314 | Learner Steps = 1545 | Learner Walltime = 239.612 | Min Dist = 0.447 | Min Dist 10 = 2.289 | Min Dist 100 = 0.811 | Min Dist 1000 = 1.094 | Steps Per Second = 106.758 | Success = 1.000 | Success 1000 = 0.650
I0528 14:51:33.848338 22895222769216 terminal.py:91] [Evaluator] Actor Episodes = 2187 | Actor Steps = 109350 | Delta Dist = 10.441 | Delta Dist 10 = 10.372 | Delta Dist 100 = 10.139 | Delta Dist 1000 = 8.579 | Episode Length = 50 | Episode Return = 15.0 | Evaluator Episodes = 545 | Evaluator Steps = 27250 | Final Dist = 0.873 | Final Dist 10 = 0.941 | Final Dist 100 = 1.174 | Final Dist 1000 = 2.734 | Init Dist = 11.314 | Init Dist 10 = 11.314 | Init Dist 100 = 11.314 | Init Dist 1000 = 11.314 | Learner Steps = 1553 | Learner Walltime = 240.934 | Min Dist = 0.393 | Min Dist 10 = 0.239 | Min Dist 100 = 0.270 | Min Dist 1000 = 1.862 | Steps Per Second = 88.587 | Success = 1.000 | Success 1000 = 0.351
I0528 14:51:34.652240 22897759475264 savers.py:156] Saving checkpoint: /home/gliu2/rebuttal/checkpoints/contrastive_cpc_point_FourRooms_0/checkpoints/learner
I0528 14:51:34.865302 22895222769216 terminal.py:91] [Evaluator] Actor Episodes = 2196 | Actor Steps = 109800 | Delta Dist = 10.951 | Delta Dist 10 = 10.421 | Delta Dist 100 = 10.140 | Delta Dist 1000 = 8.587 | Episode Length = 50 | Episode Return = 16.0 | Evaluator Episodes = 547 | Evaluator Steps = 27350 | Final Dist = 0.362 | Final Dist 10 = 0.893 | Final Dist 100 = 1.174 | Final Dist 1000 = 2.727 | Init Dist = 11.314 | Init Dist 10 = 11.314 | Init Dist 100 = 11.314 | Init Dist 1000 = 11.314 | Learner Steps = 1553 | Learner Walltime = 240.934 | Min Dist = 0.277 | Min Dist 10 = 0.267 | Min Dist 100 = 0.272 | Min Dist 1000 = 1.857 | Steps Per Second = 88.906 | Success = 1.000 | Success 1000 = 0.353
I0528 14:51:35.849547 22863692109376 terminal.py:91] [Learner] Actor Episodes = 2196 | Actor Loss = 7.057584285736084 | Actor Steps = 109800 | Binary Accuracy = 0.9960598945617676 | Categorical Accuracy = 0.09783935546875 | Critic Loss = 4.004366874694824 | Entropy Mean = -4.456854820251465 | Evaluator Episodes = 547 | Evaluator Steps = 27350 | Learner Steps = 1568 | Learner Walltime = 243.117 | Logits Neg = -15.353523254394531 | Logits Pos = -3.9762980937957764 | Logsumexp = 0.4505408704280853 | Steps Per Second = 352.059
I0528 14:51:36.301664 22895222769216 terminal.py:91] [Evaluator] Actor Episodes = 2207 | Actor Steps = 110350 | Delta Dist = 10.700 | Delta Dist 10 = 10.547 | Delta Dist 100 = 10.163 | Delta Dist 1000 = 8.598 | Episode Length = 50 | Episode Return = 19.0 | Evaluator Episodes = 550 | Evaluator Steps = 27500 | Final Dist = 0.613 | Final Dist 10 = 0.767 | Final Dist 100 = 1.151 | Final Dist 1000 = 2.716 | Init Dist = 11.314 | Init Dist 10 = 11.314 | Init Dist 100 = 11.314 | Init Dist 1000 = 11.314 | Learner Steps = 1570 | Learner Walltime = 243.556 | Min Dist = 0.258 | Min Dist 10 = 0.290 | Min Dist 100 = 0.272 | Min Dist 1000 = 1.848 | Steps Per Second = 106.391 | Success = 1.000 | Success 1000 = 0.357
I0528 14:51:37.714286 22895222769216 terminal.py:91] [Evaluator] Actor Episodes = 2219 | Actor Steps = 110950 | Delta Dist = 10.860 | Delta Dist 10 = 10.670 | Delta Dist 100 = 10.189 | Delta Dist 1000 = 8.609 | Episode Length = 50 | Episode Return = 16.0 | Evaluator Episodes = 553 | Evaluator Steps = 27650 | Final Dist = 0.454 | Final Dist 10 = 0.644 | Final Dist 100 = 1.124 | Final Dist 1000 = 2.705 | Init Dist = 11.314 | Init Dist 10 = 11.314 | Init Dist 100 = 11.314 | Init Dist 1000 = 11.314 | Learner Steps = 1578 | Learner Walltime = 244.612 | Min Dist = 0.429 | Min Dist 10 = 0.282 | Min Dist 100 = 0.270 | Min Dist 1000 = 1.839 | Steps Per Second = 109.148 | Success = 1.000 | Success 1000 = 0.361
I0528 14:51:38.728012 22895222769216 terminal.py:91] [Evaluator] Actor Episodes = 2224 | Actor Steps = 111200 | Delta Dist = 10.984 | Delta Dist 10 = 10.626 | Delta Dist 100 = 10.218 | Delta Dist 1000 = 8.616 | Episode Length = 50 | Episode Return = 20.0 | Evaluator Episodes = 555 | Evaluator Steps = 27750 | Final Dist = 0.330 | Final Dist 10 = 0.688 | Final Dist 100 = 1.096 | Final Dist 1000 = 2.697 | Init Dist = 11.314 | Init Dist 10 = 11.314 | Init Dist 100 = 11.314 | Init Dist 1000 = 11.314 | Learner Steps = 1585 | Learner Walltime = 245.918 | Min Dist = 0.164 | Min Dist 10 = 0.295 | Min Dist 100 = 0.271 | Min Dist 1000 = 1.834 | Steps Per Second = 94.396 | Success = 1.000 | Success 1000 = 0.363
I0528 14:51:39.768697 22895222769216 terminal.py:91] [Evaluator] Actor Episodes = 2233 | Actor Steps = 111650 | Delta Dist = 11.136 | Delta Dist 10 = 10.617 | Delta Dist 100 = 10.217 | Delta Dist 1000 = 8.623 | Episode Length = 50 | Episode Return = 18.0 | Evaluator Episodes = 557 | Evaluator Steps = 27850 | Final Dist = 0.177 | Final Dist 10 = 0.697 | Final Dist 100 = 1.097 | Final Dist 1000 = 2.690 | Init Dist = 11.314 | Init Dist 10 = 11.314 | Init Dist 100 = 11.314 | Init Dist 1000 = 11.314 | Learner Steps = 1585 | Learner Walltime = 245.918 | Min Dist = 0.177 | Min Dist 10 = 0.253 | Min Dist 100 = 0.267 | Min Dist 1000 = 1.828 | Steps Per Second = 90.400 | Success = 1.000 | Success 1000 = 0.365
I0528 14:51:40.773057 22895222769216 terminal.py:91] [Evaluator] Actor Episodes = 2242 | Actor Steps = 112100 | Delta Dist = 11.078 | Delta Dist 10 = 10.587 | Delta Dist 100 = 10.233 | Delta Dist 1000 = 8.631 | Episode Length = 50 | Episode Return = 18.0 | Evaluator Episodes = 559 | Evaluator Steps = 27950 | Final Dist = 0.235 | Final Dist 10 = 0.726 | Final Dist 100 = 1.081 | Final Dist 1000 = 2.683 | Init Dist = 11.314 | Init Dist 10 = 11.314 | Init Dist 100 = 11.314 | Init Dist 1000 = 11.314 | Learner Steps = 1592 | Learner Walltime = 247.037 | Min Dist = 0.235 | Min Dist 10 = 0.255 | Min Dist 100 = 0.268 | Min Dist 1000 = 1.822 | Steps Per Second = 104.433 | Success = 1.000 | Success 1000 = 0.367
I0528 14:51:41.163985 22892410500672 terminal.py:91] [Actor] Actor Episodes = 2246 | Actor Steps = 112300 | Delta Dist = 11.080 | Delta Dist 10 = 6.505 | Delta Dist 100 = 7.105 | Delta Dist 1000 = 7.708 | Episode Length = 50 | Episode Return = 20.0 | Evaluator Episodes = 559 | Evaluator Steps = 27950 | Final Dist = 0.234 | Final Dist 10 = 4.808 | Final Dist 100 = 4.209 | Final Dist 1000 = 3.606 | Init Dist = 11.314 | Init Dist 10 = 11.314 | Init Dist 100 = 11.314 | Init Dist 1000 = 11.314 | Learner Steps = 1599 | Learner Walltime = 248.128 | Min Dist = 0.234 | Min Dist 10 = 1.413 | Min Dist 100 = 0.948 | Min Dist 1000 = 0.987 | Steps Per Second = 95.221 | Success = 1.000 | Success 1000 = 0.707
I0528 14:51:41.760813 22918291473984 lp_utils.py:96] StepsLimiter: Reached 112550 recorded steps
I0528 14:51:41.794505 22895222769216 terminal.py:91] [Evaluator] Actor Episodes = 2251 | Actor Steps = 112550 | Delta Dist = 10.347 | Delta Dist 10 = 10.579 | Delta Dist 100 = 10.232 | Delta Dist 1000 = 8.637 | Episode Length = 50 | Episode Return = 22.0 | Evaluator Episodes = 561 | Evaluator Steps = 28050 | Final Dist = 0.967 | Final Dist 10 = 0.735 | Final Dist 100 = 1.082 | Final Dist 1000 = 2.676 | Init Dist = 11.314 | Init Dist 10 = 11.314 | Init Dist 100 = 11.314 | Init Dist 1000 = 11.314 | Learner Steps = 1599 | Learner Walltime = 248.128 | Min Dist = 0.247 | Min Dist 10 = 0.245 | Min Dist 100 = 0.268 | Min Dist 1000 = 1.816 | Steps Per Second = 120.152 | Success = 1.000 | Success 1000 = 0.370
I0528 14:51:42.559628 22892391589440 terminal.py:91] [Actor] Actor Episodes = 2251 | Actor Steps = 112550 | Delta Dist = 8.718 | Delta Dist 10 = 6.227 | Delta Dist 100 = 6.986 | Delta Dist 1000 = 7.713 | Episode Length = 50 | Episode Return = 0.0 | Evaluator Episodes = 559 | Evaluator Steps = 27950 | Final Dist = 2.596 | Final Dist 10 = 5.086 | Final Dist 100 = 4.328 | Final Dist 1000 = 3.601 | Init Dist = 11.314 | Init Dist 10 = 11.314 | Init Dist 100 = 11.314 | Init Dist 1000 = 11.314 | Learner Steps = 1599 | Learner Walltime = 248.128 | Min Dist = 2.571 | Min Dist 10 = 0.323 | Min Dist 100 = 0.950 | Min Dist 1000 = 0.977 | Steps Per Second = 94.264 | Success = 0.000 | Success 1000 = 0.716
I0528 14:51:42.589828 22892418905664 terminal.py:91] [Actor] Actor Episodes = 2254 | Actor Steps = 112700 | Delta Dist = 8.713 | Delta Dist 10 = 6.960 | Delta Dist 100 = 6.973 | Delta Dist 1000 = 7.716 | Episode Length = 50 | Episode Return = 0.0 | Evaluator Episodes = 561 | Evaluator Steps = 28050 | Final Dist = 2.600 | Final Dist 10 = 4.354 | Final Dist 100 = 4.341 | Final Dist 1000 = 3.598 | Init Dist = 11.314 | Init Dist 10 = 11.314 | Init Dist 100 = 11.314 | Init Dist 1000 = 11.314 | Learner Steps = 1605 | Learner Walltime = 249.207 | Min Dist = 2.598 | Min Dist 10 = 0.551 | Min Dist 100 = 0.975 | Min Dist 1000 = 0.978 | Steps Per Second = 95.887 | Success = 0.000 | Success 1000 = 0.716
I0528 14:51:42.679715 22892421006912 terminal.py:91] [Actor] Actor Episodes = 2257 | Actor Steps = 112850 | Delta Dist = 8.701 | Delta Dist 10 = 6.723 | Delta Dist 100 = 6.947 | Delta Dist 1000 = 7.716 | Episode Length = 50 | Episode Return = 0.0 | Evaluator Episodes = 561 | Evaluator Steps = 28050 | Final Dist = 2.613 | Final Dist 10 = 4.591 | Final Dist 100 = 4.367 | Final Dist 1000 = 3.598 | Init Dist = 11.314 | Init Dist 10 = 11.314 | Init Dist 100 = 11.314 | Init Dist 1000 = 11.314 | Learner Steps = 1605 | Learner Walltime = 249.207 | Min Dist = 2.593 | Min Dist 10 = 0.788 | Min Dist 100 = 1.000 | Min Dist 1000 = 0.979 | Steps Per Second = 89.478 | Success = 0.000 | Success 1000 = 0.716
I0528 14:51:42.828183 22895222769216 terminal.py:91] [Evaluator] Actor Episodes = 2257 | Actor Steps = 112850 | Delta Dist = 10.165 | Delta Dist 10 = 10.483 | Delta Dist 100 = 10.235 | Delta Dist 1000 = 8.642 | Episode Length = 50 | Episode Return = 18.0 | Evaluator Episodes = 563 | Evaluator Steps = 28150 | Final Dist = 1.149 | Final Dist 10 = 0.831 | Final Dist 100 = 1.078 | Final Dist 1000 = 2.671 | Init Dist = 11.314 | Init Dist 10 = 11.314 | Init Dist 100 = 11.314 | Init Dist 1000 = 11.314 | Learner Steps = 1605 | Learner Walltime = 249.207 | Min Dist = 0.320 | Min Dist 10 = 0.248 | Min Dist 100 = 0.266 | Min Dist 1000 = 1.811 | Steps Per Second = 85.306 | Success = 1.000 | Success 1000 = 0.372
I0528 14:51:44.310361 22895222769216 terminal.py:91] [Evaluator] Actor Episodes = 2271 | Actor Steps = 113550 | Delta Dist = 11.023 | Delta Dist 10 = 10.228 | Delta Dist 100 = 10.219 | Delta Dist 1000 = 8.649 | Episode Length = 50 | Episode Return = 20.0 | Evaluator Episodes = 566 | Evaluator Steps = 28300 | Final Dist = 0.290 | Final Dist 10 = 1.086 | Final Dist 100 = 1.094 | Final Dist 1000 = 2.665 | Init Dist = 11.314 | Init Dist 10 = 11.314 | Init Dist 100 = 11.314 | Init Dist 1000 = 11.314 | Learner Steps = 1619 | Learner Walltime = 251.367 | Min Dist = 0.185 | Min Dist 10 = 0.268 | Min Dist 100 = 0.264 | Min Dist 1000 = 1.803 | Steps Per Second = 100.680 | Success = 1.000 | Success 1000 = 0.375
I0528 14:51:45.734462 22895222769216 terminal.py:91] [Evaluator] Actor Episodes = 2283 | Actor Steps = 114150 | Delta Dist = 10.428 | Delta Dist 10 = 10.305 | Delta Dist 100 = 10.251 | Delta Dist 1000 = 8.660 | Episode Length = 50 | Episode Return = 22.0 | Evaluator Episodes = 569 | Evaluator Steps = 28450 | Final Dist = 0.885 | Final Dist 10 = 1.008 | Final Dist 100 = 1.062 | Final Dist 1000 = 2.653 | Init Dist = 11.314 | Init Dist 10 = 11.314 | Init Dist 100 = 11.314 | Init Dist 1000 = 11.314 | Learner Steps = 1626 | Learner Walltime = 252.453 | Min Dist = 0.264 | Min Dist 10 = 0.262 | Min Dist 100 = 0.263 | Min Dist 1000 = 1.795 | Steps Per Second = 105.541 | Success = 1.000 | Success 1000 = 0.379
I0528 14:51:45.888536 22863692109376 terminal.py:91] [Learner] Actor Episodes = 2274 | Actor Loss = 7.009675979614258 | Actor Steps = 113700 | Binary Accuracy = 0.9960637092590332 | Categorical Accuracy = 0.10552978515625 | Critic Loss = 3.927845001220703 | Entropy Mean = -2.4745824337005615 | Evaluator Episodes = 566 | Evaluator Steps = 28300 | Learner Steps = 1631 | Learner Walltime = 253.158 | Logits Neg = -15.790343284606934 | Logits Pos = -3.928515672683716 | Logsumexp = 0.4172082543373108 | Steps Per Second = 668.740
I0528 14:51:46.761332 22895222769216 terminal.py:91] [Evaluator] Actor Episodes = 2290 | Actor Steps = 114500 | Delta Dist = 10.433 | Delta Dist 10 = 10.340 | Delta Dist 100 = 10.272 | Delta Dist 1000 = 8.667 | Episode Length = 50 | Episode Return = 25.0 | Evaluator Episodes = 571 | Evaluator Steps = 28550 | Final Dist = 0.881 | Final Dist 10 = 0.973 | Final Dist 100 = 1.042 | Final Dist 1000 = 2.647 | Init Dist = 11.314 | Init Dist 10 = 11.314 | Init Dist 100 = 11.314 | Init Dist 1000 = 11.314 | Learner Steps = 1634 | Learner Walltime = 253.543 | Min Dist = 0.133 | Min Dist 10 = 0.246 | Min Dist 100 = 0.258 | Min Dist 1000 = 1.789 | Steps Per Second = 91.551 | Success = 1.000 | Success 1000 = 0.381
I0528 14:51:47.792797 22895222769216 terminal.py:91] [Evaluator] Actor Episodes = 2297 | Actor Steps = 114850 | Delta Dist = 10.531 | Delta Dist 10 = 10.482 | Delta Dist 100 = 10.272 | Delta Dist 1000 = 8.675 | Episode Length = 50 | Episode Return = 29.0 | Evaluator Episodes = 573 | Evaluator Steps = 28650 | Final Dist = 0.783 | Final Dist 10 = 0.831 | Final Dist 100 = 1.042 | Final Dist 1000 = 2.639 | Init Dist = 11.314 | Init Dist 10 = 11.314 | Init Dist 100 = 11.314 | Init Dist 1000 = 11.314 | Learner Steps = 1641 | Learner Walltime = 254.627 | Min Dist = 0.155 | Min Dist 10 = 0.218 | Min Dist 100 = 0.253 | Min Dist 1000 = 1.783 | Steps Per Second = 95.179 | Success = 1.000 | Success 1000 = 0.383
I0528 14:51:49.267712 22895222769216 terminal.py:91] [Evaluator] Actor Episodes = 2306 | Actor Steps = 115300 | Delta Dist = 10.447 | Delta Dist 10 = 10.762 | Delta Dist 100 = 10.311 | Delta Dist 1000 = 8.686 | Episode Length = 50 | Episode Return = 29.0 | Evaluator Episodes = 576 | Evaluator Steps = 28800 | Final Dist = 0.867 | Final Dist 10 = 0.551 | Final Dist 100 = 1.003 | Final Dist 1000 = 2.628 | Init Dist = 11.314 | Init Dist 10 = 11.314 | Init Dist 100 = 11.314 | Init Dist 1000 = 11.314 | Learner Steps = 1647 | Learner Walltime = 255.646 | Min Dist = 0.260 | Min Dist 10 = 0.178 | Min Dist 100 = 0.246 | Min Dist 1000 = 1.775 | Steps Per Second = 94.024 | Success = 1.000 | Success 1000 = 0.386
I0528 14:51:50.687663 22895222769216 terminal.py:91] [Evaluator] Actor Episodes = 2317 | Actor Steps = 115850 | Delta Dist = 10.394 | Delta Dist 10 = 10.700 | Delta Dist 100 = 10.321 | Delta Dist 1000 = 8.696 | Episode Length = 50 | Episode Return = 28.0 | Evaluator Episodes = 579 | Evaluator Steps = 28950 | Final Dist = 0.920 | Final Dist 10 = 0.613 | Final Dist 100 = 0.992 | Final Dist 1000 = 2.618 | Init Dist = 11.314 | Init Dist 10 = 11.314 | Init Dist 100 = 11.314 | Init Dist 1000 = 11.314 | Learner Steps = 1654 | Learner Walltime = 256.974 | Min Dist = 0.154 | Min Dist 10 = 0.193 | Min Dist 100 = 0.246 | Min Dist 1000 = 1.767 | Steps Per Second = 117.149 | Success = 1.000 | Success 1000 = 0.389
I0528 14:51:51.460065 22892410500672 terminal.py:91] [Actor] Actor Episodes = 2321 | Actor Steps = 116050 | Delta Dist = 10.965 | Delta Dist 10 = 7.687 | Delta Dist 100 = 7.009 | Delta Dist 1000 = 7.704 | Episode Length = 50 | Episode Return = 30.0 | Evaluator Episodes = 579 | Evaluator Steps = 28950 | Final Dist = 0.349 | Final Dist 10 = 3.627 | Final Dist 100 = 4.304 | Final Dist 1000 = 3.609 | Init Dist = 11.314 | Init Dist 10 = 11.314 | Init Dist 100 = 11.314 | Init Dist 1000 = 11.314 | Learner Steps = 1661 | Learner Walltime = 258.059 | Min Dist = 0.077 | Min Dist 10 = 0.298 | Min Dist 100 = 0.993 | Min Dist 1000 = 0.920 | Steps Per Second = 103.320 | Success = 1.000 | Success 1000 = 0.778
I0528 14:51:51.781339 22918291473984 lp_utils.py:96] StepsLimiter: Reached 116450 recorded steps
I0528 14:51:52.031037 22895222769216 terminal.py:91] [Evaluator] Actor Episodes = 2329 | Actor Steps = 116450 | Delta Dist = 10.297 | Delta Dist 10 = 10.729 | Delta Dist 100 = 10.347 | Delta Dist 1000 = 8.706 | Episode Length = 50 | Episode Return = 26.0 | Evaluator Episodes = 582 | Evaluator Steps = 29100 | Final Dist = 1.016 | Final Dist 10 = 0.585 | Final Dist 100 = 0.966 | Final Dist 1000 = 2.608 | Init Dist = 11.314 | Init Dist 10 = 11.314 | Init Dist 100 = 11.314 | Init Dist 1000 = 11.314 | Learner Steps = 1669 | Learner Walltime = 259.277 | Min Dist = 0.294 | Min Dist 10 = 0.207 | Min Dist 100 = 0.245 | Min Dist 1000 = 1.759 | Steps Per Second = 124.022 | Success = 1.000 | Success 1000 = 0.392
I0528 14:51:52.797710 22892418905664 terminal.py:91] [Actor] Actor Episodes = 2336 | Actor Steps = 116800 | Delta Dist = 10.247 | Delta Dist 10 = 8.789 | Delta Dist 100 = 7.433 | Delta Dist 1000 = 7.733 | Episode Length = 50 | Episode Return = 26.0 | Evaluator Episodes = 582 | Evaluator Steps = 29100 | Final Dist = 1.067 | Final Dist 10 = 2.524 | Final Dist 100 = 3.880 | Final Dist 1000 = 3.581 | Init Dist = 11.314 | Init Dist 10 = 11.314 | Init Dist 100 = 11.314 | Init Dist 1000 = 11.314 | Learner Steps = 1669 | Learner Walltime = 259.277 | Min Dist = 0.864 | Min Dist 10 = 0.288 | Min Dist 100 = 0.879 | Min Dist 1000 = 0.886 | Steps Per Second = 115.535 | Success = 1.000 | Success 1000 = 0.791
I0528 14:51:52.855890 22892391589440 terminal.py:91] [Actor] Actor Episodes = 2339 | Actor Steps = 116950 | Delta Dist = 10.445 | Delta Dist 10 = 8.139 | Delta Dist 100 = 7.326 | Delta Dist 1000 = 7.723 | Episode Length = 50 | Episode Return = 29.0 | Evaluator Episodes = 582 | Evaluator Steps = 29100 | Final Dist = 0.869 | Final Dist 10 = 3.175 | Final Dist 100 = 3.988 | Final Dist 1000 = 3.591 | Init Dist = 11.314 | Init Dist 10 = 11.314 | Init Dist 100 = 11.314 | Init Dist 1000 = 11.314 | Learner Steps = 1669 | Learner Walltime = 259.277 | Min Dist = 0.251 | Min Dist 10 = 0.280 | Min Dist 100 = 0.879 | Min Dist 1000 = 0.885 | Steps Per Second = 119.044 | Success = 1.000 | Success 1000 = 0.792
I0528 14:51:53.001255 22892421006912 terminal.py:91] [Actor] Actor Episodes = 2342 | Actor Steps = 117100 | Delta Dist = 10.432 | Delta Dist 10 = 8.086 | Delta Dist 100 = 7.328 | Delta Dist 1000 = 7.724 | Episode Length = 50 | Episode Return = 28.0 | Evaluator Episodes = 582 | Evaluator Steps = 29100 | Final Dist = 0.882 | Final Dist 10 = 3.228 | Final Dist 100 = 3.986 | Final Dist 1000 = 3.589 | Init Dist = 11.314 | Init Dist 10 = 11.314 | Init Dist 100 = 11.314 | Init Dist 1000 = 11.314 | Learner Steps = 1669 | Learner Walltime = 259.277 | Min Dist = 0.153 | Min Dist 10 = 0.279 | Min Dist 100 = 0.878 | Min Dist 1000 = 0.884 | Steps Per Second = 105.996 | Success = 1.000 | Success 1000 = 0.793
I0528 14:51:53.456307 22895222769216 terminal.py:91] [Evaluator] Actor Episodes = 2341 | Actor Steps = 117050 | Delta Dist = 10.432 | Delta Dist 10 = 10.576 | Delta Dist 100 = 10.359 | Delta Dist 1000 = 8.714 | Episode Length = 50 | Episode Return = 25.0 | Evaluator Episodes = 585 | Evaluator Steps = 29250 | Final Dist = 0.881 | Final Dist 10 = 0.738 | Final Dist 100 = 0.954 | Final Dist 1000 = 2.599 | Init Dist = 11.314 | Init Dist 10 = 11.314 | Init Dist 100 = 11.314 | Init Dist 1000 = 11.314 | Learner Steps = 1677 | Learner Walltime = 260.319 | Min Dist = 0.187 | Min Dist 10 = 0.225 | Min Dist 100 = 0.247 | Min Dist 1000 = 1.751 | Steps Per Second = 100.607 | Success = 1.000 | Success 1000 = 0.396
I0528 14:51:54.508581 22895222769216 terminal.py:91] [Evaluator] Actor Episodes = 2352 | Actor Steps = 117600 | Delta Dist = 11.061 | Delta Dist 10 = 10.518 | Delta Dist 100 = 10.369 | Delta Dist 1000 = 8.720 | Episode Length = 50 | Episode Return = 30.0 | Evaluator Episodes = 587 | Evaluator Steps = 29350 | Final Dist = 0.253 | Final Dist 10 = 0.795 | Final Dist 100 = 0.945 | Final Dist 1000 = 2.594 | Init Dist = 11.314 | Init Dist 10 = 11.314 | Init Dist 100 = 11.314 | Init Dist 1000 = 11.314 | Learner Steps = 1684 | Learner Walltime = 261.730 | Min Dist = 0.233 | Min Dist 10 = 0.232 | Min Dist 100 = 0.244 | Min Dist 1000 = 1.746 | Steps Per Second = 89.814 | Success = 1.000 | Success 1000 = 0.398
I0528 14:51:55.747729 22895222769216 terminal.py:91] [Evaluator] Actor Episodes = 2360 | Actor Steps = 118000 | Delta Dist = 10.456 | Delta Dist 10 = 10.568 | Delta Dist 100 = 10.396 | Delta Dist 1000 = 8.727 | Episode Length = 50 | Episode Return = 30.0 | Evaluator Episodes = 589 | Evaluator Steps = 29450 | Final Dist = 0.858 | Final Dist 10 = 0.746 | Final Dist 100 = 0.918 | Final Dist 1000 = 2.586 | Init Dist = 11.314 | Init Dist 10 = 11.314 | Init Dist 100 = 11.314 | Init Dist 1000 = 11.314 | Learner Steps = 1691 | Learner Walltime = 262.891 | Min Dist = 0.173 | Min Dist 10 = 0.212 | Min Dist 100 = 0.243 | Min Dist 1000 = 1.740 | Steps Per Second = 81.157 | Success = 1.000 | Success 1000 = 0.400
I0528 14:51:56.033958 22863692109376 terminal.py:91] [Learner] Actor Episodes = 2360 | Actor Loss = 6.9157867431640625 | Actor Steps = 118000 | Binary Accuracy = 0.9960615634918213 | Categorical Accuracy = 0.0982666015625 | Critic Loss = 3.9953904151916504 | Entropy Mean = -0.2497003674507141 | Evaluator Episodes = 587 | Evaluator Steps = 29350 | Learner Steps = 1693 | Learner Walltime = 263.301 | Logits Neg = -15.48886489868164 | Logits Pos = -3.9938926696777344 | Logsumexp = 0.4218219220638275 | Steps Per Second = 213.131
I0528 14:51:56.873694 22895222769216 terminal.py:91] [Evaluator] Actor Episodes = 2368 | Actor Steps = 118400 | Delta Dist = 10.858 | Delta Dist 10 = 10.519 | Delta Dist 100 = 10.400 | Delta Dist 1000 = 8.733 | Episode Length = 50 | Episode Return = 28.0 | Evaluator Episodes = 591 | Evaluator Steps = 29550 | Final Dist = 0.455 | Final Dist 10 = 0.794 | Final Dist 100 = 0.914 | Final Dist 1000 = 2.580 | Init Dist = 11.314 | Init Dist 10 = 11.314 | Init Dist 100 = 11.314 | Init Dist 1000 = 11.314 | Learner Steps = 1697 | Learner Walltime = 264.082 | Min Dist = 0.137 | Min Dist 10 = 0.197 | Min Dist 100 = 0.238 | Min Dist 1000 = 1.735 | Steps Per Second = 104.761 | Success = 1.000 | Success 1000 = 0.402
I0528 14:51:58.331105 22895222769216 terminal.py:91] [Evaluator] Actor Episodes = 2377 | Actor Steps = 118850 | Delta Dist = 11.046 | Delta Dist 10 = 10.663 | Delta Dist 100 = 10.403 | Delta Dist 1000 = 8.744 | Episode Length = 50 | Episode Return = 30.0 | Evaluator Episodes = 594 | Evaluator Steps = 29700 | Final Dist = 0.268 | Final Dist 10 = 0.651 | Final Dist 100 = 0.911 | Final Dist 1000 = 2.570 | Init Dist = 11.314 | Init Dist 10 = 11.314 | Init Dist 100 = 11.314 | Init Dist 1000 = 11.314 | Learner Steps = 1704 | Learner Walltime = 265.086 | Min Dist = 0.217 | Min Dist 10 = 0.154 | Min Dist 100 = 0.233 | Min Dist 1000 = 1.727 | Steps Per Second = 96.987 | Success = 1.000 | Success 1000 = 0.405
I0528 14:51:59.826541 22895222769216 terminal.py:91] [Evaluator] Actor Episodes = 2388 | Actor Steps = 119400 | Delta Dist = 11.039 | Delta Dist 10 = 10.766 | Delta Dist 100 = 10.430 | Delta Dist 1000 = 8.754 | Episode Length = 50 | Episode Return = 29.0 | Evaluator Episodes = 597 | Evaluator Steps = 29850 | Final Dist = 0.275 | Final Dist 10 = 0.548 | Final Dist 100 = 0.884 | Final Dist 1000 = 2.559 | Init Dist = 11.314 | Init Dist 10 = 11.314 | Init Dist 100 = 11.314 | Init Dist 1000 = 11.314 | Learner Steps = 1711 | Learner Walltime = 266.276 | Min Dist = 0.194 | Min Dist 10 = 0.142 | Min Dist 100 = 0.230 | Min Dist 1000 = 1.719 | Steps Per Second = 92.054 | Success = 1.000 | Success 1000 = 0.408
I0528 14:52:01.315687 22895222769216 terminal.py:91] [Evaluator] Actor Episodes = 2399 | Actor Steps = 119950 | Delta Dist = 10.581 | Delta Dist 10 = 10.798 | Delta Dist 100 = 10.450 | Delta Dist 1000 = 8.765 | Episode Length = 50 | Episode Return = 29.0 | Evaluator Episodes = 600 | Evaluator Steps = 30000 | Final Dist = 0.733 | Final Dist 10 = 0.516 | Final Dist 100 = 0.864 | Final Dist 1000 = 2.549 | Init Dist = 11.314 | Init Dist 10 = 11.314 | Init Dist 100 = 11.314 | Init Dist 1000 = 11.314 | Learner Steps = 1726 | Learner Walltime = 268.527 | Min Dist = 0.124 | Min Dist 10 = 0.139 | Min Dist 100 = 0.225 | Min Dist 1000 = 1.711 | Steps Per Second = 94.574 | Success = 1.000 | Success 1000 = 0.411
I0528 14:52:01.609781 22892410500672 terminal.py:91] [Actor] Actor Episodes = 2411 | Actor Steps = 120550 | Delta Dist = 8.908 | Delta Dist 10 = 9.177 | Delta Dist 100 = 8.286 | Delta Dist 1000 = 7.840 | Episode Length = 50 | Episode Return = 28.0 | Evaluator Episodes = 600 | Evaluator Steps = 30000 | Final Dist = 2.406 | Final Dist 10 = 2.137 | Final Dist 100 = 3.027 | Final Dist 1000 = 3.474 | Init Dist = 11.314 | Init Dist 10 = 11.314 | Init Dist 100 = 11.314 | Init Dist 1000 = 11.314 | Learner Steps = 1726 | Learner Walltime = 268.527 | Min Dist = 0.155 | Min Dist 10 = 0.180 | Min Dist 100 = 0.490 | Min Dist 1000 = 0.781 | Steps Per Second = 104.792 | Success = 1.000 | Success 1000 = 0.856
I0528 14:52:01.703911 22918293575232 savers.py:156] Saving checkpoint: /home/gliu2/rebuttal/checkpoints/contrastive_cpc_point_FourRooms_0/checkpoints/counter
I0528 14:52:01.798786 22918291473984 lp_utils.py:96] StepsLimiter: Reached 120550 recorded steps
I0528 14:52:02.761520 22895222769216 terminal.py:91] [Evaluator] Actor Episodes = 2415 | Actor Steps = 120750 | Delta Dist = 11.109 | Delta Dist 10 = 10.742 | Delta Dist 100 = 10.473 | Delta Dist 1000 = 8.775 | Episode Length = 50 | Episode Return = 23.0 | Evaluator Episodes = 603 | Evaluator Steps = 30150 | Final Dist = 0.205 | Final Dist 10 = 0.571 | Final Dist 100 = 0.841 | Final Dist 1000 = 2.539 | Init Dist = 11.314 | Init Dist 10 = 11.314 | Init Dist 100 = 11.314 | Init Dist 1000 = 11.314 | Learner Steps = 1733 | Learner Walltime = 269.749 | Min Dist = 0.123 | Min Dist 10 = 0.166 | Min Dist 100 = 0.221 | Min Dist 1000 = 1.703 | Steps Per Second = 101.596 | Success = 1.000 | Success 1000 = 0.414
I0528 14:52:02.822852 22892418905664 terminal.py:91] [Actor] Actor Episodes = 2418 | Actor Steps = 120900 | Delta Dist = 10.369 | Delta Dist 10 = 8.425 | Delta Dist 100 = 8.393 | Delta Dist 1000 = 7.846 | Episode Length = 50 | Episode Return = 24.0 | Evaluator Episodes = 603 | Evaluator Steps = 30150 | Final Dist = 0.944 | Final Dist 10 = 2.889 | Final Dist 100 = 2.921 | Final Dist 1000 = 3.467 | Init Dist = 11.314 | Init Dist 10 = 11.314 | Init Dist 100 = 11.314 | Init Dist 1000 = 11.314 | Learner Steps = 1733 | Learner Walltime = 269.749 | Min Dist = 0.110 | Min Dist 10 = 0.160 | Min Dist 100 = 0.471 | Min Dist 1000 = 0.767 | Steps Per Second = 122.565 | Success = 1.000 | Success 1000 = 0.865
I0528 14:52:02.866704 22892391589440 terminal.py:91] [Actor] Actor Episodes = 2421 | Actor Steps = 121050 | Delta Dist = 10.806 | Delta Dist 10 = 8.352 | Delta Dist 100 = 8.480 | Delta Dist 1000 = 7.856 | Episode Length = 50 | Episode Return = 28.0 | Evaluator Episodes = 603 | Evaluator Steps = 30150 | Final Dist = 0.508 | Final Dist 10 = 2.962 | Final Dist 100 = 2.833 | Final Dist 1000 = 3.458 | Init Dist = 11.314 | Init Dist 10 = 11.314 | Init Dist 100 = 11.314 | Init Dist 1000 = 11.314 | Learner Steps = 1733 | Learner Walltime = 269.749 | Min Dist = 0.180 | Min Dist 10 = 0.152 | Min Dist 100 = 0.470 | Min Dist 1000 = 0.765 | Steps Per Second = 88.170 | Success = 1.000 | Success 1000 = 0.866
I0528 14:52:03.397474 22892421006912 terminal.py:91] [Actor] Actor Episodes = 2415 | Actor Steps = 120750 | Delta Dist = 11.121 | Delta Dist 10 = 9.589 | Delta Dist 100 = 8.556 | Delta Dist 1000 = 7.878 | Episode Length = 50 | Episode Return = 28.0 | Evaluator Episodes = 600 | Evaluator Steps = 30000 | Final Dist = 0.193 | Final Dist 10 = 1.724 | Final Dist 100 = 2.758 | Final Dist 1000 = 3.436 | Init Dist = 11.314 | Init Dist 10 = 11.314 | Init Dist 100 = 11.314 | Init Dist 1000 = 11.314 | Learner Steps = 1726 | Learner Walltime = 268.527 | Min Dist = 0.130 | Min Dist 10 = 0.143 | Min Dist 100 = 0.466 | Min Dist 1000 = 0.758 | Steps Per Second = 97.648 | Success = 1.000 | Success 1000 = 0.871
I0528 14:52:03.769550 22895222769216 terminal.py:91] [Evaluator] Actor Episodes = 2423 | Actor Steps = 121150 | Delta Dist = 11.127 | Delta Dist 10 = 10.820 | Delta Dist 100 = 10.510 | Delta Dist 1000 = 8.782 | Episode Length = 50 | Episode Return = 25.0 | Evaluator Episodes = 605 | Evaluator Steps = 30250 | Final Dist = 0.186 | Final Dist 10 = 0.494 | Final Dist 100 = 0.804 | Final Dist 1000 = 2.531 | Init Dist = 11.314 | Init Dist 10 = 11.314 | Init Dist 100 = 11.314 | Init Dist 1000 = 11.314 | Learner Steps = 1740 | Learner Walltime = 270.771 | Min Dist = 0.102 | Min Dist 10 = 0.161 | Min Dist 100 = 0.220 | Min Dist 1000 = 1.698 | Steps Per Second = 94.504 | Success = 1.000 | Success 1000 = 0.416
I0528 14:52:05.246680 22895222769216 terminal.py:91] [Evaluator] Actor Episodes = 2433 | Actor Steps = 121650 | Delta Dist = 11.052 | Delta Dist 10 = 10.898 | Delta Dist 100 = 10.536 | Delta Dist 1000 = 8.794 | Episode Length = 50 | Episode Return = 29.0 | Evaluator Episodes = 608 | Evaluator Steps = 30400 | Final Dist = 0.262 | Final Dist 10 = 0.416 | Final Dist 100 = 0.777 | Final Dist 1000 = 2.520 | Init Dist = 11.314 | Init Dist 10 = 11.314 | Init Dist 100 = 11.314 | Init Dist 1000 = 11.314 | Learner Steps = 1747 | Learner Walltime = 271.792 | Min Dist = 0.097 | Min Dist 10 = 0.136 | Min Dist 100 = 0.216 | Min Dist 1000 = 1.690 | Steps Per Second = 86.463 | Success = 1.000 | Success 1000 = 0.418
I0528 14:52:06.034934 22863692109376 terminal.py:91] [Learner] Actor Episodes = 2442 | Actor Loss = 6.82811164855957 | Actor Steps = 122100 | Binary Accuracy = 0.9960873126983643 | Categorical Accuracy = 0.10015869140625 | Critic Loss = 3.9781646728515625 | Entropy Mean = -1.4862992763519287 | Evaluator Episodes = 608 | Evaluator Steps = 30400 | Learner Steps = 1755 | Learner Walltime = 273.307 | Logits Neg = -15.168272972106934 | Logits Pos = -3.977867603302002 | Logsumexp = 0.38522544503211975 | Steps Per Second = 910.046
I0528 14:52:06.733614 22895222769216 terminal.py:91] [Evaluator] Actor Episodes = 2446 | Actor Steps = 122300 | Delta Dist = 10.993 | Delta Dist 10 = 10.950 | Delta Dist 100 = 10.562 | Delta Dist 1000 = 8.804 | Episode Length = 50 | Episode Return = 30.0 | Evaluator Episodes = 611 | Evaluator Steps = 30550 | Final Dist = 0.321 | Final Dist 10 = 0.364 | Final Dist 100 = 0.752 | Final Dist 1000 = 2.510 | Init Dist = 11.314 | Init Dist 10 = 11.314 | Init Dist 100 = 11.314 | Init Dist 1000 = 11.314 | Learner Steps = 1759 | Learner Walltime = 273.872 | Min Dist = 0.142 | Min Dist 10 = 0.119 | Min Dist 100 = 0.215 | Min Dist 1000 = 1.682 | Steps Per Second = 100.380 | Success = 1.000 | Success 1000 = 0.421
I0528 14:52:07.812974 22895222769216 terminal.py:91] [Evaluator] Actor Episodes = 2452 | Actor Steps = 122600 | Delta Dist = 10.455 | Delta Dist 10 = 11.002 | Delta Dist 100 = 10.573 | Delta Dist 1000 = 8.811 | Episode Length = 50 | Episode Return = 27.0 | Evaluator Episodes = 613 | Evaluator Steps = 30650 | Final Dist = 0.859 | Final Dist 10 = 0.312 | Final Dist 100 = 0.741 | Final Dist 1000 = 2.503 | Init Dist = 11.314 | Init Dist 10 = 11.314 | Init Dist 100 = 11.314 | Init Dist 1000 = 11.314 | Learner Steps = 1766 | Learner Walltime = 274.876 | Min Dist = 0.180 | Min Dist 10 = 0.110 | Min Dist 100 = 0.215 | Min Dist 1000 = 1.677 | Steps Per Second = 87.814 | Success = 1.000 | Success 1000 = 0.423
I0528 14:52:09.284051 22895222769216 terminal.py:91] [Evaluator] Actor Episodes = 2467 | Actor Steps = 123350 | Delta Dist = 11.074 | Delta Dist 10 = 10.900 | Delta Dist 100 = 10.579 | Delta Dist 1000 = 8.821 | Episode Length = 50 | Episode Return = 26.0 | Evaluator Episodes = 616 | Evaluator Steps = 30800 | Final Dist = 0.240 | Final Dist 10 = 0.414 | Final Dist 100 = 0.734 | Final Dist 1000 = 2.493 | Init Dist = 11.314 | Init Dist 10 = 11.314 | Init Dist 100 = 11.314 | Init Dist 1000 = 11.314 | Learner Steps = 1773 | Learner Walltime = 276.072 | Min Dist = 0.010 | Min Dist 10 = 0.109 | Min Dist 100 = 0.210 | Min Dist 1000 = 1.670 | Steps Per Second = 90.156 | Success = 1.000 | Success 1000 = 0.426
I0528 14:52:10.332544 22895222769216 terminal.py:91] [Evaluator] Actor Episodes = 2477 | Actor Steps = 123850 | Delta Dist = 10.772 | Delta Dist 10 = 10.918 | Delta Dist 100 = 10.593 | Delta Dist 1000 = 8.828 | Episode Length = 50 | Episode Return = 20.0 | Evaluator Episodes = 618 | Evaluator Steps = 30900 | Final Dist = 0.542 | Final Dist 10 = 0.396 | Final Dist 100 = 0.720 | Final Dist 1000 = 2.486 | Init Dist = 11.314 | Init Dist 10 = 11.314 | Init Dist 100 = 11.314 | Init Dist 1000 = 11.314 | Learner Steps = 1779 | Learner Walltime = 277.120 | Min Dist = 0.044 | Min Dist 10 = 0.096 | Min Dist 100 = 0.208 | Min Dist 1000 = 1.664 | Steps Per Second = 92.899 | Success = 1.000 | Success 1000 = 0.428
I0528 14:52:11.364255 22895222769216 terminal.py:91] [Evaluator] Actor Episodes = 2485 | Actor Steps = 124250 | Delta Dist = 10.159 | Delta Dist 10 = 10.908 | Delta Dist 100 = 10.602 | Delta Dist 1000 = 8.835 | Episode Length = 50 | Episode Return = 19.0 | Evaluator Episodes = 620 | Evaluator Steps = 31000 | Final Dist = 1.155 | Final Dist 10 = 0.405 | Final Dist 100 = 0.712 | Final Dist 1000 = 2.479 | Init Dist = 11.314 | Init Dist 10 = 11.314 | Init Dist 100 = 11.314 | Init Dist 1000 = 11.314 | Learner Steps = 1786 | Learner Walltime = 278.200 | Min Dist = 0.105 | Min Dist 10 = 0.088 | Min Dist 100 = 0.204 | Min Dist 1000 = 1.659 | Steps Per Second = 110.913 | Success = 1.000 | Success 1000 = 0.430
I0528 14:52:11.813048 22918291473984 lp_utils.py:96] StepsLimiter: Reached 124250 recorded steps
I0528 14:52:11.838454 22892410500672 terminal.py:91] [Actor] Actor Episodes = 2486 | Actor Steps = 124300 | Delta Dist = 10.387 | Delta Dist 10 = 9.397 | Delta Dist 100 = 8.793 | Delta Dist 1000 = 7.960 | Episode Length = 50 | Episode Return = 26.0 | Evaluator Episodes = 618 | Evaluator Steps = 30900 | Final Dist = 0.927 | Final Dist 10 = 1.916 | Final Dist 100 = 2.521 | Final Dist 1000 = 3.354 | Init Dist = 11.314 | Init Dist 10 = 11.314 | Init Dist 100 = 11.314 | Init Dist 1000 = 11.314 | Learner Steps = 1786 | Learner Walltime = 278.200 | Min Dist = 0.023 | Min Dist 10 = 1.222 | Min Dist 100 = 0.622 | Min Dist 1000 = 0.707 | Steps Per Second = 88.215 | Success = 1.000 | Success 1000 = 0.915
I0528 14:52:12.437746 22895222769216 terminal.py:91] [Evaluator] Actor Episodes = 2495 | Actor Steps = 124750 | Delta Dist = 10.351 | Delta Dist 10 = 10.824 | Delta Dist 100 = 10.603 | Delta Dist 1000 = 8.840 | Episode Length = 50 | Episode Return = 26.0 | Evaluator Episodes = 622 | Evaluator Steps = 31100 | Final Dist = 0.963 | Final Dist 10 = 0.490 | Final Dist 100 = 0.710 | Final Dist 1000 = 2.474 | Init Dist = 11.314 | Init Dist 10 = 11.314 | Init Dist 100 = 11.314 | Init Dist 1000 = 11.314 | Learner Steps = 1792 | Learner Walltime = 279.275 | Min Dist = 0.033 | Min Dist 10 = 0.081 | Min Dist 100 = 0.201 | Min Dist 1000 = 1.654 | Steps Per Second = 101.135 | Success = 1.000 | Success 1000 = 0.432
I0528 14:52:12.933980 22892418905664 terminal.py:91] [Actor] Actor Episodes = 2497 | Actor Steps = 124850 | Delta Dist = 10.385 | Delta Dist 10 = 8.562 | Delta Dist 100 = 8.965 | Delta Dist 1000 = 7.974 | Episode Length = 50 | Episode Return = 19.0 | Evaluator Episodes = 622 | Evaluator Steps = 31100 | Final Dist = 0.929 | Final Dist 10 = 2.751 | Final Dist 100 = 2.349 | Final Dist 1000 = 3.339 | Init Dist = 11.314 | Init Dist 10 = 11.314 | Init Dist 100 = 11.314 | Init Dist 1000 = 11.314 | Learner Steps = 1792 | Learner Walltime = 279.275 | Min Dist = 0.048 | Min Dist 10 = 1.185 | Min Dist 100 = 0.454 | Min Dist 1000 = 0.699 | Steps Per Second = 93.896 | Success = 1.000 | Success 1000 = 0.919
I0528 14:52:13.162166 22892391589440 terminal.py:91] [Actor] Actor Episodes = 2501 | Actor Steps = 125050 | Delta Dist = 11.278 | Delta Dist 10 = 9.292 | Delta Dist 100 = 8.919 | Delta Dist 1000 = 7.973 | Episode Length = 50 | Episode Return = 21.0 | Evaluator Episodes = 622 | Evaluator Steps = 31100 | Final Dist = 0.036 | Final Dist 10 = 2.022 | Final Dist 100 = 2.395 | Final Dist 1000 = 3.341 | Init Dist = 11.314 | Init Dist 10 = 11.314 | Init Dist 100 = 11.314 | Init Dist 1000 = 11.314 | Learner Steps = 1799 | Learner Walltime = 280.355 | Min Dist = 0.036 | Min Dist 10 = 0.059 | Min Dist 100 = 0.453 | Min Dist 1000 = 0.699 | Steps Per Second = 89.118 | Success = 1.000 | Success 1000 = 0.920
I0528 14:52:13.474442 22895222769216 terminal.py:91] [Evaluator] Actor Episodes = 2501 | Actor Steps = 125050 | Delta Dist = 11.087 | Delta Dist 10 = 10.732 | Delta Dist 100 = 10.594 | Delta Dist 1000 = 8.844 | Episode Length = 50 | Episode Return = 24.0 | Evaluator Episodes = 624 | Evaluator Steps = 31200 | Final Dist = 0.227 | Final Dist 10 = 0.582 | Final Dist 100 = 0.720 | Final Dist 1000 = 2.469 | Init Dist = 11.314 | Init Dist 10 = 11.314 | Init Dist 100 = 11.314 | Init Dist 1000 = 11.314 | Learner Steps = 1799 | Learner Walltime = 280.355 | Min Dist = 0.050 | Min Dist 10 = 0.061 | Min Dist 100 = 0.194 | Min Dist 1000 = 1.649 | Steps Per Second = 103.377 | Success = 1.000 | Success 1000 = 0.433
I0528 14:52:13.527940 22892421006912 terminal.py:91] [Actor] Actor Episodes = 2500 | Actor Steps = 125000 | Delta Dist = 11.080 | Delta Dist 10 = 9.757 | Delta Dist 100 = 8.913 | Delta Dist 1000 = 7.980 | Episode Length = 50 | Episode Return = 26.0 | Evaluator Episodes = 622 | Evaluator Steps = 31100 | Final Dist = 0.234 | Final Dist 10 = 1.556 | Final Dist 100 = 2.400 | Final Dist 1000 = 3.334 | Init Dist = 11.314 | Init Dist 10 = 11.314 | Init Dist 100 = 11.314 | Init Dist 1000 = 11.314 | Learner Steps = 1799 | Learner Walltime = 280.355 | Min Dist = 0.069 | Min Dist 10 = 0.050 | Min Dist 100 = 0.450 | Min Dist 1000 = 0.688 | Steps Per Second = 118.842 | Success = 1.000 | Success 1000 = 0.922
I0528 14:52:14.509561 22895222769216 terminal.py:91] [Evaluator] Actor Episodes = 2507 | Actor Steps = 125350 | Delta Dist = 11.001 | Delta Dist 10 = 10.694 | Delta Dist 100 = 10.604 | Delta Dist 1000 = 8.851 | Episode Length = 50 | Episode Return = 26.0 | Evaluator Episodes = 626 | Evaluator Steps = 31300 | Final Dist = 0.313 | Final Dist 10 = 0.619 | Final Dist 100 = 0.710 | Final Dist 1000 = 2.463 | Init Dist = 11.314 | Init Dist 10 = 11.314 | Init Dist 100 = 11.314 | Init Dist 1000 = 11.314 | Learner Steps = 1806 | Learner Walltime = 281.406 | Min Dist = 0.103 | Min Dist 10 = 0.055 | Min Dist 100 = 0.190 | Min Dist 1000 = 1.644 | Steps Per Second = 87.521 | Success = 1.000 | Success 1000 = 0.435
I0528 14:52:16.001467 22895222769216 terminal.py:91] [Evaluator] Actor Episodes = 2521 | Actor Steps = 126050 | Delta Dist = 11.195 | Delta Dist 10 = 10.606 | Delta Dist 100 = 10.615 | Delta Dist 1000 = 8.859 | Episode Length = 50 | Episode Return = 23.0 | Evaluator Episodes = 629 | Evaluator Steps = 31450 | Final Dist = 0.119 | Final Dist 10 = 0.707 | Final Dist 100 = 0.698 | Final Dist 1000 = 2.454 | Init Dist = 11.314 | Init Dist 10 = 11.314 | Init Dist 100 = 11.314 | Init Dist 1000 = 11.314 | Learner Steps = 1813 | Learner Walltime = 282.470 | Min Dist = 0.100 | Min Dist 10 = 0.058 | Min Dist 100 = 0.187 | Min Dist 1000 = 1.636 | Steps Per Second = 94.982 | Success = 1.000 | Success 1000 = 0.438
I0528 14:52:16.061055 22863692109376 terminal.py:91] [Learner] Actor Episodes = 2515 | Actor Loss = 6.734055519104004 | Actor Steps = 125750 | Binary Accuracy = 0.9960863590240479 | Categorical Accuracy = 0.09942626953125 | Critic Loss = 3.9618825912475586 | Entropy Mean = -3.8456549644470215 | Evaluator Episodes = 626 | Evaluator Steps = 31300 | Learner Steps = 1818 | Learner Walltime = 283.331 | Logits Neg = -14.977571487426758 | Logits Pos = -3.9503846168518066 | Logsumexp = 0.35696619749069214 | Steps Per Second = 372.676
I0528 14:52:17.481137 22895222769216 terminal.py:91] [Evaluator] Actor Episodes = 2537 | Actor Steps = 126850 | Delta Dist = 10.301 | Delta Dist 10 = 10.656 | Delta Dist 100 = 10.634 | Delta Dist 1000 = 8.869 | Episode Length = 50 | Episode Return = 20.0 | Evaluator Episodes = 632 | Evaluator Steps = 31600 | Final Dist = 1.013 | Final Dist 10 = 0.658 | Final Dist 100 = 0.679 | Final Dist 1000 = 2.445 | Init Dist = 11.314 | Init Dist 10 = 11.314 | Init Dist 100 = 11.314 | Init Dist 1000 = 11.314 | Learner Steps = 1826 | Learner Walltime = 284.712 | Min Dist = 0.096 | Min Dist 10 = 0.066 | Min Dist 100 = 0.182 | Min Dist 1000 = 1.629 | Steps Per Second = 105.204 | Success = 1.000 | Success 1000 = 0.441
I0528 14:52:18.498818 22895222769216 terminal.py:91] [Evaluator] Actor Episodes = 2543 | Actor Steps = 127150 | Delta Dist = 10.634 | Delta Dist 10 = 10.734 | Delta Dist 100 = 10.646 | Delta Dist 1000 = 8.874 | Episode Length = 50 | Episode Return = 20.0 | Evaluator Episodes = 634 | Evaluator Steps = 31700 | Final Dist = 0.680 | Final Dist 10 = 0.580 | Final Dist 100 = 0.668 | Final Dist 1000 = 2.439 | Init Dist = 11.314 | Init Dist 10 = 11.314 | Init Dist 100 = 11.314 | Init Dist 1000 = 11.314 | Learner Steps = 1826 | Learner Walltime = 284.712 | Min Dist = 0.052 | Min Dist 10 = 0.084 | Min Dist 100 = 0.180 | Min Dist 1000 = 1.624 | Steps Per Second = 86.705 | Success = 1.000 | Success 1000 = 0.442
I0528 14:52:19.956925 22895222769216 terminal.py:91] [Evaluator] Actor Episodes = 2555 | Actor Steps = 127750 | Delta Dist = 10.972 | Delta Dist 10 = 10.780 | Delta Dist 100 = 10.662 | Delta Dist 1000 = 8.884 | Episode Length = 50 | Episode Return = 24.0 | Evaluator Episodes = 637 | Evaluator Steps = 31850 | Final Dist = 0.341 | Final Dist 10 = 0.534 | Final Dist 100 = 0.652 | Final Dist 1000 = 2.429 | Init Dist = 11.314 | Init Dist 10 = 11.314 | Init Dist 100 = 11.314 | Init Dist 1000 = 11.314 | Learner Steps = 1841 | Learner Walltime = 286.900 | Min Dist = 0.056 | Min Dist 10 = 0.079 | Min Dist 100 = 0.173 | Min Dist 1000 = 1.617 | Steps Per Second = 99.965 | Success = 1.000 | Success 1000 = 0.445
I0528 14:52:21.459358 22895222769216 terminal.py:91] [Evaluator] Actor Episodes = 2566 | Actor Steps = 128300 | Delta Dist = 11.122 | Delta Dist 10 = 10.812 | Delta Dist 100 = 10.681 | Delta Dist 1000 = 8.894 | Episode Length = 50 | Episode Return = 23.0 | Evaluator Episodes = 640 | Evaluator Steps = 32000 | Final Dist = 0.192 | Final Dist 10 = 0.502 | Final Dist 100 = 0.633 | Final Dist 1000 = 2.420 | Init Dist = 11.314 | Init Dist 10 = 11.314 | Init Dist 100 = 11.314 | Init Dist 1000 = 11.314 | Learner Steps = 1847 | Learner Walltime = 287.910 | Min Dist = 0.070 | Min Dist 10 = 0.090 | Min Dist 100 = 0.170 | Min Dist 1000 = 1.610 | Steps Per Second = 99.136 | Success = 1.000 | Success 1000 = 0.448
I0528 14:52:21.830834 22918291473984 lp_utils.py:96] StepsLimiter: Reached 128450 recorded steps
I0528 14:52:22.115007 22892410500672 terminal.py:91] [Actor] Actor Episodes = 2565 | Actor Steps = 128250 | Delta Dist = 10.240 | Delta Dist 10 = 9.517 | Delta Dist 100 = 9.087 | Delta Dist 1000 = 8.107 | Episode Length = 50 | Episode Return = 22.0 | Evaluator Episodes = 637 | Evaluator Steps = 31850 | Final Dist = 1.074 | Final Dist 10 = 1.797 | Final Dist 100 = 2.226 | Final Dist 1000 = 3.207 | Init Dist = 11.314 | Init Dist 10 = 11.314 | Init Dist 100 = 11.314 | Init Dist 1000 = 11.314 | Learner Steps = 1847 | Learner Walltime = 287.910 | Min Dist = 0.043 | Min Dist 10 = 0.126 | Min Dist 100 = 0.314 | Min Dist 1000 = 0.613 | Steps Per Second = 110.710 | Success = 1.000 | Success 1000 = 0.939
I0528 14:52:22.592137 22895222769216 terminal.py:91] [Evaluator] Actor Episodes = 2576 | Actor Steps = 128800 | Delta Dist = 10.858 | Delta Dist 10 = 10.836 | Delta Dist 100 = 10.685 | Delta Dist 1000 = 8.899 | Episode Length = 50 | Episode Return = 20.0 | Evaluator Episodes = 642 | Evaluator Steps = 32100 | Final Dist = 0.456 | Final Dist 10 = 0.478 | Final Dist 100 = 0.629 | Final Dist 1000 = 2.414 | Init Dist = 11.314 | Init Dist 10 = 11.314 | Init Dist 100 = 11.314 | Init Dist 1000 = 11.314 | Learner Steps = 1854 | Learner Walltime = 288.964 | Min Dist = 0.077 | Min Dist 10 = 0.090 | Min Dist 100 = 0.167 | Min Dist 1000 = 1.605 | Steps Per Second = 79.745 | Success = 1.000 | Success 1000 = 0.449
I0528 14:52:23.376100 22892418905664 terminal.py:91] [Actor] Actor Episodes = 2581 | Actor Steps = 129050 | Delta Dist = 11.149 | Delta Dist 10 = 8.990 | Delta Dist 100 = 8.929 | Delta Dist 1000 = 8.146 | Episode Length = 50 | Episode Return = 26.0 | Evaluator Episodes = 642 | Evaluator Steps = 32100 | Final Dist = 0.165 | Final Dist 10 = 2.324 | Final Dist 100 = 2.385 | Final Dist 1000 = 3.168 | Init Dist = 11.314 | Init Dist 10 = 11.314 | Init Dist 100 = 11.314 | Init Dist 1000 = 11.314 | Learner Steps = 1860 | Learner Walltime = 289.975 | Min Dist = 0.130 | Min Dist 10 = 0.065 | Min Dist 100 = 0.308 | Min Dist 1000 = 0.595 | Steps Per Second = 100.739 | Success = 1.000 | Success 1000 = 0.941
I0528 14:52:23.557999 22892391589440 terminal.py:91] [Actor] Actor Episodes = 2583 | Actor Steps = 129150 | Delta Dist = 10.554 | Delta Dist 10 = 8.985 | Delta Dist 100 = 8.932 | Delta Dist 1000 = 8.148 | Episode Length = 50 | Episode Return = 24.0 | Evaluator Episodes = 642 | Evaluator Steps = 32100 | Final Dist = 0.760 | Final Dist 10 = 2.329 | Final Dist 100 = 2.382 | Final Dist 1000 = 3.165 | Init Dist = 11.314 | Init Dist 10 = 11.314 | Init Dist 100 = 11.314 | Init Dist 1000 = 11.314 | Learner Steps = 1860 | Learner Walltime = 289.975 | Min Dist = 0.114 | Min Dist 10 = 0.073 | Min Dist 100 = 0.309 | Min Dist 1000 = 0.595 | Steps Per Second = 100.346 | Success = 1.000 | Success 1000 = 0.941
I0528 14:52:23.660986 22895222769216 terminal.py:91] [Evaluator] Actor Episodes = 2583 | Actor Steps = 129150 | Delta Dist = 11.004 | Delta Dist 10 = 10.882 | Delta Dist 100 = 10.698 | Delta Dist 1000 = 8.906 | Episode Length = 50 | Episode Return = 24.0 | Evaluator Episodes = 644 | Evaluator Steps = 32200 | Final Dist = 0.309 | Final Dist 10 = 0.432 | Final Dist 100 = 0.615 | Final Dist 1000 = 2.408 | Init Dist = 11.314 | Init Dist 10 = 11.314 | Init Dist 100 = 11.314 | Init Dist 1000 = 11.314 | Learner Steps = 1860 | Learner Walltime = 289.975 | Min Dist = 0.050 | Min Dist 10 = 0.074 | Min Dist 100 = 0.161 | Min Dist 1000 = 1.600 | Steps Per Second = 90.584 | Success = 1.000 | Success 1000 = 0.451
I0528 14:52:23.860645 22892421006912 terminal.py:91] [Actor] Actor Episodes = 2588 | Actor Steps = 129400 | Delta Dist = 10.300 | Delta Dist 10 = 8.248 | Delta Dist 100 = 8.866 | Delta Dist 1000 = 8.145 | Episode Length = 50 | Episode Return = 27.0 | Evaluator Episodes = 644 | Evaluator Steps = 32200 | Final Dist = 1.013 | Final Dist 10 = 3.065 | Final Dist 100 = 2.448 | Final Dist 1000 = 3.169 | Init Dist = 11.314 | Init Dist 10 = 11.314 | Init Dist 100 = 11.314 | Init Dist 1000 = 11.314 | Learner Steps = 1867 | Learner Walltime = 291.004 | Min Dist = 0.115 | Min Dist 10 = 0.076 | Min Dist 100 = 0.310 | Min Dist 1000 = 0.594 | Steps Per Second = 90.630 | Success = 1.000 | Success 1000 = 0.942
I0528 14:52:25.057670 22895222769216 terminal.py:91] [Evaluator] Actor Episodes = 2593 | Actor Steps = 129650 | Delta Dist = 11.090 | Delta Dist 10 = 10.885 | Delta Dist 100 = 10.708 | Delta Dist 1000 = 8.915 | Episode Length = 50 | Episode Return = 29.0 | Evaluator Episodes = 647 | Evaluator Steps = 32350 | Final Dist = 0.224 | Final Dist 10 = 0.429 | Final Dist 100 = 0.605 | Final Dist 1000 = 2.398 | Init Dist = 11.314 | Init Dist 10 = 11.314 | Init Dist 100 = 11.314 | Init Dist 1000 = 11.314 | Learner Steps = 1874 | Learner Walltime = 292.123 | Min Dist = 0.173 | Min Dist 10 = 0.067 | Min Dist 100 = 0.153 | Min Dist 1000 = 1.593 | Steps Per Second = 112.858 | Success = 1.000 | Success 1000 = 0.454
I0528 14:52:26.348079 22895222769216 terminal.py:91] [Evaluator] Actor Episodes = 2602 | Actor Steps = 130100 | Delta Dist = 10.934 | Delta Dist 10 = 10.911 | Delta Dist 100 = 10.717 | Delta Dist 1000 = 8.925 | Episode Length = 50 | Episode Return = 28.0 | Evaluator Episodes = 650 | Evaluator Steps = 32500 | Final Dist = 0.380 | Final Dist 10 = 0.402 | Final Dist 100 = 0.596 | Final Dist 1000 = 2.389 | Init Dist = 11.314 | Init Dist 10 = 11.314 | Init Dist 100 = 11.314 | Init Dist 1000 = 11.314 | Learner Steps = 1881 | Learner Walltime = 293.202 | Min Dist = 0.059 | Min Dist 10 = 0.073 | Min Dist 100 = 0.148 | Min Dist 1000 = 1.586 | Steps Per Second = 115.738 | Success = 1.000 | Success 1000 = 0.456
I0528 14:52:26.352570 22863692109376 terminal.py:91] [Learner] Actor Episodes = 2602 | Actor Loss = 6.8602824211120605 | Actor Steps = 130100 | Binary Accuracy = 0.9960341453552246 | Categorical Accuracy = 0.1025390625 | Critic Loss = 3.9293212890625 | Entropy Mean = -7.039769649505615 | Evaluator Episodes = 647 | Evaluator Steps = 32350 | Learner Steps = 1883 | Learner Walltime = 293.622 | Logits Neg = -15.701054573059082 | Logits Pos = -3.91524076461792 | Logsumexp = 0.4984930753707886 | Steps Per Second = 204.700
I0528 14:52:27.937316 22895222769216 terminal.py:91] [Evaluator] Actor Episodes = 2620 | Actor Steps = 131000 | Delta Dist = 10.241 | Delta Dist 10 = 10.989 | Delta Dist 100 = 10.729 | Delta Dist 1000 = 8.934 | Episode Length = 50 | Episode Return = 24.0 | Evaluator Episodes = 653 | Evaluator Steps = 32650 | Final Dist = 1.072 | Final Dist 10 = 0.324 | Final Dist 100 = 0.585 | Final Dist 1000 = 2.379 | Init Dist = 11.314 | Init Dist 10 = 11.314 | Init Dist 100 = 11.314 | Init Dist 1000 = 11.314 | Learner Steps = 1888 | Learner Walltime = 294.240 | Min Dist = 0.100 | Min Dist 10 = 0.063 | Min Dist 100 = 0.142 | Min Dist 1000 = 1.579 | Steps Per Second = 84.724 | Success = 1.000 | Success 1000 = 0.459
I0528 14:52:29.019035 22895222769216 terminal.py:91] [Evaluator] Actor Episodes = 2627 | Actor Steps = 131350 | Delta Dist = 10.294 | Delta Dist 10 = 10.825 | Delta Dist 100 = 10.720 | Delta Dist 1000 = 8.938 | Episode Length = 50 | Episode Return = 26.0 | Evaluator Episodes = 655 | Evaluator Steps = 32750 | Final Dist = 1.019 | Final Dist 10 = 0.489 | Final Dist 100 = 0.593 | Final Dist 1000 = 2.376 | Init Dist = 11.314 | Init Dist 10 = 11.314 | Init Dist 100 = 11.314 | Init Dist 1000 = 11.314 | Learner Steps = 1895 | Learner Walltime = 295.266 | Min Dist = 0.083 | Min Dist 10 = 0.067 | Min Dist 100 = 0.138 | Min Dist 1000 = 1.574 | Steps Per Second = 87.884 | Success = 1.000 | Success 1000 = 0.460
I0528 14:52:30.253299 22895222769216 terminal.py:91] [Evaluator] Actor Episodes = 2637 | Actor Steps = 131850 | Delta Dist = 10.987 | Delta Dist 10 = 10.743 | Delta Dist 100 = 10.721 | Delta Dist 1000 = 8.943 | Episode Length = 50 | Episode Return = 23.0 | Evaluator Episodes = 657 | Evaluator Steps = 32850 | Final Dist = 0.327 | Final Dist 10 = 0.571 | Final Dist 100 = 0.593 | Final Dist 1000 = 2.371 | Init Dist = 11.314 | Init Dist 10 = 11.314 | Init Dist 100 = 11.314 | Init Dist 1000 = 11.314 | Learner Steps = 1907 | Learner Walltime = 297.453 | Min Dist = 0.079 | Min Dist 10 = 0.075 | Min Dist 100 = 0.135 | Min Dist 1000 = 1.570 | Steps Per Second = 79.735 | Success = 1.000 | Success 1000 = 0.462
I0528 14:52:31.398836 22895222769216 terminal.py:91] [Evaluator] Actor Episodes = 2645 | Actor Steps = 132250 | Delta Dist = 10.785 | Delta Dist 10 = 10.709 | Delta Dist 100 = 10.726 | Delta Dist 1000 = 8.949 | Episode Length = 50 | Episode Return = 28.0 | Evaluator Episodes = 659 | Evaluator Steps = 32950 | Final Dist = 0.528 | Final Dist 10 = 0.605 | Final Dist 100 = 0.587 | Final Dist 1000 = 2.364 | Init Dist = 11.314 | Init Dist 10 = 11.314 | Init Dist 100 = 11.314 | Init Dist 1000 = 11.314 | Learner Steps = 1912 | Learner Walltime = 298.510 | Min Dist = 0.059 | Min Dist 10 = 0.072 | Min Dist 100 = 0.132 | Min Dist 1000 = 1.565 | Steps Per Second = 94.405 | Success = 1.000 | Success 1000 = 0.464
I0528 14:52:31.851840 22918291473984 lp_utils.py:96] StepsLimiter: Reached 132450 recorded steps
I0528 14:52:32.380851 22892410500672 terminal.py:91] [Actor] Actor Episodes = 2649 | Actor Steps = 132450 | Delta Dist = 11.010 | Delta Dist 10 = 6.876 | Delta Dist 100 = 8.607 | Delta Dist 1000 = 8.209 | Episode Length = 50 | Episode Return = 25.0 | Evaluator Episodes = 659 | Evaluator Steps = 32950 | Final Dist = 0.304 | Final Dist 10 = 4.437 | Final Dist 100 = 2.706 | Final Dist 1000 = 3.104 | Init Dist = 11.314 | Init Dist 10 = 11.314 | Init Dist 100 = 11.314 | Init Dist 1000 = 11.314 | Learner Steps = 1912 | Learner Walltime = 298.510 | Min Dist = 0.125 | Min Dist 10 = 0.105 | Min Dist 100 = 0.107 | Min Dist 1000 = 0.539 | Steps Per Second = 106.673 | Success = 1.000 | Success 1000 = 0.951
I0528 14:52:32.407387 22895222769216 terminal.py:91] [Evaluator] Actor Episodes = 2649 | Actor Steps = 132450 | Delta Dist = 10.328 | Delta Dist 10 = 10.756 | Delta Dist 100 = 10.737 | Delta Dist 1000 = 8.955 | Episode Length = 50 | Episode Return = 26.0 | Evaluator Episodes = 661 | Evaluator Steps = 33050 | Final Dist = 0.986 | Final Dist 10 = 0.557 | Final Dist 100 = 0.576 | Final Dist 1000 = 2.358 | Init Dist = 11.314 | Init Dist 10 = 11.314 | Init Dist 100 = 11.314 | Init Dist 1000 = 11.314 | Learner Steps = 1919 | Learner Walltime = 299.612 | Min Dist = 0.099 | Min Dist 10 = 0.069 | Min Dist 100 = 0.129 | Min Dist 1000 = 1.561 | Steps Per Second = 99.348 | Success = 1.000 | Success 1000 = 0.465
I0528 14:52:33.561350 22895222769216 terminal.py:91] [Evaluator] Actor Episodes = 2661 | Actor Steps = 133050 | Delta Dist = 10.520 | Delta Dist 10 = 10.660 | Delta Dist 100 = 10.747 | Delta Dist 1000 = 8.960 | Episode Length = 50 | Episode Return = 25.0 | Evaluator Episodes = 663 | Evaluator Steps = 33150 | Final Dist = 0.794 | Final Dist 10 = 0.654 | Final Dist 100 = 0.567 | Final Dist 1000 = 2.353 | Init Dist = 11.314 | Init Dist 10 = 11.314 | Init Dist 100 = 11.314 | Init Dist 1000 = 11.314 | Learner Steps = 1926 | Learner Walltime = 300.624 | Min Dist = 0.095 | Min Dist 10 = 0.076 | Min Dist 100 = 0.125 | Min Dist 1000 = 1.556 | Steps Per Second = 90.944 | Success = 1.000 | Success 1000 = 0.467
I0528 14:52:33.676832 22892418905664 terminal.py:91] [Actor] Actor Episodes = 2662 | Actor Steps = 133100 | Delta Dist = 11.001 | Delta Dist 10 = 7.684 | Delta Dist 100 = 8.628 | Delta Dist 1000 = 8.190 | Episode Length = 50 | Episode Return = 28.0 | Evaluator Episodes = 661 | Evaluator Steps = 33050 | Final Dist = 0.313 | Final Dist 10 = 3.630 | Final Dist 100 = 2.685 | Final Dist 1000 = 3.123 | Init Dist = 11.314 | Init Dist 10 = 11.314 | Init Dist 100 = 11.314 | Init Dist 1000 = 11.314 | Learner Steps = 1919 | Learner Walltime = 299.612 | Min Dist = 0.033 | Min Dist 10 = 0.105 | Min Dist 100 = 0.107 | Min Dist 1000 = 0.533 | Steps Per Second = 108.128 | Success = 1.000 | Success 1000 = 0.954
I0528 14:52:33.677672 22892391589440 terminal.py:91] [Actor] Actor Episodes = 2663 | Actor Steps = 133150 | Delta Dist = 11.267 | Delta Dist 10 = 7.684 | Delta Dist 100 = 8.628 | Delta Dist 1000 = 8.190 | Episode Length = 50 | Episode Return = 25.0 | Evaluator Episodes = 663 | Evaluator Steps = 33150 | Final Dist = 0.047 | Final Dist 10 = 3.630 | Final Dist 100 = 2.685 | Final Dist 1000 = 3.123 | Init Dist = 11.314 | Init Dist 10 = 11.314 | Init Dist 100 = 11.314 | Init Dist 1000 = 11.314 | Learner Steps = 1926 | Learner Walltime = 300.624 | Min Dist = 0.033 | Min Dist 10 = 0.105 | Min Dist 100 = 0.107 | Min Dist 1000 = 0.533 | Steps Per Second = 100.297 | Success = 1.000 | Success 1000 = 0.954
I0528 14:52:34.056957 22892421006912 terminal.py:91] [Actor] Actor Episodes = 2667 | Actor Steps = 133350 | Delta Dist = 11.205 | Delta Dist 10 = 7.723 | Delta Dist 100 = 8.738 | Delta Dist 1000 = 8.204 | Episode Length = 50 | Episode Return = 23.0 | Evaluator Episodes = 663 | Evaluator Steps = 33150 | Final Dist = 0.108 | Final Dist 10 = 3.591 | Final Dist 100 = 2.575 | Final Dist 1000 = 3.109 | Init Dist = 11.314 | Init Dist 10 = 11.314 | Init Dist 100 = 11.314 | Init Dist 1000 = 11.314 | Learner Steps = 1926 | Learner Walltime = 300.624 | Min Dist = 0.108 | Min Dist 10 = 0.106 | Min Dist 100 = 0.106 | Min Dist 1000 = 0.532 | Steps Per Second = 83.822 | Success = 1.000 | Success 1000 = 0.954
I0528 14:52:34.658015 22895222769216 terminal.py:91] [Evaluator] Actor Episodes = 2669 | Actor Steps = 133450 | Delta Dist = 10.885 | Delta Dist 10 = 10.713 | Delta Dist 100 = 10.755 | Delta Dist 1000 = 8.965 | Episode Length = 50 | Episode Return = 22.0 | Evaluator Episodes = 665 | Evaluator Steps = 33250 | Final Dist = 0.429 | Final Dist 10 = 0.601 | Final Dist 100 = 0.559 | Final Dist 1000 = 2.349 | Init Dist = 11.314 | Init Dist 10 = 11.314 | Init Dist 100 = 11.314 | Init Dist 1000 = 11.314 | Learner Steps = 1931 | Learner Walltime = 301.630 | Min Dist = 0.046 | Min Dist 10 = 0.076 | Min Dist 100 = 0.120 | Min Dist 1000 = 1.552 | Steps Per Second = 91.530 | Success = 1.000 | Success 1000 = 0.468
I0528 14:52:34.948685 22897759475264 savers.py:156] Saving checkpoint: /home/gliu2/rebuttal/checkpoints/contrastive_cpc_point_FourRooms_0/checkpoints/learner
I0528 14:52:36.167415 22895222769216 terminal.py:91] [Evaluator] Actor Episodes = 2678 | Actor Steps = 133900 | Delta Dist = 11.092 | Delta Dist 10 = 10.729 | Delta Dist 100 = 10.764 | Delta Dist 1000 = 8.973 | Episode Length = 50 | Episode Return = 27.0 | Evaluator Episodes = 668 | Evaluator Steps = 33400 | Final Dist = 0.221 | Final Dist 10 = 0.585 | Final Dist 100 = 0.549 | Final Dist 1000 = 2.341 | Init Dist = 11.314 | Init Dist 10 = 11.314 | Init Dist 100 = 11.314 | Init Dist 1000 = 11.314 | Learner Steps = 1938 | Learner Walltime = 302.785 | Min Dist = 0.080 | Min Dist 10 = 0.071 | Min Dist 100 = 0.114 | Min Dist 1000 = 1.545 | Steps Per Second = 98.071 | Success = 1.000 | Success 1000 = 0.471
I0528 14:52:36.444822 22863692109376 terminal.py:91] [Learner] Actor Episodes = 2675 | Actor Loss = 6.874539375305176 | Actor Steps = 133750 | Binary Accuracy = 0.9960751533508301 | Categorical Accuracy = 0.105712890625 | Critic Loss = 3.882050037384033 | Entropy Mean = -9.399252891540527 | Evaluator Episodes = 665 | Evaluator Steps = 33250 | Learner Steps = 1943 | Learner Walltime = 303.711 | Logits Neg = -16.11051368713379 | Logits Pos = -3.8696184158325195 | Logsumexp = 0.40131086111068726 | Steps Per Second = 251.180
I0528 14:52:37.184298 22895222769216 terminal.py:91] [Evaluator] Actor Episodes = 2692 | Actor Steps = 134600 | Delta Dist = 10.943 | Delta Dist 10 = 10.775 | Delta Dist 100 = 10.777 | Delta Dist 1000 = 8.979 | Episode Length = 50 | Episode Return = 24.0 | Evaluator Episodes = 670 | Evaluator Steps = 33500 | Final Dist = 0.370 | Final Dist 10 = 0.538 | Final Dist 100 = 0.537 | Final Dist 1000 = 2.334 | Init Dist = 11.314 | Init Dist 10 = 11.314 | Init Dist 100 = 11.314 | Init Dist 1000 = 11.314 | Learner Steps = 1944 | Learner Walltime = 303.834 | Min Dist = 0.098 | Min Dist 10 = 0.072 | Min Dist 100 = 0.111 | Min Dist 1000 = 1.541 | Steps Per Second = 94.294 | Success = 1.000 | Success 1000 = 0.472
I0528 14:52:38.598498 22895222769216 terminal.py:91] [Evaluator] Actor Episodes = 2700 | Actor Steps = 135000 | Delta Dist = 10.336 | Delta Dist 10 = 10.834 | Delta Dist 100 = 10.782 | Delta Dist 1000 = 8.988 | Episode Length = 50 | Episode Return = 25.0 | Evaluator Episodes = 673 | Evaluator Steps = 33650 | Final Dist = 0.978 | Final Dist 10 = 0.479 | Final Dist 100 = 0.532 | Final Dist 1000 = 2.325 | Init Dist = 11.314 | Init Dist 10 = 11.314 | Init Dist 100 = 11.314 | Init Dist 1000 = 11.314 | Learner Steps = 1951 | Learner Walltime = 304.915 | Min Dist = 0.119 | Min Dist 10 = 0.071 | Min Dist 100 = 0.110 | Min Dist 1000 = 1.534 | Steps Per Second = 118.856 | Success = 1.000 | Success 1000 = 0.475
I0528 14:52:39.624293 22895222769216 terminal.py:91] [Evaluator] Actor Episodes = 2708 | Actor Steps = 135400 | Delta Dist = 11.075 | Delta Dist 10 = 10.865 | Delta Dist 100 = 10.778 | Delta Dist 1000 = 8.993 | Episode Length = 50 | Episode Return = 24.0 | Evaluator Episodes = 675 | Evaluator Steps = 33750 | Final Dist = 0.239 | Final Dist 10 = 0.449 | Final Dist 100 = 0.535 | Final Dist 1000 = 2.321 | Init Dist = 11.314 | Init Dist 10 = 11.314 | Init Dist 100 = 11.314 | Init Dist 1000 = 11.314 | Learner Steps = 1958 | Learner Walltime = 305.979 | Min Dist = 0.132 | Min Dist 10 = 0.080 | Min Dist 100 = 0.108 | Min Dist 1000 = 1.530 | Steps Per Second = 82.475 | Success = 1.000 | Success 1000 = 0.476
I0528 14:52:41.089872 22895222769216 terminal.py:91] [Evaluator] Actor Episodes = 2719 | Actor Steps = 135950 | Delta Dist = 10.376 | Delta Dist 10 = 10.839 | Delta Dist 100 = 10.776 | Delta Dist 1000 = 9.001 | Episode Length = 50 | Episode Return = 27.0 | Evaluator Episodes = 678 | Evaluator Steps = 33900 | Final Dist = 0.938 | Final Dist 10 = 0.475 | Final Dist 100 = 0.538 | Final Dist 1000 = 2.313 | Init Dist = 11.314 | Init Dist 10 = 11.314 | Init Dist 100 = 11.314 | Init Dist 1000 = 11.314 | Learner Steps = 1970 | Learner Walltime = 307.991 | Min Dist = 0.025 | Min Dist 10 = 0.094 | Min Dist 100 = 0.105 | Min Dist 1000 = 1.524 | Steps Per Second = 96.909 | Success = 1.000 | Success 1000 = 0.479
I0528 14:52:41.871610 22918291473984 lp_utils.py:96] StepsLimiter: Reached 136250 recorded steps
I0528 14:52:42.264544 22895222769216 terminal.py:91] [Evaluator] Actor Episodes = 2729 | Actor Steps = 136450 | Delta Dist = 10.293 | Delta Dist 10 = 10.674 | Delta Dist 100 = 10.775 | Delta Dist 1000 = 9.004 | Episode Length = 50 | Episode Return = 23.0 | Evaluator Episodes = 680 | Evaluator Steps = 34000 | Final Dist = 1.021 | Final Dist 10 = 0.640 | Final Dist 100 = 0.539 | Final Dist 1000 = 2.309 | Init Dist = 11.314 | Init Dist 10 = 11.314 | Init Dist 100 = 11.314 | Init Dist 1000 = 11.314 | Learner Steps = 1977 | Learner Walltime = 309.067 | Min Dist = 0.054 | Min Dist 10 = 0.087 | Min Dist 100 = 0.102 | Min Dist 1000 = 1.519 | Steps Per Second = 77.532 | Success = 1.000 | Success 1000 = 0.480
I0528 14:52:42.674720 22892410500672 terminal.py:91] [Actor] Actor Episodes = 2730 | Actor Steps = 136500 | Delta Dist = 10.352 | Delta Dist 10 = 7.835 | Delta Dist 100 = 8.992 | Delta Dist 1000 = 8.280 | Episode Length = 50 | Episode Return = 27.0 | Evaluator Episodes = 678 | Evaluator Steps = 33900 | Final Dist = 0.962 | Final Dist 10 = 3.479 | Final Dist 100 = 2.322 | Final Dist 1000 = 3.034 | Init Dist = 11.314 | Init Dist 10 = 11.314 | Init Dist 100 = 11.314 | Init Dist 1000 = 11.314 | Learner Steps = 1977 | Learner Walltime = 309.067 | Min Dist = 0.113 | Min Dist 10 = 0.072 | Min Dist 100 = 0.094 | Min Dist 1000 = 0.506 | Steps Per Second = 101.802 | Success = 1.000 | Success 1000 = 0.963
I0528 14:52:43.319671 22895222769216 terminal.py:91] [Evaluator] Actor Episodes = 2738 | Actor Steps = 136900 | Delta Dist = 11.037 | Delta Dist 10 = 10.608 | Delta Dist 100 = 10.772 | Delta Dist 1000 = 9.009 | Episode Length = 50 | Episode Return = 26.0 | Evaluator Episodes = 682 | Evaluator Steps = 34100 | Final Dist = 0.276 | Final Dist 10 = 0.706 | Final Dist 100 = 0.541 | Final Dist 1000 = 2.305 | Init Dist = 11.314 | Init Dist 10 = 11.314 | Init Dist 100 = 11.314 | Init Dist 1000 = 11.314 | Learner Steps = 1984 | Learner Walltime = 310.157 | Min Dist = 0.054 | Min Dist 10 = 0.078 | Min Dist 100 = 0.098 | Min Dist 1000 = 1.515 | Steps Per Second = 89.636 | Success = 1.000 | Success 1000 = 0.482
I0528 14:52:43.826212 22892418905664 terminal.py:91] [Actor] Actor Episodes = 2743 | Actor Steps = 137150 | Delta Dist = 0.394 | Delta Dist 10 = 9.413 | Delta Dist 100 = 8.842 | Delta Dist 1000 = 8.281 | Episode Length = 50 | Episode Return = 25.0 | Evaluator Episodes = 682 | Evaluator Steps = 34100 | Final Dist = 10.920 | Final Dist 10 = 1.901 | Final Dist 100 = 2.472 | Final Dist 1000 = 3.033 | Init Dist = 11.314 | Init Dist 10 = 11.314 | Init Dist 100 = 11.314 | Init Dist 1000 = 11.314 | Learner Steps = 1984 | Learner Walltime = 310.157 | Min Dist = 0.113 | Min Dist 10 = 0.072 | Min Dist 100 = 0.090 | Min Dist 1000 = 0.502 | Steps Per Second = 93.355 | Success = 1.000 | Success 1000 = 0.965
I0528 14:52:43.884016 22892391589440 terminal.py:91] [Actor] Actor Episodes = 2741 | Actor Steps = 137050 | Delta Dist = 10.984 | Delta Dist 10 = 8.536 | Delta Dist 100 = 8.777 | Delta Dist 1000 = 8.275 | Episode Length = 50 | Episode Return = 27.0 | Evaluator Episodes = 682 | Evaluator Steps = 34100 | Final Dist = 0.330 | Final Dist 10 = 2.778 | Final Dist 100 = 2.537 | Final Dist 1000 = 3.038 | Init Dist = 11.314 | Init Dist 10 = 11.314 | Init Dist 100 = 11.314 | Init Dist 1000 = 11.314 | Learner Steps = 1984 | Learner Walltime = 310.157 | Min Dist = 0.098 | Min Dist 10 = 0.081 | Min Dist 100 = 0.090 | Min Dist 1000 = 0.502 | Steps Per Second = 121.822 | Success = 1.000 | Success 1000 = 0.965
I0528 14:52:44.241809 22892421006912 terminal.py:91] [Actor] Actor Episodes = 2745 | Actor Steps = 137250 | Delta Dist = 11.068 | Delta Dist 10 = 8.606 | Delta Dist 100 = 8.877 | Delta Dist 1000 = 8.276 | Episode Length = 50 | Episode Return = 24.0 | Evaluator Episodes = 682 | Evaluator Steps = 34100 | Final Dist = 0.245 | Final Dist 10 = 2.707 | Final Dist 100 = 2.436 | Final Dist 1000 = 3.038 | Init Dist = 11.314 | Init Dist 10 = 11.314 | Init Dist 100 = 11.314 | Init Dist 1000 = 11.314 | Learner Steps = 1989 | Learner Walltime = 311.224 | Min Dist = 0.005 | Min Dist 10 = 0.080 | Min Dist 100 = 0.090 | Min Dist 1000 = 0.502 | Steps Per Second = 96.451 | Success = 1.000 | Success 1000 = 0.965
I0528 14:52:44.414521 22895222769216 terminal.py:91] [Evaluator] Actor Episodes = 2747 | Actor Steps = 137350 | Delta Dist = 10.087 | Delta Dist 10 = 10.621 | Delta Dist 100 = 10.780 | Delta Dist 1000 = 9.014 | Episode Length = 50 | Episode Return = 22.0 | Evaluator Episodes = 684 | Evaluator Steps = 34200 | Final Dist = 1.227 | Final Dist 10 = 0.693 | Final Dist 100 = 0.534 | Final Dist 1000 = 2.300 | Init Dist = 11.314 | Init Dist 10 = 11.314 | Init Dist 100 = 11.314 | Init Dist 1000 = 11.314 | Learner Steps = 1989 | Learner Walltime = 311.224 | Min Dist = 0.106 | Min Dist 10 = 0.070 | Min Dist 100 = 0.094 | Min Dist 1000 = 1.511 | Steps Per Second = 87.695 | Success = 1.000 | Success 1000 = 0.483
I0528 14:52:45.435498 22895222769216 terminal.py:91] [Evaluator] Actor Episodes = 2755 | Actor Steps = 137750 | Delta Dist = 11.166 | Delta Dist 10 = 10.542 | Delta Dist 100 = 10.781 | Delta Dist 1000 = 9.019 | Episode Length = 50 | Episode Return = 28.0 | Evaluator Episodes = 686 | Evaluator Steps = 34300 | Final Dist = 0.147 | Final Dist 10 = 0.772 | Final Dist 100 = 0.532 | Final Dist 1000 = 2.295 | Init Dist = 11.314 | Init Dist 10 = 11.314 | Init Dist 100 = 11.314 | Init Dist 1000 = 11.314 | Learner Steps = 1996 | Learner Walltime = 312.250 | Min Dist = 0.052 | Min Dist 10 = 0.063 | Min Dist 100 = 0.092 | Min Dist 1000 = 1.507 | Steps Per Second = 107.279 | Success = 1.000 | Success 1000 = 0.485
I0528 14:52:46.450617 22863692109376 terminal.py:91] [Learner] Actor Episodes = 2757 | Actor Loss = 7.057292938232422 | Actor Steps = 137850 | Binary Accuracy = 0.9960627555847168 | Categorical Accuracy = 0.10687255859375 | Critic Loss = 3.8781347274780273 | Entropy Mean = -7.6579484939575195 | Evaluator Episodes = 686 | Evaluator Steps = 34300 | Learner Steps = 2004 | Learner Walltime = 313.721 | Logits Neg = -16.265579223632812 | Logits Pos = -3.846219778060913 | Logsumexp = 0.43188387155532837 | Steps Per Second = 177.685
I0528 14:52:46.888400 22895222769216 terminal.py:91] [Evaluator] Actor Episodes = 2766 | Actor Steps = 138300 | Delta Dist = 11.068 | Delta Dist 10 = 10.716 | Delta Dist 100 = 10.792 | Delta Dist 1000 = 9.027 | Episode Length = 50 | Episode Return = 24.0 | Evaluator Episodes = 689 | Evaluator Steps = 34450 | Final Dist = 0.246 | Final Dist 10 = 0.598 | Final Dist 100 = 0.522 | Final Dist 1000 = 2.286 | Init Dist = 11.314 | Init Dist 10 = 11.314 | Init Dist 100 = 11.314 | Init Dist 1000 = 11.314 | Learner Steps = 2002 | Learner Walltime = 313.279 | Min Dist = 0.028 | Min Dist 10 = 0.057 | Min Dist 100 = 0.087 | Min Dist 1000 = 1.500 | Steps Per Second = 109.884 | Success = 1.000 | Success 1000 = 0.487
I0528 14:52:47.901642 22895222769216 terminal.py:91] [Evaluator] Actor Episodes = 2774 | Actor Steps = 138700 | Delta Dist = 10.140 | Delta Dist 10 = 10.894 | Delta Dist 100 = 10.804 | Delta Dist 1000 = 9.034 | Episode Length = 50 | Episode Return = 21.0 | Evaluator Episodes = 691 | Evaluator Steps = 34550 | Final Dist = 1.173 | Final Dist 10 = 0.419 | Final Dist 100 = 0.510 | Final Dist 1000 = 2.280 | Init Dist = 11.314 | Init Dist 10 = 11.314 | Init Dist 100 = 11.314 | Init Dist 1000 = 11.314 | Learner Steps = 2009 | Learner Walltime = 314.483 | Min Dist = 0.107 | Min Dist 10 = 0.054 | Min Dist 100 = 0.086 | Min Dist 1000 = 1.496 | Steps Per Second = 111.122 | Success = 1.000 | Success 1000 = 0.488
I0528 14:52:48.906752 22895222769216 terminal.py:91] [Evaluator] Actor Episodes = 2777 | Actor Steps = 138850 | Delta Dist = 10.172 | Delta Dist 10 = 10.757 | Delta Dist 100 = 10.789 | Delta Dist 1000 = 9.037 | Episode Length = 50 | Episode Return = 26.0 | Evaluator Episodes = 693 | Evaluator Steps = 34650 | Final Dist = 1.142 | Final Dist 10 = 0.557 | Final Dist 100 = 0.524 | Final Dist 1000 = 2.276 | Init Dist = 11.314 | Init Dist 10 = 11.314 | Init Dist 100 = 11.314 | Init Dist 1000 = 11.314 | Learner Steps = 2016 | Learner Walltime = 315.512 | Min Dist = 0.091 | Min Dist 10 = 0.063 | Min Dist 100 = 0.086 | Min Dist 1000 = 1.492 | Steps Per Second = 93.657 | Success = 1.000 | Success 1000 = 0.490
I0528 14:52:49.920180 22895222769216 terminal.py:91] [Evaluator] Actor Episodes = 2786 | Actor Steps = 139300 | Delta Dist = 10.271 | Delta Dist 10 = 10.752 | Delta Dist 100 = 10.779 | Delta Dist 1000 = 9.041 | Episode Length = 50 | Episode Return = 24.0 | Evaluator Episodes = 695 | Evaluator Steps = 34750 | Final Dist = 1.043 | Final Dist 10 = 0.561 | Final Dist 100 = 0.535 | Final Dist 1000 = 2.273 | Init Dist = 11.314 | Init Dist 10 = 11.314 | Init Dist 100 = 11.314 | Init Dist 1000 = 11.314 | Learner Steps = 2023 | Learner Walltime = 316.678 | Min Dist = 0.018 | Min Dist 10 = 0.063 | Min Dist 100 = 0.084 | Min Dist 1000 = 1.488 | Steps Per Second = 98.554 | Success = 1.000 | Success 1000 = 0.491
I0528 14:52:51.463748 22895222769216 terminal.py:91] [Evaluator] Actor Episodes = 2804 | Actor Steps = 140200 | Delta Dist = 10.411 | Delta Dist 10 = 10.666 | Delta Dist 100 = 10.780 | Delta Dist 1000 = 9.048 | Episode Length = 50 | Episode Return = 25.0 | Evaluator Episodes = 698 | Evaluator Steps = 34900 | Final Dist = 0.902 | Final Dist 10 = 0.647 | Final Dist 100 = 0.534 | Final Dist 1000 = 2.265 | Init Dist = 11.314 | Init Dist 10 = 11.314 | Init Dist 100 = 11.314 | Init Dist 1000 = 11.314 | Learner Steps = 2030 | Learner Walltime = 317.729 | Min Dist = 0.095 | Min Dist 10 = 0.057 | Min Dist 100 = 0.080 | Min Dist 1000 = 1.482 | Steps Per Second = 85.440 | Success = 1.000 | Success 1000 = 0.494
I0528 14:52:51.888192 22918291473984 lp_utils.py:96] StepsLimiter: Reached 140300 recorded steps
I0528 14:52:52.466222 22895222769216 terminal.py:91] [Evaluator] Actor Episodes = 2806 | Actor Steps = 140300 | Delta Dist = 11.030 | Delta Dist 10 = 10.543 | Delta Dist 100 = 10.772 | Delta Dist 1000 = 9.052 | Episode Length = 50 | Episode Return = 23.0 | Evaluator Episodes = 700 | Evaluator Steps = 35000 | Final Dist = 0.284 | Final Dist 10 = 0.771 | Final Dist 100 = 0.542 | Final Dist 1000 = 2.262 | Init Dist = 11.314 | Init Dist 10 = 11.314 | Init Dist 100 = 11.314 | Init Dist 1000 = 11.314 | Learner Steps = 2036 | Learner Walltime = 318.746 | Min Dist = 0.025 | Min Dist 10 = 0.067 | Min Dist 100 = 0.078 | Min Dist 1000 = 1.478 | Steps Per Second = 99.894 | Success = 1.000 | Success 1000 = 0.495
I0528 14:52:52.814232 22892410500672 terminal.py:91] [Actor] Actor Episodes = 2815 | Actor Steps = 140750 | Delta Dist = 11.184 | Delta Dist 10 = 6.474 | Delta Dist 100 = 7.951 | Delta Dist 1000 = 8.278 | Episode Length = 50 | Episode Return = 27.0 | Evaluator Episodes = 700 | Evaluator Steps = 35000 | Final Dist = 0.130 | Final Dist 10 = 4.839 | Final Dist 100 = 3.363 | Final Dist 1000 = 3.036 | Init Dist = 11.314 | Init Dist 10 = 11.314 | Init Dist 100 = 11.314 | Init Dist 1000 = 11.314 | Learner Steps = 2044 | Learner Walltime = 319.960 | Min Dist = 0.130 | Min Dist 10 = 2.354 | Min Dist 100 = 0.438 | Min Dist 1000 = 0.501 | Steps Per Second = 86.963 | Success = 1.000 | Success 1000 = 0.967
I0528 14:52:53.919601 22895222769216 terminal.py:91] [Evaluator] Actor Episodes = 2818 | Actor Steps = 140900 | Delta Dist = 11.070 | Delta Dist 10 = 10.659 | Delta Dist 100 = 10.781 | Delta Dist 1000 = 9.060 | Episode Length = 50 | Episode Return = 25.0 | Evaluator Episodes = 703 | Evaluator Steps = 35150 | Final Dist = 0.243 | Final Dist 10 = 0.654 | Final Dist 100 = 0.533 | Final Dist 1000 = 2.253 | Init Dist = 11.314 | Init Dist 10 = 11.314 | Init Dist 100 = 11.314 | Init Dist 1000 = 11.314 | Learner Steps = 2051 | Learner Walltime = 321.127 | Min Dist = 0.092 | Min Dist 10 = 0.066 | Min Dist 100 = 0.076 | Min Dist 1000 = 1.472 | Steps Per Second = 99.504 | Success = 1.000 | Success 1000 = 0.497
I0528 14:52:54.042141 22892391589440 terminal.py:91] [Actor] Actor Episodes = 2820 | Actor Steps = 141000 | Delta Dist = 11.035 | Delta Dist 10 = 7.768 | Delta Dist 100 = 8.069 | Delta Dist 1000 = 8.284 | Episode Length = 50 | Episode Return = 23.0 | Evaluator Episodes = 700 | Evaluator Steps = 35000 | Final Dist = 0.279 | Final Dist 10 = 3.546 | Final Dist 100 = 3.244 | Final Dist 1000 = 3.029 | Init Dist = 11.314 | Init Dist 10 = 11.314 | Init Dist 100 = 11.314 | Init Dist 1000 = 11.314 | Learner Steps = 2044 | Learner Walltime = 319.960 | Min Dist = 0.058 | Min Dist 10 = 1.228 | Min Dist 100 = 0.439 | Min Dist 1000 = 0.497 | Steps Per Second = 95.407 | Success = 1.000 | Success 1000 = 0.968
I0528 14:52:54.243441 22892418905664 terminal.py:91] [Actor] Actor Episodes = 2824 | Actor Steps = 141200 | Delta Dist = 10.988 | Delta Dist 10 = 9.878 | Delta Dist 100 = 8.109 | Delta Dist 1000 = 8.295 | Episode Length = 50 | Episode Return = 25.0 | Evaluator Episodes = 703 | Evaluator Steps = 35150 | Final Dist = 0.326 | Final Dist 10 = 1.436 | Final Dist 100 = 3.204 | Final Dist 1000 = 3.019 | Init Dist = 11.314 | Init Dist 10 = 11.314 | Init Dist 100 = 11.314 | Init Dist 1000 = 11.314 | Learner Steps = 2051 | Learner Walltime = 321.127 | Min Dist = 0.052 | Min Dist 10 = 0.096 | Min Dist 100 = 0.439 | Min Dist 1000 = 0.496 | Steps Per Second = 89.028 | Success = 1.000 | Success 1000 = 0.969
I0528 14:52:54.640790 22892421006912 terminal.py:91] [Actor] Actor Episodes = 2822 | Actor Steps = 141100 | Delta Dist = 11.253 | Delta Dist 10 = 8.850 | Delta Dist 100 = 8.127 | Delta Dist 1000 = 8.299 | Episode Length = 50 | Episode Return = 25.0 | Evaluator Episodes = 703 | Evaluator Steps = 35150 | Final Dist = 0.061 | Final Dist 10 = 2.464 | Final Dist 100 = 3.187 | Final Dist 1000 = 3.014 | Init Dist = 11.314 | Init Dist 10 = 11.314 | Init Dist 100 = 11.314 | Init Dist 1000 = 11.314 | Learner Steps = 2051 | Learner Walltime = 321.127 | Min Dist = 0.021 | Min Dist 10 = 0.073 | Min Dist 100 = 0.436 | Min Dist 1000 = 0.496 | Steps Per Second = 110.269 | Success = 1.000 | Success 1000 = 0.969
I0528 14:52:55.455244 22895222769216 terminal.py:91] [Evaluator] Actor Episodes = 2832 | Actor Steps = 141600 | Delta Dist = 10.986 | Delta Dist 10 = 10.918 | Delta Dist 100 = 10.780 | Delta Dist 1000 = 9.069 | Episode Length = 50 | Episode Return = 27.0 | Evaluator Episodes = 706 | Evaluator Steps = 35300 | Final Dist = 0.327 | Final Dist 10 = 0.395 | Final Dist 100 = 0.533 | Final Dist 1000 = 2.245 | Init Dist = 11.314 | Init Dist 10 = 11.314 | Init Dist 100 = 11.314 | Init Dist 1000 = 11.314 | Learner Steps = 2060 | Learner Walltime = 322.350 | Min Dist = 0.064 | Min Dist 10 = 0.074 | Min Dist 100 = 0.074 | Min Dist 1000 = 1.466 | Steps Per Second = 86.625 | Success = 1.000 | Success 1000 = 0.499
I0528 14:52:56.577783 22863692109376 terminal.py:91] [Learner] Actor Episodes = 2841 | Actor Loss = 6.946032524108887 | Actor Steps = 142050 | Binary Accuracy = 0.9960119724273682 | Categorical Accuracy = 0.10577392578125 | Critic Loss = 3.891512155532837 | Entropy Mean = -8.027273178100586 | Evaluator Episodes = 706 | Evaluator Steps = 35300 | Learner Steps = 2069 | Learner Walltime = 323.849 | Logits Neg = -16.398805618286133 | Logits Pos = -3.882585048675537 | Logsumexp = 0.5572044253349304 | Steps Per Second = 269.417
I0528 14:52:56.877306 22895222769216 terminal.py:91] [Evaluator] Actor Episodes = 2844 | Actor Steps = 142200 | Delta Dist = 11.059 | Delta Dist 10 = 10.978 | Delta Dist 100 = 10.782 | Delta Dist 1000 = 9.077 | Episode Length = 50 | Episode Return = 27.0 | Evaluator Episodes = 709 | Evaluator Steps = 35450 | Final Dist = 0.254 | Final Dist 10 = 0.336 | Final Dist 100 = 0.532 | Final Dist 1000 = 2.236 | Init Dist = 11.314 | Init Dist 10 = 11.314 | Init Dist 100 = 11.314 | Init Dist 1000 = 11.314 | Learner Steps = 2067 | Learner Walltime = 323.430 | Min Dist = 0.095 | Min Dist 10 = 0.067 | Min Dist 100 = 0.073 | Min Dist 1000 = 1.460 | Steps Per Second = 94.482 | Success = 1.000 | Success 1000 = 0.501
I0528 14:52:57.957576 22895222769216 terminal.py:91] [Evaluator] Actor Episodes = 2854 | Actor Steps = 142700 | Delta Dist = 10.237 | Delta Dist 10 = 11.050 | Delta Dist 100 = 10.787 | Delta Dist 1000 = 9.083 | Episode Length = 50 | Episode Return = 23.0 | Evaluator Episodes = 711 | Evaluator Steps = 35550 | Final Dist = 1.076 | Final Dist 10 = 0.263 | Final Dist 100 = 0.527 | Final Dist 1000 = 2.231 | Init Dist = 11.314 | Init Dist 10 = 11.314 | Init Dist 100 = 11.314 | Init Dist 1000 = 11.314 | Learner Steps = 2073 | Learner Walltime = 324.508 | Min Dist = 0.089 | Min Dist 10 = 0.073 | Min Dist 100 = 0.073 | Min Dist 1000 = 1.456 | Steps Per Second = 87.372 | Success = 1.000 | Success 1000 = 0.503
I0528 14:52:59.349031 22895222769216 terminal.py:91] [Evaluator] Actor Episodes = 2865 | Actor Steps = 143250 | Delta Dist = 11.024 | Delta Dist 10 = 10.999 | Delta Dist 100 = 10.787 | Delta Dist 1000 = 9.090 | Episode Length = 50 | Episode Return = 24.0 | Evaluator Episodes = 714 | Evaluator Steps = 35700 | Final Dist = 0.289 | Final Dist 10 = 0.314 | Final Dist 100 = 0.527 | Final Dist 1000 = 2.223 | Init Dist = 11.314 | Init Dist 10 = 11.314 | Init Dist 100 = 11.314 | Init Dist 1000 = 11.314 | Learner Steps = 2080 | Learner Walltime = 325.683 | Min Dist = 0.030 | Min Dist 10 = 0.068 | Min Dist 100 = 0.071 | Min Dist 1000 = 1.450 | Steps Per Second = 100.955 | Success = 1.000 | Success 1000 = 0.505
I0528 14:53:00.814690 22895222769216 terminal.py:91] [Evaluator] Actor Episodes = 2877 | Actor Steps = 143850 | Delta Dist = 10.984 | Delta Dist 10 = 10.997 | Delta Dist 100 = 10.789 | Delta Dist 1000 = 9.099 | Episode Length = 50 | Episode Return = 22.0 | Evaluator Episodes = 717 | Evaluator Steps = 35850 | Final Dist = 0.330 | Final Dist 10 = 0.317 | Final Dist 100 = 0.525 | Final Dist 1000 = 2.215 | Init Dist = 11.314 | Init Dist 10 = 11.314 | Init Dist 100 = 11.314 | Init Dist 1000 = 11.314 | Learner Steps = 2096 | Learner Walltime = 327.884 | Min Dist = 0.070 | Min Dist 10 = 0.062 | Min Dist 100 = 0.070 | Min Dist 1000 = 1.444 | Steps Per Second = 105.193 | Success = 1.000 | Success 1000 = 0.507
I0528 14:53:01.908977 22918291473984 lp_utils.py:96] StepsLimiter: Reached 144300 recorded steps
I0528 14:53:01.933757 22918293575232 savers.py:156] Saving checkpoint: /home/gliu2/rebuttal/checkpoints/contrastive_cpc_point_FourRooms_0/checkpoints/counter
I0528 14:53:02.327711 22895222769216 terminal.py:91] [Evaluator] Actor Episodes = 2889 | Actor Steps = 144450 | Delta Dist = 11.113 | Delta Dist 10 = 10.814 | Delta Dist 100 = 10.772 | Delta Dist 1000 = 9.104 | Episode Length = 50 | Episode Return = 23.0 | Evaluator Episodes = 720 | Evaluator Steps = 36000 | Final Dist = 0.201 | Final Dist 10 = 0.500 | Final Dist 100 = 0.541 | Final Dist 1000 = 2.209 | Init Dist = 11.314 | Init Dist 10 = 11.314 | Init Dist 100 = 11.314 | Init Dist 1000 = 11.314 | Learner Steps = 2103 | Learner Walltime = 328.927 | Min Dist = 0.061 | Min Dist 10 = 0.070 | Min Dist 100 = 0.071 | Min Dist 1000 = 1.438 | Steps Per Second = 85.978 | Success = 1.000 | Success 1000 = 0.509
I0528 14:53:03.052613 22892410500672 terminal.py:91] [Actor] Actor Episodes = 2897 | Actor Steps = 144850 | Delta Dist = 10.600 | Delta Dist 10 = 8.793 | Delta Dist 100 = 8.065 | Delta Dist 1000 = 8.280 | Episode Length = 50 | Episode Return = 24.0 | Evaluator Episodes = 720 | Evaluator Steps = 36000 | Final Dist = 0.714 | Final Dist 10 = 2.521 | Final Dist 100 = 3.248 | Final Dist 1000 = 3.033 | Init Dist = 11.314 | Init Dist 10 = 11.314 | Init Dist 100 = 11.314 | Init Dist 1000 = 11.314 | Learner Steps = 2103 | Learner Walltime = 328.927 | Min Dist = 0.073 | Min Dist 10 = 0.138 | Min Dist 100 = 0.657 | Min Dist 1000 = 0.498 | Steps Per Second = 81.747 | Success = 1.000 | Success 1000 = 0.971
I0528 14:53:03.588976 22895222769216 terminal.py:91] [Evaluator] Actor Episodes = 2900 | Actor Steps = 145000 | Delta Dist = 11.134 | Delta Dist 10 = 10.906 | Delta Dist 100 = 10.787 | Delta Dist 1000 = 9.110 | Episode Length = 50 | Episode Return = 23.0 | Evaluator Episodes = 722 | Evaluator Steps = 36100 | Final Dist = 0.179 | Final Dist 10 = 0.408 | Final Dist 100 = 0.526 | Final Dist 1000 = 2.204 | Init Dist = 11.314 | Init Dist 10 = 11.314 | Init Dist 100 = 11.314 | Init Dist 1000 = 11.314 | Learner Steps = 2108 | Learner Walltime = 329.949 | Min Dist = 0.046 | Min Dist 10 = 0.064 | Min Dist 100 = 0.071 | Min Dist 1000 = 1.435 | Steps Per Second = 80.631 | Success = 1.000 | Success 1000 = 0.510
I0528 14:53:04.222080 22892391589440 terminal.py:91] [Actor] Actor Episodes = 2903 | Actor Steps = 145150 | Delta Dist = 11.077 | Delta Dist 10 = 8.739 | Delta Dist 100 = 8.178 | Delta Dist 1000 = 8.278 | Episode Length = 50 | Episode Return = 26.0 | Evaluator Episodes = 722 | Evaluator Steps = 36100 | Final Dist = 0.237 | Final Dist 10 = 2.575 | Final Dist 100 = 3.136 | Final Dist 1000 = 3.036 | Init Dist = 11.314 | Init Dist 10 = 11.314 | Init Dist 100 = 11.314 | Init Dist 1000 = 11.314 | Learner Steps = 2108 | Learner Walltime = 329.949 | Min Dist = 0.089 | Min Dist 10 = 0.060 | Min Dist 100 = 0.543 | Min Dist 1000 = 0.496 | Steps Per Second = 88.352 | Success = 1.000 | Success 1000 = 0.971
I0528 14:53:04.531417 22892418905664 terminal.py:91] [Actor] Actor Episodes = 2906 | Actor Steps = 145300 | Delta Dist = 10.329 | Delta Dist 10 = 7.812 | Delta Dist 100 = 8.192 | Delta Dist 1000 = 8.269 | Episode Length = 50 | Episode Return = 20.0 | Evaluator Episodes = 722 | Evaluator Steps = 36100 | Final Dist = 0.985 | Final Dist 10 = 3.502 | Final Dist 100 = 3.122 | Final Dist 1000 = 3.044 | Init Dist = 11.314 | Init Dist 10 = 11.314 | Init Dist 100 = 11.314 | Init Dist 1000 = 11.314 | Learner Steps = 2114 | Learner Walltime = 331.106 | Min Dist = 0.023 | Min Dist 10 = 0.074 | Min Dist 100 = 0.544 | Min Dist 1000 = 0.496 | Steps Per Second = 87.551 | Success = 1.000 | Success 1000 = 0.972
I0528 14:53:04.731982 22892421006912 terminal.py:91] [Actor] Actor Episodes = 2908 | Actor Steps = 145400 | Delta Dist = 11.080 | Delta Dist 10 = 7.185 | Delta Dist 100 = 8.235 | Delta Dist 1000 = 8.263 | Episode Length = 50 | Episode Return = 25.0 | Evaluator Episodes = 722 | Evaluator Steps = 36100 | Final Dist = 0.233 | Final Dist 10 = 4.129 | Final Dist 100 = 3.079 | Final Dist 1000 = 3.051 | Init Dist = 11.314 | Init Dist 10 = 11.314 | Init Dist 100 = 11.314 | Init Dist 1000 = 11.314 | Learner Steps = 2114 | Learner Walltime = 331.106 | Min Dist = 0.106 | Min Dist 10 = 0.069 | Min Dist 100 = 0.431 | Min Dist 1000 = 0.495 | Steps Per Second = 85.697 | Success = 1.000 | Success 1000 = 0.972
I0528 14:53:04.876597 22895222769216 terminal.py:91] [Evaluator] Actor Episodes = 2910 | Actor Steps = 145500 | Delta Dist = 10.991 | Delta Dist 10 = 10.903 | Delta Dist 100 = 10.804 | Delta Dist 1000 = 9.116 | Episode Length = 50 | Episode Return = 25.0 | Evaluator Episodes = 724 | Evaluator Steps = 36200 | Final Dist = 0.322 | Final Dist 10 = 0.411 | Final Dist 100 = 0.510 | Final Dist 1000 = 2.198 | Init Dist = 11.314 | Init Dist 10 = 11.314 | Init Dist 100 = 11.314 | Init Dist 1000 = 11.314 | Learner Steps = 2114 | Learner Walltime = 331.106 | Min Dist = 0.065 | Min Dist 10 = 0.066 | Min Dist 100 = 0.071 | Min Dist 1000 = 1.431 | Steps Per Second = 75.912 | Success = 1.000 | Success 1000 = 0.512
I0528 14:53:06.013919 22895222769216 terminal.py:91] [Evaluator] Actor Episodes = 2918 | Actor Steps = 145900 | Delta Dist = 11.035 | Delta Dist 10 = 10.891 | Delta Dist 100 = 10.809 | Delta Dist 1000 = 9.121 | Episode Length = 50 | Episode Return = 25.0 | Evaluator Episodes = 726 | Evaluator Steps = 36300 | Final Dist = 0.278 | Final Dist 10 = 0.422 | Final Dist 100 = 0.505 | Final Dist 1000 = 2.193 | Init Dist = 11.314 | Init Dist 10 = 11.314 | Init Dist 100 = 11.314 | Init Dist 1000 = 11.314 | Learner Steps = 2125 | Learner Walltime = 333.174 | Min Dist = 0.060 | Min Dist 10 = 0.075 | Min Dist 100 = 0.071 | Min Dist 1000 = 1.427 | Steps Per Second = 94.921 | Success = 1.000 | Success 1000 = 0.513
I0528 14:53:06.727788 22863692109376 terminal.py:91] [Learner] Actor Episodes = 2918 | Actor Loss = 6.7924346923828125 | Actor Steps = 145900 | Binary Accuracy = 0.9960885047912598 | Categorical Accuracy = 0.1124267578125 | Critic Loss = 3.881804943084717 | Entropy Mean = -9.448308944702148 | Evaluator Episodes = 724 | Evaluator Steps = 36200 | Learner Steps = 2130 | Learner Walltime = 333.999 | Logits Neg = -15.626049041748047 | Logits Pos = -3.8766984939575195 | Logsumexp = 0.4931432604789734 | Steps Per Second = 297.314
I0528 14:53:07.028758 22895222769216 terminal.py:91] [Evaluator] Actor Episodes = 2924 | Actor Steps = 146200 | Delta Dist = 11.110 | Delta Dist 10 = 10.898 | Delta Dist 100 = 10.812 | Delta Dist 1000 = 9.126 | Episode Length = 50 | Episode Return = 26.0 | Evaluator Episodes = 728 | Evaluator Steps = 36400 | Final Dist = 0.204 | Final Dist 10 = 0.416 | Final Dist 100 = 0.502 | Final Dist 1000 = 2.188 | Init Dist = 11.314 | Init Dist 10 = 11.314 | Init Dist 100 = 11.314 | Init Dist 1000 = 11.314 | Learner Steps = 2131 | Learner Walltime = 334.210 | Min Dist = 0.097 | Min Dist 10 = 0.072 | Min Dist 100 = 0.071 | Min Dist 1000 = 1.423 | Steps Per Second = 93.799 | Success = 1.000 | Success 1000 = 0.514
I0528 14:53:08.612789 22895222769216 terminal.py:91] [Evaluator] Actor Episodes = 2933 | Actor Steps = 146650 | Delta Dist = 10.169 | Delta Dist 10 = 11.074 | Delta Dist 100 = 10.826 | Delta Dist 1000 = 9.134 | Episode Length = 50 | Episode Return = 24.0 | Evaluator Episodes = 731 | Evaluator Steps = 36550 | Final Dist = 1.145 | Final Dist 10 = 0.240 | Final Dist 100 = 0.487 | Final Dist 1000 = 2.180 | Init Dist = 11.314 | Init Dist 10 = 11.314 | Init Dist 100 = 11.314 | Init Dist 1000 = 11.314 | Learner Steps = 2138 | Learner Walltime = 335.286 | Min Dist = 0.099 | Min Dist 10 = 0.069 | Min Dist 100 = 0.072 | Min Dist 1000 = 1.418 | Steps Per Second = 80.661 | Success = 1.000 | Success 1000 = 0.516
I0528 14:53:09.715929 22895222769216 terminal.py:91] [Evaluator] Actor Episodes = 2943 | Actor Steps = 147150 | Delta Dist = 11.134 | Delta Dist 10 = 10.976 | Delta Dist 100 = 10.828 | Delta Dist 1000 = 9.138 | Episode Length = 50 | Episode Return = 23.0 | Evaluator Episodes = 733 | Evaluator Steps = 36650 | Final Dist = 0.180 | Final Dist 10 = 0.338 | Final Dist 100 = 0.486 | Final Dist 1000 = 2.176 | Init Dist = 11.314 | Init Dist 10 = 11.314 | Init Dist 100 = 11.314 | Init Dist 1000 = 11.314 | Learner Steps = 2144 | Learner Walltime = 336.362 | Min Dist = 0.105 | Min Dist 10 = 0.080 | Min Dist 100 = 0.072 | Min Dist 1000 = 1.414 | Steps Per Second = 84.941 | Success = 1.000 | Success 1000 = 0.518
I0528 14:53:10.720044 22895222769216 terminal.py:91] [Evaluator] Actor Episodes = 2951 | Actor Steps = 147550 | Delta Dist = 10.342 | Delta Dist 10 = 10.966 | Delta Dist 100 = 10.831 | Delta Dist 1000 = 9.143 | Episode Length = 50 | Episode Return = 27.0 | Evaluator Episodes = 735 | Evaluator Steps = 36750 | Final Dist = 0.972 | Final Dist 10 = 0.348 | Final Dist 100 = 0.483 | Final Dist 1000 = 2.170 | Init Dist = 11.314 | Init Dist 10 = 11.314 | Init Dist 100 = 11.314 | Init Dist 1000 = 11.314 | Learner Steps = 2150 | Learner Walltime = 337.389 | Min Dist = 0.034 | Min Dist 10 = 0.084 | Min Dist 100 = 0.071 | Min Dist 1000 = 1.411 | Steps Per Second = 113.953 | Success = 1.000 | Success 1000 = 0.519
I0528 14:53:11.865673 22895222769216 terminal.py:91] [Evaluator] Actor Episodes = 2959 | Actor Steps = 147950 | Delta Dist = 11.002 | Delta Dist 10 = 10.881 | Delta Dist 100 = 10.819 | Delta Dist 1000 = 9.147 | Episode Length = 50 | Episode Return = 26.0 | Evaluator Episodes = 737 | Evaluator Steps = 36850 | Final Dist = 0.311 | Final Dist 10 = 0.432 | Final Dist 100 = 0.495 | Final Dist 1000 = 2.167 | Init Dist = 11.314 | Init Dist 10 = 11.314 | Init Dist 100 = 11.314 | Init Dist 1000 = 11.314 | Learner Steps = 2156 | Learner Walltime = 338.429 | Min Dist = 0.033 | Min Dist 10 = 0.075 | Min Dist 100 = 0.071 | Min Dist 1000 = 1.407 | Steps Per Second = 90.248 | Success = 1.000 | Success 1000 = 0.520
I0528 14:53:11.924391 22918291473984 lp_utils.py:96] StepsLimiter: Reached 147950 recorded steps
I0528 14:53:13.052369 22895222769216 terminal.py:91] [Evaluator] Actor Episodes = 2969 | Actor Steps = 148450 | Delta Dist = 10.442 | Delta Dist 10 = 10.784 | Delta Dist 100 = 10.817 | Delta Dist 1000 = 9.151 | Episode Length = 50 | Episode Return = 28.0 | Evaluator Episodes = 739 | Evaluator Steps = 36950 | Final Dist = 0.871 | Final Dist 10 = 0.529 | Final Dist 100 = 0.496 | Final Dist 1000 = 2.163 | Init Dist = 11.314 | Init Dist 10 = 11.314 | Init Dist 100 = 11.314 | Init Dist 1000 = 11.314 | Learner Steps = 2162 | Learner Walltime = 339.555 | Min Dist = 0.113 | Min Dist 10 = 0.073 | Min Dist 100 = 0.071 | Min Dist 1000 = 1.403 | Steps Per Second = 88.837 | Success = 1.000 | Success 1000 = 0.522
I0528 14:53:13.140810 22892410500672 terminal.py:91] [Actor] Actor Episodes = 2971 | Actor Steps = 148550 | Delta Dist = 10.949 | Delta Dist 10 = 9.184 | Delta Dist 100 = 8.539 | Delta Dist 1000 = 8.284 | Episode Length = 50 | Episode Return = 27.0 | Evaluator Episodes = 739 | Evaluator Steps = 36950 | Final Dist = 0.364 | Final Dist 10 = 2.129 | Final Dist 100 = 2.775 | Final Dist 1000 = 3.030 | Init Dist = 11.314 | Init Dist 10 = 11.314 | Init Dist 100 = 11.314 | Init Dist 1000 = 11.314 | Learner Steps = 2162 | Learner Walltime = 339.555 | Min Dist = 0.224 | Min Dist 10 = 0.098 | Min Dist 100 = 0.090 | Min Dist 1000 = 0.477 | Steps Per Second = 96.902 | Success = 1.000 | Success 1000 = 0.973
I0528 14:53:14.237153 22892391589440 terminal.py:91] [Actor] Actor Episodes = 2976 | Actor Steps = 148800 | Delta Dist = 10.957 | Delta Dist 10 = 7.132 | Delta Dist 100 = 8.412 | Delta Dist 1000 = 8.272 | Episode Length = 50 | Episode Return = 25.0 | Evaluator Episodes = 739 | Evaluator Steps = 36950 | Final Dist = 0.356 | Final Dist 10 = 4.182 | Final Dist 100 = 2.901 | Final Dist 1000 = 3.042 | Init Dist = 11.314 | Init Dist 10 = 11.314 | Init Dist 100 = 11.314 | Init Dist 1000 = 11.314 | Learner Steps = 2168 | Learner Walltime = 340.575 | Min Dist = 0.031 | Min Dist 10 = 0.092 | Min Dist 100 = 0.089 | Min Dist 1000 = 0.476 | Steps Per Second = 83.126 | Success = 1.000 | Success 1000 = 0.973
I0528 14:53:14.263823 22895222769216 terminal.py:91] [Evaluator] Actor Episodes = 2977 | Actor Steps = 148850 | Delta Dist = 11.102 | Delta Dist 10 = 10.725 | Delta Dist 100 = 10.810 | Delta Dist 1000 = 9.156 | Episode Length = 50 | Episode Return = 25.0 | Evaluator Episodes = 741 | Evaluator Steps = 37050 | Final Dist = 0.211 | Final Dist 10 = 0.589 | Final Dist 100 = 0.503 | Final Dist 1000 = 2.158 | Init Dist = 11.314 | Init Dist 10 = 11.314 | Init Dist 100 = 11.314 | Init Dist 1000 = 11.314 | Learner Steps = 2168 | Learner Walltime = 340.575 | Min Dist = 0.063 | Min Dist 10 = 0.074 | Min Dist 100 = 0.070 | Min Dist 1000 = 1.400 | Steps Per Second = 71.228 | Success = 1.000 | Success 1000 = 0.523
I0528 14:53:14.859452 22892418905664 terminal.py:91] [Actor] Actor Episodes = 2985 | Actor Steps = 149250 | Delta Dist = 10.843 | Delta Dist 10 = 8.005 | Delta Dist 100 = 8.312 | Delta Dist 1000 = 8.255 | Episode Length = 50 | Episode Return = 23.0 | Evaluator Episodes = 741 | Evaluator Steps = 37050 | Final Dist = 0.470 | Final Dist 10 = 3.309 | Final Dist 100 = 3.001 | Final Dist 1000 = 3.059 | Init Dist = 11.314 | Init Dist 10 = 11.314 | Init Dist 100 = 11.314 | Init Dist 1000 = 11.314 | Learner Steps = 2175 | Learner Walltime = 341.737 | Min Dist = 0.087 | Min Dist 10 = 0.109 | Min Dist 100 = 0.091 | Min Dist 1000 = 0.475 | Steps Per Second = 92.634 | Success = 1.000 | Success 1000 = 0.974
I0528 14:53:14.993496 22892421006912 terminal.py:91] [Actor] Actor Episodes = 2982 | Actor Steps = 149100 | Delta Dist = 11.064 | Delta Dist 10 = 7.197 | Delta Dist 100 = 8.243 | Delta Dist 1000 = 8.248 | Episode Length = 50 | Episode Return = 27.0 | Evaluator Episodes = 741 | Evaluator Steps = 37050 | Final Dist = 0.250 | Final Dist 10 = 4.117 | Final Dist 100 = 3.070 | Final Dist 1000 = 3.066 | Init Dist = 11.314 | Init Dist 10 = 11.314 | Init Dist 100 = 11.314 | Init Dist 1000 = 11.314 | Learner Steps = 2175 | Learner Walltime = 341.737 | Min Dist = 0.138 | Min Dist 10 = 0.115 | Min Dist 100 = 0.091 | Min Dist 1000 = 0.474 | Steps Per Second = 104.438 | Success = 1.000 | Success 1000 = 0.975
I0528 14:53:15.349403 22895222769216 terminal.py:91] [Evaluator] Actor Episodes = 2985 | Actor Steps = 149250 | Delta Dist = 10.402 | Delta Dist 10 = 10.739 | Delta Dist 100 = 10.813 | Delta Dist 1000 = 9.160 | Episode Length = 50 | Episode Return = 26.0 | Evaluator Episodes = 743 | Evaluator Steps = 37150 | Final Dist = 0.912 | Final Dist 10 = 0.574 | Final Dist 100 = 0.501 | Final Dist 1000 = 2.154 | Init Dist = 11.314 | Init Dist 10 = 11.314 | Init Dist 100 = 11.314 | Init Dist 1000 = 11.314 | Learner Steps = 2175 | Learner Walltime = 341.737 | Min Dist = 0.069 | Min Dist 10 = 0.068 | Min Dist 100 = 0.070 | Min Dist 1000 = 1.396 | Steps Per Second = 82.719 | Success = 1.000 | Success 1000 = 0.524
I0528 14:53:16.793315 22895222769216 terminal.py:91] [Evaluator] Actor Episodes = 2995 | Actor Steps = 149750 | Delta Dist = 10.613 | Delta Dist 10 = 10.724 | Delta Dist 100 = 10.806 | Delta Dist 1000 = 9.166 | Episode Length = 50 | Episode Return = 25.0 | Evaluator Episodes = 746 | Evaluator Steps = 37300 | Final Dist = 0.700 | Final Dist 10 = 0.589 | Final Dist 100 = 0.508 | Final Dist 1000 = 2.148 | Init Dist = 11.314 | Init Dist 10 = 11.314 | Init Dist 100 = 11.314 | Init Dist 1000 = 11.314 | Learner Steps = 2188 | Learner Walltime = 343.842 | Min Dist = 0.028 | Min Dist 10 = 0.058 | Min Dist 100 = 0.069 | Min Dist 1000 = 1.391 | Steps Per Second = 93.530 | Success = 1.000 | Success 1000 = 0.526
I0528 14:53:16.929279 22863692109376 terminal.py:91] [Learner] Actor Episodes = 2993 | Actor Loss = 6.938053131103516 | Actor Steps = 149650 | Binary Accuracy = 0.9960765838623047 | Categorical Accuracy = 0.10443115234375 | Critic Loss = 3.8937487602233887 | Entropy Mean = -9.018745422363281 | Evaluator Episodes = 743 | Evaluator Steps = 37150 | Learner Steps = 2190 | Learner Walltime = 344.200 | Logits Neg = -16.312175750732422 | Logits Pos = -3.8815271854400635 | Logsumexp = 0.3855133652687073 | Steps Per Second = 251.377
I0528 14:53:18.333544 22895222769216 terminal.py:91] [Evaluator] Actor Episodes = 3011 | Actor Steps = 150550 | Delta Dist = 10.989 | Delta Dist 10 = 10.784 | Delta Dist 100 = 10.799 | Delta Dist 1000 = 9.173 | Episode Length = 50 | Episode Return = 27.0 | Evaluator Episodes = 749 | Evaluator Steps = 37450 | Final Dist = 0.325 | Final Dist 10 = 0.529 | Final Dist 100 = 0.515 | Final Dist 1000 = 2.141 | Init Dist = 11.314 | Init Dist 10 = 11.314 | Init Dist 100 = 11.314 | Init Dist 1000 = 11.314 | Learner Steps = 2196 | Learner Walltime = 345.192 | Min Dist = 0.070 | Min Dist 10 = 0.053 | Min Dist 100 = 0.069 | Min Dist 1000 = 1.385 | Steps Per Second = 80.384 | Success = 1.000 | Success 1000 = 0.528
I0528 14:53:19.423773 22895222769216 terminal.py:91] [Evaluator] Actor Episodes = 3020 | Actor Steps = 151000 | Delta Dist = 10.999 | Delta Dist 10 = 10.820 | Delta Dist 100 = 10.803 | Delta Dist 1000 = 9.178 | Episode Length = 50 | Episode Return = 23.0 | Evaluator Episodes = 751 | Evaluator Steps = 37550 | Final Dist = 0.315 | Final Dist 10 = 0.494 | Final Dist 100 = 0.511 | Final Dist 1000 = 2.136 | Init Dist = 11.314 | Init Dist 10 = 11.314 | Init Dist 100 = 11.314 | Init Dist 1000 = 11.314 | Learner Steps = 2203 | Learner Walltime = 346.284 | Min Dist = 0.090 | Min Dist 10 = 0.049 | Min Dist 100 = 0.068 | Min Dist 1000 = 1.382 | Steps Per Second = 82.917 | Success = 1.000 | Success 1000 = 0.529
I0528 14:53:20.498635 22895222769216 terminal.py:91] [Evaluator] Actor Episodes = 3028 | Actor Steps = 151400 | Delta Dist = 11.149 | Delta Dist 10 = 10.885 | Delta Dist 100 = 10.802 | Delta Dist 1000 = 9.183 | Episode Length = 50 | Episode Return = 22.0 | Evaluator Episodes = 753 | Evaluator Steps = 37650 | Final Dist = 0.164 | Final Dist 10 = 0.429 | Final Dist 100 = 0.512 | Final Dist 1000 = 2.131 | Init Dist = 11.314 | Init Dist 10 = 11.314 | Init Dist 100 = 11.314 | Init Dist 1000 = 11.314 | Learner Steps = 2209 | Learner Walltime = 347.300 | Min Dist = 0.140 | Min Dist 10 = 0.051 | Min Dist 100 = 0.068 | Min Dist 1000 = 1.378 | Steps Per Second = 89.322 | Success = 1.000 | Success 1000 = 0.531
I0528 14:53:21.941537 22918291473984 lp_utils.py:96] StepsLimiter: Reached 151850 recorded steps
I0528 14:53:21.990065 22895222769216 terminal.py:91] [Evaluator] Actor Episodes = 3037 | Actor Steps = 151850 | Delta Dist = 10.372 | Delta Dist 10 = 11.025 | Delta Dist 100 = 10.832 | Delta Dist 1000 = 9.191 | Episode Length = 50 | Episode Return = 29.0 | Evaluator Episodes = 756 | Evaluator Steps = 37800 | Final Dist = 0.942 | Final Dist 10 = 0.289 | Final Dist 100 = 0.482 | Final Dist 1000 = 2.123 | Init Dist = 11.314 | Init Dist 10 = 11.314 | Init Dist 100 = 11.314 | Init Dist 1000 = 11.314 | Learner Steps = 2215 | Learner Walltime = 348.301 | Min Dist = 0.073 | Min Dist 10 = 0.062 | Min Dist 100 = 0.069 | Min Dist 1000 = 1.373 | Steps Per Second = 83.576 | Success = 1.000 | Success 1000 = 0.532
I0528 14:53:23.002481 22895222769216 terminal.py:91] [Evaluator] Actor Episodes = 3044 | Actor Steps = 152200 | Delta Dist = 11.100 | Delta Dist 10 = 10.960 | Delta Dist 100 = 10.825 | Delta Dist 1000 = 9.194 | Episode Length = 50 | Episode Return = 28.0 | Evaluator Episodes = 758 | Evaluator Steps = 37900 | Final Dist = 0.213 | Final Dist 10 = 0.354 | Final Dist 100 = 0.489 | Final Dist 1000 = 2.119 | Init Dist = 11.314 | Init Dist 10 = 11.314 | Init Dist 100 = 11.314 | Init Dist 1000 = 11.314 | Learner Steps = 2221 | Learner Walltime = 349.351 | Min Dist = 0.042 | Min Dist 10 = 0.065 | Min Dist 100 = 0.068 | Min Dist 1000 = 1.369 | Steps Per Second = 93.057 | Success = 1.000 | Success 1000 = 0.534
I0528 14:53:23.344179 22892410500672 terminal.py:91] [Actor] Actor Episodes = 3047 | Actor Steps = 152350 | Delta Dist = 11.112 | Delta Dist 10 = 10.151 | Delta Dist 100 = 8.479 | Delta Dist 1000 = 8.360 | Episode Length = 50 | Episode Return = 29.0 | Evaluator Episodes = 758 | Evaluator Steps = 37900 | Final Dist = 0.201 | Final Dist 10 = 1.162 | Final Dist 100 = 2.835 | Final Dist 1000 = 2.954 | Init Dist = 11.314 | Init Dist 10 = 11.314 | Init Dist 100 = 11.314 | Init Dist 1000 = 11.314 | Learner Steps = 2228 | Learner Walltime = 350.402 | Min Dist = 0.079 | Min Dist 10 = 0.068 | Min Dist 100 = 0.202 | Min Dist 1000 = 0.445 | Steps Per Second = 93.593 | Success = 1.000 | Success 1000 = 0.974
I0528 14:53:24.004794 22895222769216 terminal.py:91] [Evaluator] Actor Episodes = 3056 | Actor Steps = 152800 | Delta Dist = 11.104 | Delta Dist 10 = 10.976 | Delta Dist 100 = 10.828 | Delta Dist 1000 = 9.199 | Episode Length = 50 | Episode Return = 28.0 | Evaluator Episodes = 760 | Evaluator Steps = 38000 | Final Dist = 0.210 | Final Dist 10 = 0.338 | Final Dist 100 = 0.486 | Final Dist 1000 = 2.115 | Init Dist = 11.314 | Init Dist 10 = 11.314 | Init Dist 100 = 11.314 | Init Dist 1000 = 11.314 | Learner Steps = 2228 | Learner Walltime = 350.402 | Min Dist = 0.009 | Min Dist 10 = 0.062 | Min Dist 100 = 0.068 | Min Dist 1000 = 1.366 | Steps Per Second = 103.559 | Success = 1.000 | Success 1000 = 0.535
I0528 14:53:24.386383 22892391589440 terminal.py:91] [Actor] Actor Episodes = 3057 | Actor Steps = 152850 | Delta Dist = 11.227 | Delta Dist 10 = 9.622 | Delta Dist 100 = 8.594 | Delta Dist 1000 = 8.365 | Episode Length = 50 | Episode Return = 27.0 | Evaluator Episodes = 758 | Evaluator Steps = 37900 | Final Dist = 0.087 | Final Dist 10 = 1.691 | Final Dist 100 = 2.720 | Final Dist 1000 = 2.949 | Init Dist = 11.314 | Init Dist 10 = 11.314 | Init Dist 100 = 11.314 | Init Dist 1000 = 11.314 | Learner Steps = 2228 | Learner Walltime = 350.402 | Min Dist = 0.050 | Min Dist 10 = 0.067 | Min Dist 100 = 0.202 | Min Dist 1000 = 0.443 | Steps Per Second = 101.875 | Success = 1.000 | Success 1000 = 0.975
I0528 14:53:25.006115 22895222769216 terminal.py:91] [Evaluator] Actor Episodes = 3062 | Actor Steps = 153100 | Delta Dist = 10.302 | Delta Dist 10 = 11.002 | Delta Dist 100 = 10.834 | Delta Dist 1000 = 9.204 | Episode Length = 50 | Episode Return = 23.0 | Evaluator Episodes = 762 | Evaluator Steps = 38100 | Final Dist = 1.012 | Final Dist 10 = 0.312 | Final Dist 100 = 0.479 | Final Dist 1000 = 2.110 | Init Dist = 11.314 | Init Dist 10 = 11.314 | Init Dist 100 = 11.314 | Init Dist 1000 = 11.314 | Learner Steps = 2236 | Learner Walltime = 351.485 | Min Dist = 0.030 | Min Dist 10 = 0.058 | Min Dist 100 = 0.067 | Min Dist 1000 = 1.362 | Steps Per Second = 102.822 | Success = 1.000 | Success 1000 = 0.536
I0528 14:53:25.071805 22892418905664 terminal.py:91] [Actor] Actor Episodes = 3065 | Actor Steps = 153250 | Delta Dist = 10.278 | Delta Dist 10 = 8.567 | Delta Dist 100 = 8.636 | Delta Dist 1000 = 8.372 | Episode Length = 50 | Episode Return = 23.0 | Evaluator Episodes = 762 | Evaluator Steps = 38100 | Final Dist = 1.036 | Final Dist 10 = 2.747 | Final Dist 100 = 2.677 | Final Dist 1000 = 2.942 | Init Dist = 11.314 | Init Dist 10 = 11.314 | Init Dist 100 = 11.314 | Init Dist 1000 = 11.314 | Learner Steps = 2236 | Learner Walltime = 351.485 | Min Dist = 0.033 | Min Dist 10 = 0.053 | Min Dist 100 = 0.200 | Min Dist 1000 = 0.442 | Steps Per Second = 118.188 | Success = 1.000 | Success 1000 = 0.975
I0528 14:53:25.380419 22892421006912 terminal.py:91] [Actor] Actor Episodes = 3063 | Actor Steps = 153150 | Delta Dist = 10.427 | Delta Dist 10 = 9.001 | Delta Dist 100 = 8.622 | Delta Dist 1000 = 8.373 | Episode Length = 50 | Episode Return = 27.0 | Evaluator Episodes = 760 | Evaluator Steps = 38000 | Final Dist = 0.887 | Final Dist 10 = 2.313 | Final Dist 100 = 2.692 | Final Dist 1000 = 2.941 | Init Dist = 11.314 | Init Dist 10 = 11.314 | Init Dist 100 = 11.314 | Init Dist 1000 = 11.314 | Learner Steps = 2236 | Learner Walltime = 351.485 | Min Dist = 0.098 | Min Dist 10 = 0.047 | Min Dist 100 = 0.198 | Min Dist 1000 = 0.440 | Steps Per Second = 112.507 | Success = 1.000 | Success 1000 = 0.975
I0528 14:53:26.154639 22895222769216 terminal.py:91] [Evaluator] Actor Episodes = 3072 | Actor Steps = 153600 | Delta Dist = 11.096 | Delta Dist 10 = 10.929 | Delta Dist 100 = 10.835 | Delta Dist 1000 = 9.208 | Episode Length = 50 | Episode Return = 26.0 | Evaluator Episodes = 764 | Evaluator Steps = 38200 | Final Dist = 0.218 | Final Dist 10 = 0.385 | Final Dist 100 = 0.478 | Final Dist 1000 = 2.106 | Init Dist = 11.314 | Init Dist 10 = 11.314 | Init Dist 100 = 11.314 | Init Dist 1000 = 11.314 | Learner Steps = 2243 | Learner Walltime = 352.626 | Min Dist = 0.013 | Min Dist 10 = 0.044 | Min Dist 100 = 0.066 | Min Dist 1000 = 1.359 | Steps Per Second = 82.627 | Success = 1.000 | Success 1000 = 0.537
I0528 14:53:27.004315 22863692109376 terminal.py:91] [Learner] Actor Episodes = 3077 | Actor Loss = 6.870502471923828 | Actor Steps = 153850 | Binary Accuracy = 0.9960649013519287 | Categorical Accuracy = 0.10821533203125 | Critic Loss = 3.9379525184631348 | Entropy Mean = -9.09207534790039 | Evaluator Episodes = 764 | Evaluator Steps = 38200 | Learner Steps = 2254 | Learner Walltime = 354.271 | Logits Neg = -15.985026359558105 | Logits Pos = -3.9421958923339844 | Logsumexp = 0.4371372163295746 | Steps Per Second = 485.368
I0528 14:53:27.629857 22895222769216 terminal.py:91] [Evaluator] Actor Episodes = 3085 | Actor Steps = 154250 | Delta Dist = 11.107 | Delta Dist 10 = 10.972 | Delta Dist 100 = 10.846 | Delta Dist 1000 = 9.216 | Episode Length = 50 | Episode Return = 28.0 | Evaluator Episodes = 767 | Evaluator Steps = 38350 | Final Dist = 0.206 | Final Dist 10 = 0.341 | Final Dist 100 = 0.468 | Final Dist 1000 = 2.098 | Init Dist = 11.314 | Init Dist 10 = 11.314 | Init Dist 100 = 11.314 | Init Dist 1000 = 11.314 | Learner Steps = 2256 | Learner Walltime = 354.752 | Min Dist = 0.096 | Min Dist 10 = 0.039 | Min Dist 100 = 0.065 | Min Dist 1000 = 1.354 | Steps Per Second = 100.973 | Success = 1.000 | Success 1000 = 0.539
I0528 14:53:28.727849 22895222769216 terminal.py:91] [Evaluator] Actor Episodes = 3090 | Actor Steps = 154500 | Delta Dist = 11.127 | Delta Dist 10 = 10.919 | Delta Dist 100 = 10.844 | Delta Dist 1000 = 9.219 | Episode Length = 50 | Episode Return = 22.0 | Evaluator Episodes = 769 | Evaluator Steps = 38450 | Final Dist = 0.186 | Final Dist 10 = 0.395 | Final Dist 100 = 0.470 | Final Dist 1000 = 2.094 | Init Dist = 11.314 | Init Dist 10 = 11.314 | Init Dist 100 = 11.314 | Init Dist 1000 = 11.314 | Learner Steps = 2263 | Learner Walltime = 355.763 | Min Dist = 0.100 | Min Dist 10 = 0.043 | Min Dist 100 = 0.065 | Min Dist 1000 = 1.350 | Steps Per Second = 76.526 | Success = 1.000 | Success 1000 = 0.540
I0528 14:53:29.753690 22895222769216 terminal.py:91] [Evaluator] Actor Episodes = 3100 | Actor Steps = 155000 | Delta Dist = 10.893 | Delta Dist 10 = 10.934 | Delta Dist 100 = 10.845 | Delta Dist 1000 = 9.224 | Episode Length = 50 | Episode Return = 29.0 | Evaluator Episodes = 771 | Evaluator Steps = 38550 | Final Dist = 0.421 | Final Dist 10 = 0.379 | Final Dist 100 = 0.469 | Final Dist 1000 = 2.090 | Init Dist = 11.314 | Init Dist 10 = 11.314 | Init Dist 100 = 11.314 | Init Dist 1000 = 11.314 | Learner Steps = 2269 | Learner Walltime = 356.817 | Min Dist = 0.074 | Min Dist 10 = 0.050 | Min Dist 100 = 0.065 | Min Dist 1000 = 1.347 | Steps Per Second = 89.265 | Success = 1.000 | Success 1000 = 0.542
I0528 14:53:31.279326 22895222769216 terminal.py:91] [Evaluator] Actor Episodes = 3110 | Actor Steps = 155500 | Delta Dist = 11.040 | Delta Dist 10 = 10.847 | Delta Dist 100 = 10.838 | Delta Dist 1000 = 9.229 | Episode Length = 50 | Episode Return = 28.0 | Evaluator Episodes = 774 | Evaluator Steps = 38700 | Final Dist = 0.274 | Final Dist 10 = 0.467 | Final Dist 100 = 0.475 | Final Dist 1000 = 2.084 | Init Dist = 11.314 | Init Dist 10 = 11.314 | Init Dist 100 = 11.314 | Init Dist 1000 = 11.314 | Learner Steps = 2276 | Learner Walltime = 357.969 | Min Dist = 0.043 | Min Dist 10 = 0.066 | Min Dist 100 = 0.065 | Min Dist 1000 = 1.342 | Steps Per Second = 90.912 | Success = 1.000 | Success 1000 = 0.543
I0528 14:53:31.966043 22918291473984 lp_utils.py:96] StepsLimiter: Reached 155900 recorded steps
I0528 14:53:32.818712 22895222769216 terminal.py:91] [Evaluator] Actor Episodes = 3123 | Actor Steps = 156150 | Delta Dist = 11.030 | Delta Dist 10 = 10.838 | Delta Dist 100 = 10.843 | Delta Dist 1000 = 9.236 | Episode Length = 50 | Episode Return = 24.0 | Evaluator Episodes = 777 | Evaluator Steps = 38850 | Final Dist = 0.284 | Final Dist 10 = 0.476 | Final Dist 100 = 0.470 | Final Dist 1000 = 2.077 | Init Dist = 11.314 | Init Dist 10 = 11.314 | Init Dist 100 = 11.314 | Init Dist 1000 = 11.314 | Learner Steps = 2283 | Learner Walltime = 359.173 | Min Dist = 0.105 | Min Dist 10 = 0.066 | Min Dist 100 = 0.063 | Min Dist 1000 = 1.337 | Steps Per Second = 85.654 | Success = 1.000 | Success 1000 = 0.545
I0528 14:53:33.736556 22892410500672 terminal.py:91] [Actor] Actor Episodes = 3128 | Actor Steps = 156400 | Delta Dist = 11.010 | Delta Dist 10 = 6.960 | Delta Dist 100 = 8.872 | Delta Dist 1000 = 8.356 | Episode Length = 50 | Episode Return = 24.0 | Evaluator Episodes = 777 | Evaluator Steps = 38850 | Final Dist = 0.304 | Final Dist 10 = 4.354 | Final Dist 100 = 2.442 | Final Dist 1000 = 2.957 | Init Dist = 11.314 | Init Dist 10 = 11.314 | Init Dist 100 = 11.314 | Init Dist 1000 = 11.314 | Learner Steps = 2283 | Learner Walltime = 359.173 | Min Dist = 0.095 | Min Dist 10 = 1.223 | Min Dist 100 = 0.187 | Min Dist 1000 = 0.416 | Steps Per Second = 109.719 | Success = 1.000 | Success 1000 = 0.976
I0528 14:53:34.218409 22895222769216 terminal.py:91] [Evaluator] Actor Episodes = 3135 | Actor Steps = 156750 | Delta Dist = 11.265 | Delta Dist 10 = 10.847 | Delta Dist 100 = 10.862 | Delta Dist 1000 = 9.243 | Episode Length = 50 | Episode Return = 26.0 | Evaluator Episodes = 780 | Evaluator Steps = 39000 | Final Dist = 0.049 | Final Dist 10 = 0.467 | Final Dist 100 = 0.452 | Final Dist 1000 = 2.071 | Init Dist = 11.314 | Init Dist 10 = 11.314 | Init Dist 100 = 11.314 | Init Dist 1000 = 11.314 | Learner Steps = 2297 | Learner Walltime = 361.279 | Min Dist = 0.037 | Min Dist 10 = 0.068 | Min Dist 100 = 0.064 | Min Dist 1000 = 1.332 | Steps Per Second = 101.228 | Success = 1.000 | Success 1000 = 0.547
I0528 14:53:34.811951 22892391589440 terminal.py:91] [Actor] Actor Episodes = 3142 | Actor Steps = 157100 | Delta Dist = 11.002 | Delta Dist 10 = 8.846 | Delta Dist 100 = 8.721 | Delta Dist 1000 = 8.357 | Episode Length = 50 | Episode Return = 30.0 | Evaluator Episodes = 780 | Evaluator Steps = 39000 | Final Dist = 0.312 | Final Dist 10 = 2.468 | Final Dist 100 = 2.593 | Final Dist 1000 = 2.956 | Init Dist = 11.314 | Init Dist 10 = 11.314 | Init Dist 100 = 11.314 | Init Dist 1000 = 11.314 | Learner Steps = 2297 | Learner Walltime = 361.279 | Min Dist = 0.159 | Min Dist 10 = 0.094 | Min Dist 100 = 0.190 | Min Dist 1000 = 0.403 | Steps Per Second = 112.868 | Success = 1.000 | Success 1000 = 0.976
I0528 14:53:35.280322 22897759475264 savers.py:156] Saving checkpoint: /home/gliu2/rebuttal/checkpoints/contrastive_cpc_point_FourRooms_0/checkpoints/learner
I0528 14:53:35.475703 22892418905664 terminal.py:91] [Actor] Actor Episodes = 3147 | Actor Steps = 157350 | Delta Dist = 11.100 | Delta Dist 10 = 8.315 | Delta Dist 100 = 8.541 | Delta Dist 1000 = 8.346 | Episode Length = 50 | Episode Return = 24.0 | Evaluator Episodes = 780 | Evaluator Steps = 39000 | Final Dist = 0.213 | Final Dist 10 = 2.999 | Final Dist 100 = 2.772 | Final Dist 1000 = 2.968 | Init Dist = 11.314 | Init Dist 10 = 11.314 | Init Dist 100 = 11.314 | Init Dist 1000 = 11.314 | Learner Steps = 2304 | Learner Walltime = 362.374 | Min Dist = 0.106 | Min Dist 10 = 0.088 | Min Dist 100 = 0.192 | Min Dist 1000 = 0.402 | Steps Per Second = 101.916 | Success = 1.000 | Success 1000 = 0.976
I0528 14:53:35.707958 22895222769216 terminal.py:91] [Evaluator] Actor Episodes = 3150 | Actor Steps = 157500 | Delta Dist = 10.968 | Delta Dist 10 = 10.915 | Delta Dist 100 = 10.869 | Delta Dist 1000 = 9.250 | Episode Length = 50 | Episode Return = 27.0 | Evaluator Episodes = 783 | Evaluator Steps = 39150 | Final Dist = 0.346 | Final Dist 10 = 0.399 | Final Dist 100 = 0.445 | Final Dist 1000 = 2.064 | Init Dist = 11.314 | Init Dist 10 = 11.314 | Init Dist 100 = 11.314 | Init Dist 1000 = 11.314 | Learner Steps = 2304 | Learner Walltime = 362.374 | Min Dist = 0.120 | Min Dist 10 = 0.067 | Min Dist 100 = 0.064 | Min Dist 1000 = 1.328 | Steps Per Second = 88.635 | Success = 1.000 | Success 1000 = 0.549
I0528 14:53:35.745548 22892421006912 terminal.py:91] [Actor] Actor Episodes = 3145 | Actor Steps = 157250 | Delta Dist = 10.237 | Delta Dist 10 = 8.995 | Delta Dist 100 = 8.549 | Delta Dist 1000 = 8.347 | Episode Length = 50 | Episode Return = 26.0 | Evaluator Episodes = 780 | Evaluator Steps = 39000 | Final Dist = 1.076 | Final Dist 10 = 2.319 | Final Dist 100 = 2.765 | Final Dist 1000 = 2.967 | Init Dist = 11.314 | Init Dist 10 = 11.314 | Init Dist 100 = 11.314 | Init Dist 1000 = 11.314 | Learner Steps = 2304 | Learner Walltime = 362.374 | Min Dist = 0.050 | Min Dist 10 = 0.092 | Min Dist 100 = 0.192 | Min Dist 1000 = 0.401 | Steps Per Second = 102.919 | Success = 1.000 | Success 1000 = 0.976
I0528 14:53:36.717739 22895222769216 terminal.py:91] [Evaluator] Actor Episodes = 3153 | Actor Steps = 157650 | Delta Dist = 10.151 | Delta Dist 10 = 10.911 | Delta Dist 100 = 10.877 | Delta Dist 1000 = 9.253 | Episode Length = 50 | Episode Return = 26.0 | Evaluator Episodes = 785 | Evaluator Steps = 39250 | Final Dist = 1.163 | Final Dist 10 = 0.403 | Final Dist 100 = 0.437 | Final Dist 1000 = 2.061 | Init Dist = 11.314 | Init Dist 10 = 11.314 | Init Dist 100 = 11.314 | Init Dist 1000 = 11.314 | Learner Steps = 2311 | Learner Walltime = 363.414 | Min Dist = 0.113 | Min Dist 10 = 0.068 | Min Dist 100 = 0.064 | Min Dist 1000 = 1.324 | Steps Per Second = 89.557 | Success = 1.000 | Success 1000 = 0.550
I0528 14:53:37.072632 22863692109376 terminal.py:91] [Learner] Actor Episodes = 3153 | Actor Loss = 6.953155517578125 | Actor Steps = 157650 | Binary Accuracy = 0.9960741996765137 | Categorical Accuracy = 0.1163330078125 | Critic Loss = 3.8662521839141846 | Entropy Mean = -8.802831649780273 | Evaluator Episodes = 783 | Evaluator Steps = 39150 | Learner Steps = 2317 | Learner Walltime = 364.344 | Logits Neg = -16.09882926940918 | Logits Pos = -3.8763318061828613 | Logsumexp = 0.4264533519744873 | Steps Per Second = 616.220
I0528 14:53:37.787429 22895222769216 terminal.py:91] [Evaluator] Actor Episodes = 3164 | Actor Steps = 158200 | Delta Dist = 10.325 | Delta Dist 10 = 10.817 | Delta Dist 100 = 10.867 | Delta Dist 1000 = 9.257 | Episode Length = 50 | Episode Return = 28.0 | Evaluator Episodes = 787 | Evaluator Steps = 39350 | Final Dist = 0.989 | Final Dist 10 = 0.497 | Final Dist 100 = 0.447 | Final Dist 1000 = 2.057 | Init Dist = 11.314 | Init Dist 10 = 11.314 | Init Dist 100 = 11.314 | Init Dist 1000 = 11.314 | Learner Steps = 2318 | Learner Walltime = 364.533 | Min Dist = 0.126 | Min Dist 10 = 0.075 | Min Dist 100 = 0.065 | Min Dist 1000 = 1.321 | Steps Per Second = 90.386 | Success = 1.000 | Success 1000 = 0.551
I0528 14:53:39.016015 22895222769216 terminal.py:91] [Evaluator] Actor Episodes = 3173 | Actor Steps = 158650 | Delta Dist = 10.241 | Delta Dist 10 = 10.811 | Delta Dist 100 = 10.863 | Delta Dist 1000 = 9.260 | Episode Length = 50 | Episode Return = 22.0 | Evaluator Episodes = 789 | Evaluator Steps = 39450 | Final Dist = 1.073 | Final Dist 10 = 0.503 | Final Dist 100 = 0.451 | Final Dist 1000 = 2.053 | Init Dist = 11.314 | Init Dist 10 = 11.314 | Init Dist 100 = 11.314 | Init Dist 1000 = 11.314 | Learner Steps = 2323 | Learner Walltime = 365.565 | Min Dist = 0.081 | Min Dist 10 = 0.070 | Min Dist 100 = 0.065 | Min Dist 1000 = 1.318 | Steps Per Second = 75.310 | Success = 1.000 | Success 1000 = 0.552
I0528 14:53:40.204858 22895222769216 terminal.py:91] [Evaluator] Actor Episodes = 3181 | Actor Steps = 159050 | Delta Dist = 11.022 | Delta Dist 10 = 10.644 | Delta Dist 100 = 10.846 | Delta Dist 1000 = 9.263 | Episode Length = 50 | Episode Return = 26.0 | Evaluator Episodes = 791 | Evaluator Steps = 39550 | Final Dist = 0.292 | Final Dist 10 = 0.670 | Final Dist 100 = 0.467 | Final Dist 1000 = 2.051 | Init Dist = 11.314 | Init Dist 10 = 11.314 | Init Dist 100 = 11.314 | Init Dist 1000 = 11.314 | Learner Steps = 2329 | Learner Walltime = 366.611 | Min Dist = 0.041 | Min Dist 10 = 0.075 | Min Dist 100 = 0.066 | Min Dist 1000 = 1.315 | Steps Per Second = 92.116 | Success = 1.000 | Success 1000 = 0.553
I0528 14:53:41.686919 22895222769216 terminal.py:91] [Evaluator] Actor Episodes = 3189 | Actor Steps = 159450 | Delta Dist = 10.958 | Delta Dist 10 = 10.626 | Delta Dist 100 = 10.864 | Delta Dist 1000 = 9.269 | Episode Length = 50 | Episode Return = 23.0 | Evaluator Episodes = 794 | Evaluator Steps = 39700 | Final Dist = 0.355 | Final Dist 10 = 0.688 | Final Dist 100 = 0.450 | Final Dist 1000 = 2.045 | Init Dist = 11.314 | Init Dist 10 = 11.314 | Init Dist 100 = 11.314 | Init Dist 1000 = 11.314 | Learner Steps = 2342 | Learner Walltime = 368.736 | Min Dist = 0.055 | Min Dist 10 = 0.066 | Min Dist 100 = 0.065 | Min Dist 1000 = 1.310 | Steps Per Second = 98.474 | Success = 1.000 | Success 1000 = 0.555
I0528 14:53:41.980363 22918291473984 lp_utils.py:96] StepsLimiter: Reached 159750 recorded steps
I0528 14:53:43.129845 22895222769216 terminal.py:91] [Evaluator] Actor Episodes = 3201 | Actor Steps = 160050 | Delta Dist = 11.082 | Delta Dist 10 = 10.776 | Delta Dist 100 = 10.878 | Delta Dist 1000 = 9.276 | Episode Length = 50 | Episode Return = 24.0 | Evaluator Episodes = 797 | Evaluator Steps = 39850 | Final Dist = 0.232 | Final Dist 10 = 0.538 | Final Dist 100 = 0.436 | Final Dist 1000 = 2.038 | Init Dist = 11.314 | Init Dist 10 = 11.314 | Init Dist 100 = 11.314 | Init Dist 1000 = 11.314 | Learner Steps = 2349 | Learner Walltime = 369.837 | Min Dist = 0.037 | Min Dist 10 = 0.063 | Min Dist 100 = 0.065 | Min Dist 1000 = 1.305 | Steps Per Second = 96.873 | Success = 1.000 | Success 1000 = 0.557
I0528 14:53:43.931466 22892410500672 terminal.py:91] [Actor] Actor Episodes = 3211 | Actor Steps = 160550 | Delta Dist = 10.316 | Delta Dist 10 = 6.317 | Delta Dist 100 = 8.664 | Delta Dist 1000 = 8.421 | Episode Length = 50 | Episode Return = 25.0 | Evaluator Episodes = 797 | Evaluator Steps = 39850 | Final Dist = 0.998 | Final Dist 10 = 4.997 | Final Dist 100 = 2.650 | Final Dist 1000 = 2.893 | Init Dist = 11.314 | Init Dist 10 = 11.314 | Init Dist 100 = 11.314 | Init Dist 1000 = 11.314 | Learner Steps = 2349 | Learner Walltime = 369.837 | Min Dist = 0.139 | Min Dist 10 = 1.216 | Min Dist 100 = 0.325 | Min Dist 1000 = 0.379 | Steps Per Second = 105.416 | Success = 1.000 | Success 1000 = 0.980
I0528 14:53:44.173878 22895222769216 terminal.py:91] [Evaluator] Actor Episodes = 3213 | Actor Steps = 160650 | Delta Dist = 10.211 | Delta Dist 10 = 10.761 | Delta Dist 100 = 10.877 | Delta Dist 1000 = 9.279 | Episode Length = 50 | Episode Return = 24.0 | Evaluator Episodes = 799 | Evaluator Steps = 39950 | Final Dist = 1.102 | Final Dist 10 = 0.553 | Final Dist 100 = 0.437 | Final Dist 1000 = 2.035 | Init Dist = 11.314 | Init Dist 10 = 11.314 | Init Dist 100 = 11.314 | Init Dist 1000 = 11.314 | Learner Steps = 2356 | Learner Walltime = 370.882 | Min Dist = 0.052 | Min Dist 10 = 0.069 | Min Dist 100 = 0.065 | Min Dist 1000 = 1.302 | Steps Per Second = 102.083 | Success = 1.000 | Success 1000 = 0.558
I0528 14:53:45.153816 22892391589440 terminal.py:91] [Actor] Actor Episodes = 3219 | Actor Steps = 160950 | Delta Dist = 10.374 | Delta Dist 10 = 9.045 | Delta Dist 100 = 8.555 | Delta Dist 1000 = 8.455 | Episode Length = 50 | Episode Return = 26.0 | Evaluator Episodes = 799 | Evaluator Steps = 39950 | Final Dist = 0.939 | Final Dist 10 = 2.268 | Final Dist 100 = 2.759 | Final Dist 1000 = 2.858 | Init Dist = 11.314 | Init Dist 10 = 11.314 | Init Dist 100 = 11.314 | Init Dist 1000 = 11.314 | Learner Steps = 2362 | Learner Walltime = 371.926 | Min Dist = 0.078 | Min Dist 10 = 0.103 | Min Dist 100 = 0.328 | Min Dist 1000 = 0.356 | Steps Per Second = 118.658 | Success = 1.000 | Success 1000 = 0.980
I0528 14:53:45.257044 22895222769216 terminal.py:91] [Evaluator] Actor Episodes = 3224 | Actor Steps = 161200 | Delta Dist = 11.098 | Delta Dist 10 = 10.786 | Delta Dist 100 = 10.872 | Delta Dist 1000 = 9.282 | Episode Length = 50 | Episode Return = 27.0 | Evaluator Episodes = 801 | Evaluator Steps = 40050 | Final Dist = 0.216 | Final Dist 10 = 0.528 | Final Dist 100 = 0.442 | Final Dist 1000 = 2.032 | Init Dist = 11.314 | Init Dist 10 = 11.314 | Init Dist 100 = 11.314 | Init Dist 1000 = 11.314 | Learner Steps = 2362 | Learner Walltime = 371.926 | Min Dist = 0.088 | Min Dist 10 = 0.071 | Min Dist 100 = 0.066 | Min Dist 1000 = 1.299 | Steps Per Second = 103.801 | Success = 1.000 | Success 1000 = 0.559
I0528 14:53:45.771248 22892418905664 terminal.py:91] [Actor] Actor Episodes = 3223 | Actor Steps = 161150 | Delta Dist = 10.365 | Delta Dist 10 = 8.470 | Delta Dist 100 = 8.678 | Delta Dist 1000 = 8.458 | Episode Length = 50 | Episode Return = 24.0 | Evaluator Episodes = 799 | Evaluator Steps = 39950 | Final Dist = 0.949 | Final Dist 10 = 2.843 | Final Dist 100 = 2.636 | Final Dist 1000 = 2.856 | Init Dist = 11.314 | Init Dist 10 = 11.314 | Init Dist 100 = 11.314 | Init Dist 1000 = 11.314 | Learner Steps = 2362 | Learner Walltime = 371.926 | Min Dist = 0.061 | Min Dist 10 = 0.099 | Min Dist 100 = 0.326 | Min Dist 1000 = 0.355 | Steps Per Second = 89.649 | Success = 1.000 | Success 1000 = 0.980
I0528 14:53:45.927750 22892421006912 terminal.py:91] [Actor] Actor Episodes = 3226 | Actor Steps = 161300 | Delta Dist = 11.157 | Delta Dist 10 = 9.358 | Delta Dist 100 = 8.679 | Delta Dist 1000 = 8.467 | Episode Length = 50 | Episode Return = 27.0 | Evaluator Episodes = 801 | Evaluator Steps = 40050 | Final Dist = 0.157 | Final Dist 10 = 1.956 | Final Dist 100 = 2.635 | Final Dist 1000 = 2.846 | Init Dist = 11.314 | Init Dist 10 = 11.314 | Init Dist 100 = 11.314 | Init Dist 1000 = 11.314 | Learner Steps = 2369 | Learner Walltime = 373.093 | Min Dist = 0.147 | Min Dist 10 = 0.095 | Min Dist 100 = 0.326 | Min Dist 1000 = 0.355 | Steps Per Second = 92.605 | Success = 1.000 | Success 1000 = 0.980
I0528 14:53:46.351685 22895222769216 terminal.py:91] [Evaluator] Actor Episodes = 3235 | Actor Steps = 161750 | Delta Dist = 11.092 | Delta Dist 10 = 10.866 | Delta Dist 100 = 10.874 | Delta Dist 1000 = 9.287 | Episode Length = 50 | Episode Return = 25.0 | Evaluator Episodes = 803 | Evaluator Steps = 40150 | Final Dist = 0.222 | Final Dist 10 = 0.448 | Final Dist 100 = 0.440 | Final Dist 1000 = 2.027 | Init Dist = 11.314 | Init Dist 10 = 11.314 | Init Dist 100 = 11.314 | Init Dist 1000 = 11.314 | Learner Steps = 2369 | Learner Walltime = 373.093 | Min Dist = 0.083 | Min Dist 10 = 0.070 | Min Dist 100 = 0.066 | Min Dist 1000 = 1.296 | Steps Per Second = 94.759 | Success = 1.000 | Success 1000 = 0.560
I0528 14:53:47.079361 22863692109376 terminal.py:91] [Learner] Actor Episodes = 3235 | Actor Loss = 6.7354044914245605 | Actor Steps = 161750 | Binary Accuracy = 0.9960935115814209 | Categorical Accuracy = 0.10919189453125 | Critic Loss = 3.891458511352539 | Entropy Mean = -8.635342597961426 | Evaluator Episodes = 803 | Evaluator Steps = 40150 | Learner Steps = 2378 | Learner Walltime = 374.347 | Logits Neg = -15.576876640319824 | Logits Pos = -3.875518321990967 | Logsumexp = 0.3923379182815552 | Steps Per Second = 428.813
I0528 14:53:47.802196 22895222769216 terminal.py:91] [Evaluator] Actor Episodes = 3245 | Actor Steps = 162250 | Delta Dist = 10.159 | Delta Dist 10 = 10.799 | Delta Dist 100 = 10.866 | Delta Dist 1000 = 9.292 | Episode Length = 50 | Episode Return = 28.0 | Evaluator Episodes = 806 | Evaluator Steps = 40300 | Final Dist = 1.155 | Final Dist 10 = 0.515 | Final Dist 100 = 0.447 | Final Dist 1000 = 2.021 | Init Dist = 11.314 | Init Dist 10 = 11.314 | Init Dist 100 = 11.314 | Init Dist 1000 = 11.314 | Learner Steps = 2377 | Learner Walltime = 374.198 | Min Dist = 0.053 | Min Dist 10 = 0.069 | Min Dist 100 = 0.065 | Min Dist 1000 = 1.292 | Steps Per Second = 109.892 | Success = 1.000 | Success 1000 = 0.561
I0528 14:53:48.823911 22895222769216 terminal.py:91] [Evaluator] Actor Episodes = 3253 | Actor Steps = 162650 | Delta Dist = 10.213 | Delta Dist 10 = 10.659 | Delta Dist 100 = 10.852 | Delta Dist 1000 = 9.295 | Episode Length = 50 | Episode Return = 26.0 | Evaluator Episodes = 808 | Evaluator Steps = 40400 | Final Dist = 1.101 | Final Dist 10 = 0.654 | Final Dist 100 = 0.461 | Final Dist 1000 = 2.019 | Init Dist = 11.314 | Init Dist 10 = 11.314 | Init Dist 100 = 11.314 | Init Dist 1000 = 11.314 | Learner Steps = 2383 | Learner Walltime = 375.271 | Min Dist = 0.040 | Min Dist 10 = 0.075 | Min Dist 100 = 0.065 | Min Dist 1000 = 1.289 | Steps Per Second = 108.329 | Success = 1.000 | Success 1000 = 0.563
I0528 14:53:50.299377 22895222769216 terminal.py:91] [Evaluator] Actor Episodes = 3265 | Actor Steps = 163250 | Delta Dist = 10.190 | Delta Dist 10 = 10.803 | Delta Dist 100 = 10.847 | Delta Dist 1000 = 9.301 | Episode Length = 50 | Episode Return = 23.0 | Evaluator Episodes = 811 | Evaluator Steps = 40550 | Final Dist = 1.124 | Final Dist 10 = 0.511 | Final Dist 100 = 0.466 | Final Dist 1000 = 2.013 | Init Dist = 11.314 | Init Dist 10 = 11.314 | Init Dist 100 = 11.314 | Init Dist 1000 = 11.314 | Learner Steps = 2397 | Learner Walltime = 377.481 | Min Dist = 0.048 | Min Dist 10 = 0.066 | Min Dist 100 = 0.065 | Min Dist 1000 = 1.284 | Steps Per Second = 97.908 | Success = 1.000 | Success 1000 = 0.564
I0528 14:53:51.319231 22895222769216 terminal.py:91] [Evaluator] Actor Episodes = 3273 | Actor Steps = 163650 | Delta Dist = 10.520 | Delta Dist 10 = 10.705 | Delta Dist 100 = 10.845 | Delta Dist 1000 = 9.304 | Episode Length = 50 | Episode Return = 23.0 | Evaluator Episodes = 813 | Evaluator Steps = 40650 | Final Dist = 0.794 | Final Dist 10 = 0.609 | Final Dist 100 = 0.468 | Final Dist 1000 = 2.010 | Init Dist = 11.314 | Init Dist 10 = 11.314 | Init Dist 100 = 11.314 | Init Dist 1000 = 11.314 | Learner Steps = 2397 | Learner Walltime = 377.481 | Min Dist = 0.068 | Min Dist 10 = 0.062 | Min Dist 100 = 0.064 | Min Dist 1000 = 1.281 | Steps Per Second = 95.871 | Success = 1.000 | Success 1000 = 0.565
I0528 14:53:51.996920 22918291473984 lp_utils.py:96] StepsLimiter: Reached 163900 recorded steps
I0528 14:53:52.330171 22895222769216 terminal.py:91] [Evaluator] Actor Episodes = 3278 | Actor Steps = 163900 | Delta Dist = 11.105 | Delta Dist 10 = 10.649 | Delta Dist 100 = 10.840 | Delta Dist 1000 = 9.308 | Episode Length = 50 | Episode Return = 23.0 | Evaluator Episodes = 815 | Evaluator Steps = 40750 | Final Dist = 0.209 | Final Dist 10 = 0.665 | Final Dist 100 = 0.474 | Final Dist 1000 = 2.006 | Init Dist = 11.314 | Init Dist 10 = 11.314 | Init Dist 100 = 11.314 | Init Dist 1000 = 11.314 | Learner Steps = 2405 | Learner Walltime = 378.640 | Min Dist = 0.130 | Min Dist 10 = 0.064 | Min Dist 100 = 0.065 | Min Dist 1000 = 1.278 | Steps Per Second = 91.153 | Success = 1.000 | Success 1000 = 0.566
I0528 14:53:53.832039 22895222769216 terminal.py:91] [Evaluator] Actor Episodes = 3292 | Actor Steps = 164600 | Delta Dist = 10.318 | Delta Dist 10 = 10.879 | Delta Dist 100 = 10.842 | Delta Dist 1000 = 9.314 | Episode Length = 50 | Episode Return = 27.0 | Evaluator Episodes = 818 | Evaluator Steps = 40900 | Final Dist = 0.995 | Final Dist 10 = 0.435 | Final Dist 100 = 0.472 | Final Dist 1000 = 1.999 | Init Dist = 11.314 | Init Dist 10 = 11.314 | Init Dist 100 = 11.314 | Init Dist 1000 = 11.314 | Learner Steps = 2420 | Learner Walltime = 381.089 | Min Dist = 0.139 | Min Dist 10 = 0.083 | Min Dist 100 = 0.067 | Min Dist 1000 = 1.274 | Steps Per Second = 82.929 | Success = 1.000 | Success 1000 = 0.568
I0528 14:53:54.244955 22892410500672 terminal.py:91] [Actor] Actor Episodes = 3300 | Actor Steps = 165000 | Delta Dist = 11.152 | Delta Dist 10 = 9.785 | Delta Dist 100 = 8.900 | Delta Dist 1000 = 8.610 | Episode Length = 50 | Episode Return = 23.0 | Evaluator Episodes = 818 | Evaluator Steps = 40900 | Final Dist = 0.162 | Final Dist 10 = 1.529 | Final Dist 100 = 2.414 | Final Dist 1000 = 2.703 | Init Dist = 11.314 | Init Dist 10 = 11.314 | Init Dist 100 = 11.314 | Init Dist 1000 = 11.314 | Learner Steps = 2420 | Learner Walltime = 381.089 | Min Dist = 0.149 | Min Dist 10 = 0.112 | Min Dist 100 = 0.312 | Min Dist 1000 = 0.281 | Steps Per Second = 100.050 | Success = 1.000 | Success 1000 = 0.992
I0528 14:53:54.836318 22895222769216 terminal.py:91] [Evaluator] Actor Episodes = 3300 | Actor Steps = 165000 | Delta Dist = 11.173 | Delta Dist 10 = 10.797 | Delta Dist 100 = 10.844 | Delta Dist 1000 = 9.317 | Episode Length = 50 | Episode Return = 24.0 | Evaluator Episodes = 820 | Evaluator Steps = 41000 | Final Dist = 0.141 | Final Dist 10 = 0.517 | Final Dist 100 = 0.470 | Final Dist 1000 = 1.997 | Init Dist = 11.314 | Init Dist 10 = 11.314 | Init Dist 100 = 11.314 | Init Dist 1000 = 11.314 | Learner Steps = 2420 | Learner Walltime = 381.089 | Min Dist = 0.081 | Min Dist 10 = 0.096 | Min Dist 100 = 0.068 | Min Dist 1000 = 1.271 | Steps Per Second = 93.525 | Success = 1.000 | Success 1000 = 0.569
I0528 14:53:55.421593 22892391589440 terminal.py:91] [Actor] Actor Episodes = 3308 | Actor Steps = 165400 | Delta Dist = 11.220 | Delta Dist 10 = 6.696 | Delta Dist 100 = 8.592 | Delta Dist 1000 = 8.610 | Episode Length = 50 | Episode Return = 27.0 | Evaluator Episodes = 820 | Evaluator Steps = 41000 | Final Dist = 0.094 | Final Dist 10 = 4.618 | Final Dist 100 = 2.722 | Final Dist 1000 = 2.704 | Init Dist = 11.314 | Init Dist 10 = 11.314 | Init Dist 100 = 11.314 | Init Dist 1000 = 11.314 | Learner Steps = 2428 | Learner Walltime = 382.136 | Min Dist = 0.094 | Min Dist 10 = 1.322 | Min Dist 100 = 0.433 | Min Dist 1000 = 0.292 | Steps Per Second = 104.404 | Success = 1.000 | Success 1000 = 0.992
I0528 14:53:56.095621 22892418905664 terminal.py:91] [Actor] Actor Episodes = 3305 | Actor Steps = 165250 | Delta Dist = 11.094 | Delta Dist 10 = 7.652 | Delta Dist 100 = 8.806 | Delta Dist 1000 = 8.625 | Episode Length = 50 | Episode Return = 24.0 | Evaluator Episodes = 820 | Evaluator Steps = 41000 | Final Dist = 0.219 | Final Dist 10 = 3.662 | Final Dist 100 = 2.508 | Final Dist 1000 = 2.688 | Init Dist = 11.314 | Init Dist 10 = 11.314 | Init Dist 100 = 11.314 | Init Dist 1000 = 11.314 | Learner Steps = 2428 | Learner Walltime = 382.136 | Min Dist = 0.081 | Min Dist 10 = 1.333 | Min Dist 100 = 0.322 | Min Dist 1000 = 0.291 | Steps Per Second = 104.436 | Success = 1.000 | Success 1000 = 0.993
I0528 14:53:56.122993 22892421006912 terminal.py:91] [Actor] Actor Episodes = 3307 | Actor Steps = 165350 | Delta Dist = 11.143 | Delta Dist 10 = 8.747 | Delta Dist 100 = 8.916 | Delta Dist 1000 = 8.636 | Episode Length = 50 | Episode Return = 27.0 | Evaluator Episodes = 820 | Evaluator Steps = 41000 | Final Dist = 0.171 | Final Dist 10 = 2.566 | Final Dist 100 = 2.397 | Final Dist 1000 = 2.678 | Init Dist = 11.314 | Init Dist 10 = 11.314 | Init Dist 100 = 11.314 | Init Dist 1000 = 11.314 | Learner Steps = 2428 | Learner Walltime = 382.136 | Min Dist = 0.169 | Min Dist 10 = 0.210 | Min Dist 100 = 0.322 | Min Dist 1000 = 0.291 | Steps Per Second = 109.165 | Success = 1.000 | Success 1000 = 0.993
I0528 14:53:56.361424 22895222769216 terminal.py:91] [Evaluator] Actor Episodes = 3311 | Actor Steps = 165550 | Delta Dist = 11.080 | Delta Dist 10 = 10.908 | Delta Dist 100 = 10.846 | Delta Dist 1000 = 9.324 | Episode Length = 50 | Episode Return = 26.0 | Evaluator Episodes = 823 | Evaluator Steps = 41150 | Final Dist = 0.234 | Final Dist 10 = 0.406 | Final Dist 100 = 0.468 | Final Dist 1000 = 1.990 | Init Dist = 11.314 | Init Dist 10 = 11.314 | Init Dist 100 = 11.314 | Init Dist 1000 = 11.314 | Learner Steps = 2434 | Learner Walltime = 383.148 | Min Dist = 0.146 | Min Dist 10 = 0.109 | Min Dist 100 = 0.069 | Min Dist 1000 = 1.267 | Steps Per Second = 85.743 | Success = 1.000 | Success 1000 = 0.571
I0528 14:53:57.267186 22863692109376 terminal.py:91] [Learner] Actor Episodes = 3321 | Actor Loss = 6.721466541290283 | Actor Steps = 166050 | Binary Accuracy = 0.9960501194000244 | Categorical Accuracy = 0.10888671875 | Critic Loss = 3.9364733695983887 | Entropy Mean = -10.150274276733398 | Evaluator Episodes = 823 | Evaluator Steps = 41150 | Learner Steps = 2442 | Learner Walltime = 384.533 | Logits Neg = -15.631378173828125 | Logits Pos = -3.9221537113189697 | Logsumexp = 0.4644491672515869 | Steps Per Second = 268.399
I0528 14:53:57.783883 22895222769216 terminal.py:91] [Evaluator] Actor Episodes = 3323 | Actor Steps = 166150 | Delta Dist = 11.036 | Delta Dist 10 = 10.950 | Delta Dist 100 = 10.846 | Delta Dist 1000 = 9.330 | Episode Length = 50 | Episode Return = 23.0 | Evaluator Episodes = 826 | Evaluator Steps = 41300 | Final Dist = 0.278 | Final Dist 10 = 0.364 | Final Dist 100 = 0.467 | Final Dist 1000 = 1.984 | Init Dist = 11.314 | Init Dist 10 = 11.314 | Init Dist 100 = 11.314 | Init Dist 1000 = 11.314 | Learner Steps = 2441 | Learner Walltime = 384.294 | Min Dist = 0.100 | Min Dist 10 = 0.116 | Min Dist 100 = 0.070 | Min Dist 1000 = 1.263 | Steps Per Second = 96.112 | Success = 1.000 | Success 1000 = 0.572
I0528 14:53:59.290088 22895222769216 terminal.py:91] [Evaluator] Actor Episodes = 3336 | Actor Steps = 166800 | Delta Dist = 10.318 | Delta Dist 10 = 11.016 | Delta Dist 100 = 10.846 | Delta Dist 1000 = 9.336 | Episode Length = 50 | Episode Return = 25.0 | Evaluator Episodes = 829 | Evaluator Steps = 41450 | Final Dist = 0.996 | Final Dist 10 = 0.298 | Final Dist 100 = 0.468 | Final Dist 1000 = 1.978 | Init Dist = 11.314 | Init Dist 10 = 11.314 | Init Dist 100 = 11.314 | Init Dist 1000 = 11.314 | Learner Steps = 2455 | Learner Walltime = 386.551 | Min Dist = 0.091 | Min Dist 10 = 0.105 | Min Dist 100 = 0.071 | Min Dist 1000 = 1.258 | Steps Per Second = 90.888 | Success = 1.000 | Success 1000 = 0.574
I0528 14:54:00.710261 22895222769216 terminal.py:91] [Evaluator] Actor Episodes = 3348 | Actor Steps = 167400 | Delta Dist = 11.133 | Delta Dist 10 = 11.024 | Delta Dist 100 = 10.850 | Delta Dist 1000 = 9.342 | Episode Length = 50 | Episode Return = 26.0 | Evaluator Episodes = 832 | Evaluator Steps = 41600 | Final Dist = 0.180 | Final Dist 10 = 0.289 | Final Dist 100 = 0.464 | Final Dist 1000 = 1.972 | Init Dist = 11.314 | Init Dist 10 = 11.314 | Init Dist 100 = 11.314 | Init Dist 1000 = 11.314 | Learner Steps = 2461 | Learner Walltime = 387.599 | Min Dist = 0.110 | Min Dist 10 = 0.096 | Min Dist 100 = 0.070 | Min Dist 1000 = 1.254 | Steps Per Second = 94.975 | Success = 1.000 | Success 1000 = 0.575
I0528 14:54:01.820717 22895222769216 terminal.py:91] [Evaluator] Actor Episodes = 3359 | Actor Steps = 167950 | Delta Dist = 11.010 | Delta Dist 10 = 11.020 | Delta Dist 100 = 10.850 | Delta Dist 1000 = 9.346 | Episode Length = 50 | Episode Return = 24.0 | Evaluator Episodes = 834 | Evaluator Steps = 41700 | Final Dist = 0.304 | Final Dist 10 = 0.294 | Final Dist 100 = 0.464 | Final Dist 1000 = 1.968 | Init Dist = 11.314 | Init Dist 10 = 11.314 | Init Dist 100 = 11.314 | Init Dist 1000 = 11.314 | Learner Steps = 2468 | Learner Walltime = 388.783 | Min Dist = 0.057 | Min Dist 10 = 0.084 | Min Dist 100 = 0.070 | Min Dist 1000 = 1.251 | Steps Per Second = 83.414 | Success = 1.000 | Success 1000 = 0.576
I0528 14:54:02.014340 22918291473984 lp_utils.py:96] StepsLimiter: Reached 168050 recorded steps
I0528 14:54:02.161430 22918293575232 savers.py:156] Saving checkpoint: /home/gliu2/rebuttal/checkpoints/contrastive_cpc_point_FourRooms_0/checkpoints/counter
I0528 14:54:02.889861 22895222769216 terminal.py:91] [Evaluator] Actor Episodes = 3365 | Actor Steps = 168250 | Delta Dist = 11.182 | Delta Dist 10 = 10.949 | Delta Dist 100 = 10.851 | Delta Dist 1000 = 9.349 | Episode Length = 50 | Episode Return = 24.0 | Evaluator Episodes = 836 | Evaluator Steps = 41800 | Final Dist = 0.132 | Final Dist 10 = 0.364 | Final Dist 100 = 0.463 | Final Dist 1000 = 1.965 | Init Dist = 11.314 | Init Dist 10 = 11.314 | Init Dist 100 = 11.314 | Init Dist 1000 = 11.314 | Learner Steps = 2474 | Learner Walltime = 389.862 | Min Dist = 0.076 | Min Dist 10 = 0.078 | Min Dist 100 = 0.071 | Min Dist 1000 = 1.248 | Steps Per Second = 86.041 | Success = 1.000 | Success 1000 = 0.577
I0528 14:54:04.515902 22895222769216 terminal.py:91] [Evaluator] Actor Episodes = 3378 | Actor Steps = 168900 | Delta Dist = 11.020 | Delta Dist 10 = 10.958 | Delta Dist 100 = 10.863 | Delta Dist 1000 = 9.356 | Episode Length = 50 | Episode Return = 25.0 | Evaluator Episodes = 839 | Evaluator Steps = 41950 | Final Dist = 0.293 | Final Dist 10 = 0.355 | Final Dist 100 = 0.450 | Final Dist 1000 = 1.958 | Init Dist = 11.314 | Init Dist 10 = 11.314 | Init Dist 100 = 11.314 | Init Dist 1000 = 11.314 | Learner Steps = 2480 | Learner Walltime = 390.978 | Min Dist = 0.144 | Min Dist 10 = 0.068 | Min Dist 100 = 0.070 | Min Dist 1000 = 1.244 | Steps Per Second = 77.828 | Success = 1.000 | Success 1000 = 0.579
I0528 14:54:04.617189 22892410500672 terminal.py:91] [Actor] Actor Episodes = 3376 | Actor Steps = 168800 | Delta Dist = 11.084 | Delta Dist 10 = 10.829 | Delta Dist 100 = 9.142 | Delta Dist 1000 = 8.682 | Episode Length = 50 | Episode Return = 27.0 | Evaluator Episodes = 836 | Evaluator Steps = 41800 | Final Dist = 0.230 | Final Dist 10 = 0.485 | Final Dist 100 = 2.172 | Final Dist 1000 = 2.631 | Init Dist = 11.314 | Init Dist 10 = 11.314 | Init Dist 100 = 11.314 | Init Dist 1000 = 11.314 | Learner Steps = 2480 | Learner Walltime = 390.978 | Min Dist = 0.079 | Min Dist 10 = 0.107 | Min Dist 100 = 0.221 | Min Dist 1000 = 0.282 | Steps Per Second = 91.116 | Success = 1.000 | Success 1000 = 0.993
I0528 14:54:05.747825 22892391589440 terminal.py:91] [Actor] Actor Episodes = 3382 | Actor Steps = 169100 | Delta Dist = 11.090 | Delta Dist 10 = 10.255 | Delta Dist 100 = 9.089 | Delta Dist 1000 = 8.696 | Episode Length = 50 | Episode Return = 24.0 | Evaluator Episodes = 839 | Evaluator Steps = 41950 | Final Dist = 0.224 | Final Dist 10 = 1.058 | Final Dist 100 = 2.225 | Final Dist 1000 = 2.617 | Init Dist = 11.314 | Init Dist 10 = 11.314 | Init Dist 100 = 11.314 | Init Dist 1000 = 11.314 | Learner Steps = 2486 | Learner Walltime = 391.984 | Min Dist = 0.084 | Min Dist 10 = 0.086 | Min Dist 100 = 0.221 | Min Dist 1000 = 0.270 | Steps Per Second = 93.556 | Success = 1.000 | Success 1000 = 0.993
I0528 14:54:05.967586 22895222769216 terminal.py:91] [Evaluator] Actor Episodes = 3387 | Actor Steps = 169350 | Delta Dist = 11.255 | Delta Dist 10 = 10.997 | Delta Dist 100 = 10.868 | Delta Dist 1000 = 9.362 | Episode Length = 50 | Episode Return = 25.0 | Evaluator Episodes = 842 | Evaluator Steps = 42100 | Final Dist = 0.059 | Final Dist 10 = 0.316 | Final Dist 100 = 0.446 | Final Dist 1000 = 1.952 | Init Dist = 11.314 | Init Dist 10 = 11.314 | Init Dist 100 = 11.314 | Init Dist 1000 = 11.314 | Learner Steps = 2494 | Learner Walltime = 393.039 | Min Dist = 0.059 | Min Dist 10 = 0.077 | Min Dist 100 = 0.071 | Min Dist 1000 = 1.240 | Steps Per Second = 94.573 | Success = 1.000 | Success 1000 = 0.580
I0528 14:54:06.283766 22892418905664 terminal.py:91] [Actor] Actor Episodes = 3395 | Actor Steps = 169750 | Delta Dist = 10.172 | Delta Dist 10 = 10.088 | Delta Dist 100 = 9.180 | Delta Dist 1000 = 8.711 | Episode Length = 50 | Episode Return = 22.0 | Evaluator Episodes = 842 | Evaluator Steps = 42100 | Final Dist = 1.142 | Final Dist 10 = 1.226 | Final Dist 100 = 2.134 | Final Dist 1000 = 2.603 | Init Dist = 11.314 | Init Dist 10 = 11.314 | Init Dist 100 = 11.314 | Init Dist 1000 = 11.314 | Learner Steps = 2494 | Learner Walltime = 393.039 | Min Dist = 0.138 | Min Dist 10 = 0.081 | Min Dist 100 = 0.221 | Min Dist 1000 = 0.259 | Steps Per Second = 104.183 | Success = 1.000 | Success 1000 = 0.993
I0528 14:54:06.429751 22892421006912 terminal.py:91] [Actor] Actor Episodes = 3388 | Actor Steps = 169400 | Delta Dist = 11.138 | Delta Dist 10 = 10.093 | Delta Dist 100 = 9.180 | Delta Dist 1000 = 8.714 | Episode Length = 50 | Episode Return = 29.0 | Evaluator Episodes = 839 | Evaluator Steps = 41950 | Final Dist = 0.175 | Final Dist 10 = 1.220 | Final Dist 100 = 2.134 | Final Dist 1000 = 2.600 | Init Dist = 11.314 | Init Dist 10 = 11.314 | Init Dist 100 = 11.314 | Init Dist 1000 = 11.314 | Learner Steps = 2494 | Learner Walltime = 393.039 | Min Dist = 0.120 | Min Dist 10 = 0.087 | Min Dist 100 = 0.221 | Min Dist 1000 = 0.259 | Steps Per Second = 102.461 | Success = 1.000 | Success 1000 = 0.993
I0528 14:54:07.002878 22895222769216 terminal.py:91] [Evaluator] Actor Episodes = 3395 | Actor Steps = 169750 | Delta Dist = 10.948 | Delta Dist 10 = 11.018 | Delta Dist 100 = 10.885 | Delta Dist 1000 = 9.366 | Episode Length = 50 | Episode Return = 26.0 | Evaluator Episodes = 844 | Evaluator Steps = 42200 | Final Dist = 0.366 | Final Dist 10 = 0.296 | Final Dist 100 = 0.429 | Final Dist 1000 = 1.948 | Init Dist = 11.314 | Init Dist 10 = 11.314 | Init Dist 100 = 11.314 | Init Dist 1000 = 11.314 | Learner Steps = 2501 | Learner Walltime = 394.130 | Min Dist = 0.063 | Min Dist 10 = 0.084 | Min Dist 100 = 0.072 | Min Dist 1000 = 1.237 | Steps Per Second = 93.472 | Success = 1.000 | Success 1000 = 0.581
I0528 14:54:07.374650 22863692109376 terminal.py:91] [Learner] Actor Episodes = 3395 | Actor Loss = 6.743781089782715 | Actor Steps = 169750 | Binary Accuracy = 0.9960613250732422 | Categorical Accuracy = 0.103515625 | Critic Loss = 3.9544405937194824 | Entropy Mean = -3.521280527114868 | Evaluator Episodes = 842 | Evaluator Steps = 42100 | Learner Steps = 2504 | Learner Walltime = 394.643 | Logits Neg = -15.761785507202148 | Logits Pos = -3.953500509262085 | Logsumexp = 0.3917574882507324 | Steps Per Second = 513.402
I0528 14:54:08.500773 22895222769216 terminal.py:91] [Evaluator] Actor Episodes = 3406 | Actor Steps = 170300 | Delta Dist = 11.056 | Delta Dist 10 = 11.013 | Delta Dist 100 = 10.885 | Delta Dist 1000 = 9.371 | Episode Length = 50 | Episode Return = 25.0 | Evaluator Episodes = 847 | Evaluator Steps = 42350 | Final Dist = 0.258 | Final Dist 10 = 0.301 | Final Dist 100 = 0.428 | Final Dist 1000 = 1.943 | Init Dist = 11.314 | Init Dist 10 = 11.314 | Init Dist 100 = 11.314 | Init Dist 1000 = 11.314 | Learner Steps = 2507 | Learner Walltime = 395.196 | Min Dist = 0.147 | Min Dist 10 = 0.072 | Min Dist 100 = 0.072 | Min Dist 1000 = 1.233 | Steps Per Second = 99.776 | Success = 1.000 | Success 1000 = 0.583
I0528 14:54:09.950623 22895222769216 terminal.py:91] [Evaluator] Actor Episodes = 3419 | Actor Steps = 170950 | Delta Dist = 11.092 | Delta Dist 10 = 11.028 | Delta Dist 100 = 10.888 | Delta Dist 1000 = 9.377 | Episode Length = 50 | Episode Return = 26.0 | Evaluator Episodes = 850 | Evaluator Steps = 42500 | Final Dist = 0.221 | Final Dist 10 = 0.285 | Final Dist 100 = 0.426 | Final Dist 1000 = 1.937 | Init Dist = 11.314 | Init Dist 10 = 11.314 | Init Dist 100 = 11.314 | Init Dist 1000 = 11.314 | Learner Steps = 2514 | Learner Walltime = 396.245 | Min Dist = 0.118 | Min Dist 10 = 0.081 | Min Dist 100 = 0.074 | Min Dist 1000 = 1.229 | Steps Per Second = 93.144 | Success = 1.000 | Success 1000 = 0.584
I0528 14:54:10.976063 22895222769216 terminal.py:91] [Evaluator] Actor Episodes = 3427 | Actor Steps = 171350 | Delta Dist = 11.026 | Delta Dist 10 = 11.040 | Delta Dist 100 = 10.891 | Delta Dist 1000 = 9.381 | Episode Length = 50 | Episode Return = 24.0 | Evaluator Episodes = 852 | Evaluator Steps = 42600 | Final Dist = 0.287 | Final Dist 10 = 0.273 | Final Dist 100 = 0.423 | Final Dist 1000 = 1.932 | Init Dist = 11.314 | Init Dist 10 = 11.314 | Init Dist 100 = 11.314 | Init Dist 1000 = 11.314 | Learner Steps = 2521 | Learner Walltime = 397.459 | Min Dist = 0.077 | Min Dist 10 = 0.084 | Min Dist 100 = 0.074 | Min Dist 1000 = 1.226 | Steps Per Second = 100.982 | Success = 1.000 | Success 1000 = 0.585
I0528 14:54:12.031991 22918291473984 lp_utils.py:96] StepsLimiter: Reached 171750 recorded steps
I0528 14:54:12.084058 22895222769216 terminal.py:91] [Evaluator] Actor Episodes = 3435 | Actor Steps = 171750 | Delta Dist = 11.100 | Delta Dist 10 = 11.009 | Delta Dist 100 = 10.890 | Delta Dist 1000 = 9.385 | Episode Length = 50 | Episode Return = 23.0 | Evaluator Episodes = 854 | Evaluator Steps = 42700 | Final Dist = 0.214 | Final Dist 10 = 0.305 | Final Dist 100 = 0.424 | Final Dist 1000 = 1.929 | Init Dist = 11.314 | Init Dist 10 = 11.314 | Init Dist 100 = 11.314 | Init Dist 1000 = 11.314 | Learner Steps = 2528 | Learner Walltime = 398.549 | Min Dist = 0.007 | Min Dist 10 = 0.076 | Min Dist 100 = 0.074 | Min Dist 1000 = 1.224 | Steps Per Second = 91.518 | Success = 1.000 | Success 1000 = 0.586
I0528 14:54:13.374529 22895222769216 terminal.py:91] [Evaluator] Actor Episodes = 3445 | Actor Steps = 172250 | Delta Dist = 10.283 | Delta Dist 10 = 10.998 | Delta Dist 100 = 10.877 | Delta Dist 1000 = 9.388 | Episode Length = 50 | Episode Return = 26.0 | Evaluator Episodes = 856 | Evaluator Steps = 42800 | Final Dist = 1.031 | Final Dist 10 = 0.316 | Final Dist 100 = 0.436 | Final Dist 1000 = 1.926 | Init Dist = 11.314 | Init Dist 10 = 11.314 | Init Dist 100 = 11.314 | Init Dist 1000 = 11.314 | Learner Steps = 2534 | Learner Walltime = 399.677 | Min Dist = 0.099 | Min Dist 10 = 0.078 | Min Dist 100 = 0.074 | Min Dist 1000 = 1.221 | Steps Per Second = 77.282 | Success = 1.000 | Success 1000 = 0.587
I0528 14:54:14.689738 22895222769216 terminal.py:91] [Evaluator] Actor Episodes = 3453 | Actor Steps = 172650 | Delta Dist = 11.075 | Delta Dist 10 = 10.830 | Delta Dist 100 = 10.871 | Delta Dist 1000 = 9.390 | Episode Length = 50 | Episode Return = 25.0 | Evaluator Episodes = 858 | Evaluator Steps = 42900 | Final Dist = 0.238 | Final Dist 10 = 0.484 | Final Dist 100 = 0.443 | Final Dist 1000 = 1.924 | Init Dist = 11.314 | Init Dist 10 = 11.314 | Init Dist 100 = 11.314 | Init Dist 1000 = 11.314 | Learner Steps = 2540 | Learner Walltime = 400.946 | Min Dist = 0.072 | Min Dist 10 = 0.078 | Min Dist 100 = 0.074 | Min Dist 1000 = 1.218 | Steps Per Second = 73.669 | Success = 1.000 | Success 1000 = 0.588
I0528 14:54:14.752946 22892410500672 terminal.py:91] [Actor] Actor Episodes = 3455 | Actor Steps = 172750 | Delta Dist = 10.369 | Delta Dist 10 = 8.951 | Delta Dist 100 = 8.973 | Delta Dist 1000 = 8.695 | Episode Length = 50 | Episode Return = 28.0 | Evaluator Episodes = 858 | Evaluator Steps = 42900 | Final Dist = 0.945 | Final Dist 10 = 2.362 | Final Dist 100 = 2.341 | Final Dist 1000 = 2.618 | Init Dist = 11.314 | Init Dist 10 = 11.314 | Init Dist 100 = 11.314 | Init Dist 1000 = 11.314 | Learner Steps = 2546 | Learner Walltime = 401.963 | Min Dist = 0.049 | Min Dist 10 = 0.118 | Min Dist 100 = 0.204 | Min Dist 1000 = 0.251 | Steps Per Second = 84.609 | Success = 1.000 | Success 1000 = 0.995
I0528 14:54:15.809861 22892391589440 terminal.py:91] [Actor] Actor Episodes = 3462 | Actor Steps = 173100 | Delta Dist = 11.208 | Delta Dist 10 = 9.706 | Delta Dist 100 = 9.016 | Delta Dist 1000 = 8.698 | Episode Length = 50 | Episode Return = 25.0 | Evaluator Episodes = 858 | Evaluator Steps = 42900 | Final Dist = 0.105 | Final Dist 10 = 1.607 | Final Dist 100 = 2.297 | Final Dist 1000 = 2.616 | Init Dist = 11.314 | Init Dist 10 = 11.314 | Init Dist 100 = 11.314 | Init Dist 1000 = 11.314 | Learner Steps = 2546 | Learner Walltime = 401.963 | Min Dist = 0.089 | Min Dist 10 = 0.113 | Min Dist 100 = 0.209 | Min Dist 1000 = 0.240 | Steps Per Second = 109.186 | Success = 1.000 | Success 1000 = 0.995
I0528 14:54:16.183835 22895222769216 terminal.py:91] [Evaluator] Actor Episodes = 3461 | Actor Steps = 173050 | Delta Dist = 11.114 | Delta Dist 10 = 10.819 | Delta Dist 100 = 10.872 | Delta Dist 1000 = 9.396 | Episode Length = 50 | Episode Return = 23.0 | Evaluator Episodes = 861 | Evaluator Steps = 43050 | Final Dist = 0.200 | Final Dist 10 = 0.494 | Final Dist 100 = 0.441 | Final Dist 1000 = 1.918 | Init Dist = 11.314 | Init Dist 10 = 11.314 | Init Dist 100 = 11.314 | Init Dist 1000 = 11.314 | Learner Steps = 2553 | Learner Walltime = 403.045 | Min Dist = 0.071 | Min Dist 10 = 0.078 | Min Dist 100 = 0.076 | Min Dist 1000 = 1.214 | Steps Per Second = 97.564 | Success = 1.000 | Success 1000 = 0.590
I0528 14:54:16.394552 22892418905664 terminal.py:91] [Actor] Actor Episodes = 3467 | Actor Steps = 173350 | Delta Dist = -0.074 | Delta Dist 10 = 6.781 | Delta Dist 100 = 8.896 | Delta Dist 1000 = 8.677 | Episode Length = 50 | Episode Return = 24.0 | Evaluator Episodes = 861 | Evaluator Steps = 43050 | Final Dist = 11.388 | Final Dist 10 = 4.532 | Final Dist 100 = 2.418 | Final Dist 1000 = 2.636 | Init Dist = 11.314 | Init Dist 10 = 11.314 | Init Dist 100 = 11.314 | Init Dist 1000 = 11.314 | Learner Steps = 2553 | Learner Walltime = 403.045 | Min Dist = 0.351 | Min Dist 10 = 0.130 | Min Dist 100 = 0.212 | Min Dist 1000 = 0.240 | Steps Per Second = 94.445 | Success = 1.000 | Success 1000 = 0.995
I0528 14:54:16.632232 22892421006912 terminal.py:91] [Actor] Actor Episodes = 3470 | Actor Steps = 173500 | Delta Dist = 10.315 | Delta Dist 10 = 7.143 | Delta Dist 100 = 8.915 | Delta Dist 1000 = 8.677 | Episode Length = 50 | Episode Return = 26.0 | Evaluator Episodes = 861 | Evaluator Steps = 43050 | Final Dist = 0.998 | Final Dist 10 = 4.170 | Final Dist 100 = 2.398 | Final Dist 1000 = 2.637 | Init Dist = 11.314 | Init Dist 10 = 11.314 | Init Dist 100 = 11.314 | Init Dist 1000 = 11.314 | Learner Steps = 2553 | Learner Walltime = 403.045 | Min Dist = 0.083 | Min Dist 10 = 0.137 | Min Dist 100 = 0.213 | Min Dist 1000 = 0.240 | Steps Per Second = 87.522 | Success = 1.000 | Success 1000 = 0.995
I0528 14:54:17.195441 22895222769216 terminal.py:91] [Evaluator] Actor Episodes = 3473 | Actor Steps = 173650 | Delta Dist = 11.105 | Delta Dist 10 = 10.745 | Delta Dist 100 = 10.872 | Delta Dist 1000 = 9.399 | Episode Length = 50 | Episode Return = 26.0 | Evaluator Episodes = 863 | Evaluator Steps = 43150 | Final Dist = 0.209 | Final Dist 10 = 0.568 | Final Dist 100 = 0.441 | Final Dist 1000 = 1.915 | Init Dist = 11.314 | Init Dist 10 = 11.314 | Init Dist 100 = 11.314 | Init Dist 1000 = 11.314 | Learner Steps = 2558 | Learner Walltime = 404.160 | Min Dist = 0.059 | Min Dist 10 = 0.081 | Min Dist 100 = 0.077 | Min Dist 1000 = 1.212 | Steps Per Second = 98.112 | Success = 1.000 | Success 1000 = 0.590
I0528 14:54:17.494580 22863692109376 terminal.py:91] [Learner] Actor Episodes = 3473 | Actor Loss = 6.8224639892578125 | Actor Steps = 173650 | Binary Accuracy = 0.996065616607666 | Categorical Accuracy = 0.1180419921875 | Critic Loss = 3.881805419921875 | Entropy Mean = -7.086534023284912 | Evaluator Episodes = 861 | Evaluator Steps = 43050 | Learner Steps = 2562 | Learner Walltime = 404.762 | Logits Neg = -15.779141426086426 | Logits Pos = -3.8616714477539062 | Logsumexp = 0.38470458984375 | Steps Per Second = 455.009
I0528 14:54:18.269737 22895222769216 terminal.py:91] [Evaluator] Actor Episodes = 3482 | Actor Steps = 174100 | Delta Dist = 11.068 | Delta Dist 10 = 10.752 | Delta Dist 100 = 10.872 | Delta Dist 1000 = 9.403 | Episode Length = 50 | Episode Return = 30.0 | Evaluator Episodes = 865 | Evaluator Steps = 43250 | Final Dist = 0.246 | Final Dist 10 = 0.561 | Final Dist 100 = 0.442 | Final Dist 1000 = 1.911 | Init Dist = 11.314 | Init Dist 10 = 11.314 | Init Dist 100 = 11.314 | Init Dist 1000 = 11.314 | Learner Steps = 2565 | Learner Walltime = 405.205 | Min Dist = 0.109 | Min Dist 10 = 0.085 | Min Dist 100 = 0.078 | Min Dist 1000 = 1.209 | Steps Per Second = 103.461 | Success = 1.000 | Success 1000 = 0.591
I0528 14:54:19.513978 22895222769216 terminal.py:91] [Evaluator] Actor Episodes = 3492 | Actor Steps = 174600 | Delta Dist = 11.100 | Delta Dist 10 = 10.929 | Delta Dist 100 = 10.872 | Delta Dist 1000 = 9.407 | Episode Length = 50 | Episode Return = 26.0 | Evaluator Episodes = 867 | Evaluator Steps = 43350 | Final Dist = 0.214 | Final Dist 10 = 0.384 | Final Dist 100 = 0.442 | Final Dist 1000 = 1.907 | Init Dist = 11.314 | Init Dist 10 = 11.314 | Init Dist 100 = 11.314 | Init Dist 1000 = 11.314 | Learner Steps = 2572 | Learner Walltime = 406.356 | Min Dist = 0.115 | Min Dist 10 = 0.079 | Min Dist 100 = 0.078 | Min Dist 1000 = 1.207 | Steps Per Second = 92.999 | Success = 1.000 | Success 1000 = 0.592
I0528 14:54:20.599256 22895222769216 terminal.py:91] [Evaluator] Actor Episodes = 3500 | Actor Steps = 175000 | Delta Dist = 11.098 | Delta Dist 10 = 11.022 | Delta Dist 100 = 10.881 | Delta Dist 1000 = 9.411 | Episode Length = 50 | Episode Return = 29.0 | Evaluator Episodes = 869 | Evaluator Steps = 43450 | Final Dist = 0.216 | Final Dist 10 = 0.291 | Final Dist 100 = 0.433 | Final Dist 1000 = 1.903 | Init Dist = 11.314 | Init Dist 10 = 11.314 | Init Dist 100 = 11.314 | Init Dist 1000 = 11.314 | Learner Steps = 2578 | Learner Walltime = 407.394 | Min Dist = 0.023 | Min Dist 10 = 0.085 | Min Dist 100 = 0.079 | Min Dist 1000 = 1.204 | Steps Per Second = 86.444 | Success = 1.000 | Success 1000 = 0.593
I0528 14:54:21.801231 22895222769216 terminal.py:91] [Evaluator] Actor Episodes = 3508 | Actor Steps = 175400 | Delta Dist = 11.075 | Delta Dist 10 = 11.023 | Delta Dist 100 = 10.881 | Delta Dist 1000 = 9.415 | Episode Length = 50 | Episode Return = 26.0 | Evaluator Episodes = 871 | Evaluator Steps = 43550 | Final Dist = 0.239 | Final Dist 10 = 0.291 | Final Dist 100 = 0.432 | Final Dist 1000 = 1.899 | Init Dist = 11.314 | Init Dist 10 = 11.314 | Init Dist 100 = 11.314 | Init Dist 1000 = 11.314 | Learner Steps = 2583 | Learner Walltime = 408.401 | Min Dist = 0.099 | Min Dist 10 = 0.076 | Min Dist 100 = 0.079 | Min Dist 1000 = 1.201 | Steps Per Second = 79.412 | Success = 1.000 | Success 1000 = 0.594
I0528 14:54:22.048213 22918291473984 lp_utils.py:96] StepsLimiter: Reached 175500 recorded steps
I0528 14:54:22.831069 22895222769216 terminal.py:91] [Evaluator] Actor Episodes = 3514 | Actor Steps = 175700 | Delta Dist = 11.087 | Delta Dist 10 = 11.096 | Delta Dist 100 = 10.889 | Delta Dist 1000 = 9.418 | Episode Length = 50 | Episode Return = 26.0 | Evaluator Episodes = 873 | Evaluator Steps = 43650 | Final Dist = 0.227 | Final Dist 10 = 0.218 | Final Dist 100 = 0.425 | Final Dist 1000 = 1.895 | Init Dist = 11.314 | Init Dist 10 = 11.314 | Init Dist 100 = 11.314 | Init Dist 1000 = 11.314 | Learner Steps = 2590 | Learner Walltime = 409.466 | Min Dist = 0.061 | Min Dist 10 = 0.078 | Min Dist 100 = 0.079 | Min Dist 1000 = 1.199 | Steps Per Second = 87.583 | Success = 1.000 | Success 1000 = 0.595
I0528 14:54:23.898476 22895222769216 terminal.py:91] [Evaluator] Actor Episodes = 3522 | Actor Steps = 176100 | Delta Dist = 10.349 | Delta Dist 10 = 11.098 | Delta Dist 100 = 10.898 | Delta Dist 1000 = 9.422 | Episode Length = 50 | Episode Return = 25.0 | Evaluator Episodes = 875 | Evaluator Steps = 43750 | Final Dist = 0.965 | Final Dist 10 = 0.216 | Final Dist 100 = 0.416 | Final Dist 1000 = 1.891 | Init Dist = 11.314 | Init Dist 10 = 11.314 | Init Dist 100 = 11.314 | Init Dist 1000 = 11.314 | Learner Steps = 2596 | Learner Walltime = 410.571 | Min Dist = 0.084 | Min Dist 10 = 0.085 | Min Dist 100 = 0.079 | Min Dist 1000 = 1.196 | Steps Per Second = 102.217 | Success = 1.000 | Success 1000 = 0.596
I0528 14:54:25.007937 22892410500672 terminal.py:91] [Actor] Actor Episodes = 3532 | Actor Steps = 176600 | Delta Dist = 0.839 | Delta Dist 10 = 9.152 | Delta Dist 100 = 8.399 | Delta Dist 1000 = 8.642 | Episode Length = 50 | Episode Return = 25.0 | Evaluator Episodes = 875 | Evaluator Steps = 43750 | Final Dist = 10.475 | Final Dist 10 = 2.161 | Final Dist 100 = 2.915 | Final Dist 1000 = 2.672 | Init Dist = 11.314 | Init Dist 10 = 11.314 | Init Dist 100 = 11.314 | Init Dist 1000 = 11.314 | Learner Steps = 2603 | Learner Walltime = 411.833 | Min Dist = 0.135 | Min Dist 10 = 0.087 | Min Dist 100 = 0.215 | Min Dist 1000 = 0.219 | Steps Per Second = 93.787 | Success = 1.000 | Success 1000 = 0.996
I0528 14:54:25.092478 22895222769216 terminal.py:91] [Evaluator] Actor Episodes = 3532 | Actor Steps = 176600 | Delta Dist = 10.219 | Delta Dist 10 = 11.006 | Delta Dist 100 = 10.889 | Delta Dist 1000 = 9.425 | Episode Length = 50 | Episode Return = 21.0 | Evaluator Episodes = 877 | Evaluator Steps = 43850 | Final Dist = 1.095 | Final Dist 10 = 0.308 | Final Dist 100 = 0.425 | Final Dist 1000 = 1.889 | Init Dist = 11.314 | Init Dist 10 = 11.314 | Init Dist 100 = 11.314 | Init Dist 1000 = 11.314 | Learner Steps = 2603 | Learner Walltime = 411.833 | Min Dist = 0.084 | Min Dist 10 = 0.092 | Min Dist 100 = 0.081 | Min Dist 1000 = 1.194 | Steps Per Second = 84.542 | Success = 1.000 | Success 1000 = 0.597
I0528 14:54:26.026896 22892391589440 terminal.py:91] [Actor] Actor Episodes = 3539 | Actor Steps = 176950 | Delta Dist = 11.098 | Delta Dist 10 = 9.377 | Delta Dist 100 = 8.503 | Delta Dist 1000 = 8.648 | Episode Length = 50 | Episode Return = 26.0 | Evaluator Episodes = 877 | Evaluator Steps = 43850 | Final Dist = 0.216 | Final Dist 10 = 1.937 | Final Dist 100 = 2.811 | Final Dist 1000 = 2.666 | Init Dist = 11.314 | Init Dist 10 = 11.314 | Init Dist 100 = 11.314 | Init Dist 1000 = 11.314 | Learner Steps = 2603 | Learner Walltime = 411.833 | Min Dist = 0.042 | Min Dist 10 = 0.074 | Min Dist 100 = 0.104 | Min Dist 1000 = 0.219 | Steps Per Second = 101.179 | Success = 1.000 | Success 1000 = 0.996
I0528 14:54:26.172792 22895222769216 terminal.py:91] [Evaluator] Actor Episodes = 3540 | Actor Steps = 177000 | Delta Dist = 11.192 | Delta Dist 10 = 10.912 | Delta Dist 100 = 10.886 | Delta Dist 1000 = 9.428 | Episode Length = 50 | Episode Return = 26.0 | Evaluator Episodes = 879 | Evaluator Steps = 43950 | Final Dist = 0.122 | Final Dist 10 = 0.402 | Final Dist 100 = 0.428 | Final Dist 1000 = 1.886 | Init Dist = 11.314 | Init Dist 10 = 11.314 | Init Dist 100 = 11.314 | Init Dist 1000 = 11.314 | Learner Steps = 2610 | Learner Walltime = 412.861 | Min Dist = 0.058 | Min Dist 10 = 0.088 | Min Dist 100 = 0.081 | Min Dist 1000 = 1.191 | Steps Per Second = 103.578 | Success = 1.000 | Success 1000 = 0.598
I0528 14:54:26.748998 22892421006912 terminal.py:91] [Actor] Actor Episodes = 3543 | Actor Steps = 177150 | Delta Dist = 11.085 | Delta Dist 10 = 7.594 | Delta Dist 100 = 8.509 | Delta Dist 1000 = 8.635 | Episode Length = 50 | Episode Return = 26.0 | Evaluator Episodes = 879 | Evaluator Steps = 43950 | Final Dist = 0.229 | Final Dist 10 = 3.720 | Final Dist 100 = 2.804 | Final Dist 1000 = 2.679 | Init Dist = 11.314 | Init Dist 10 = 11.314 | Init Dist 100 = 11.314 | Init Dist 1000 = 11.314 | Learner Steps = 2610 | Learner Walltime = 412.861 | Min Dist = 0.042 | Min Dist 10 = 0.095 | Min Dist 100 = 0.105 | Min Dist 1000 = 0.219 | Steps Per Second = 105.985 | Success = 1.000 | Success 1000 = 0.996
I0528 14:54:26.823721 22892418905664 terminal.py:91] [Actor] Actor Episodes = 3545 | Actor Steps = 177250 | Delta Dist = 11.107 | Delta Dist 10 = 7.669 | Delta Dist 100 = 8.518 | Delta Dist 1000 = 8.642 | Episode Length = 50 | Episode Return = 28.0 | Evaluator Episodes = 879 | Evaluator Steps = 43950 | Final Dist = 0.207 | Final Dist 10 = 3.645 | Final Dist 100 = 2.795 | Final Dist 1000 = 2.672 | Init Dist = 11.314 | Init Dist 10 = 11.314 | Init Dist 100 = 11.314 | Init Dist 1000 = 11.314 | Learner Steps = 2610 | Learner Walltime = 412.861 | Min Dist = 0.115 | Min Dist 10 = 0.088 | Min Dist 100 = 0.104 | Min Dist 1000 = 0.219 | Steps Per Second = 111.835 | Success = 1.000 | Success 1000 = 0.996
I0528 14:54:27.204629 22895222769216 terminal.py:91] [Evaluator] Actor Episodes = 3547 | Actor Steps = 177350 | Delta Dist = 11.154 | Delta Dist 10 = 10.838 | Delta Dist 100 = 10.878 | Delta Dist 1000 = 9.431 | Episode Length = 50 | Episode Return = 26.0 | Evaluator Episodes = 881 | Evaluator Steps = 44050 | Final Dist = 0.160 | Final Dist 10 = 0.476 | Final Dist 100 = 0.436 | Final Dist 1000 = 1.883 | Init Dist = 11.314 | Init Dist 10 = 11.314 | Init Dist 100 = 11.314 | Init Dist 1000 = 11.314 | Learner Steps = 2617 | Learner Walltime = 413.949 | Min Dist = 0.094 | Min Dist 10 = 0.096 | Min Dist 100 = 0.082 | Min Dist 1000 = 1.189 | Steps Per Second = 89.713 | Success = 1.000 | Success 1000 = 0.599
I0528 14:54:27.595757 22863692109376 terminal.py:91] [Learner] Actor Episodes = 3544 | Actor Loss = 6.7395453453063965 | Actor Steps = 177200 | Binary Accuracy = 0.9960799217224121 | Categorical Accuracy = 0.10760498046875 | Critic Loss = 3.9329824447631836 | Entropy Mean = -8.045343399047852 | Evaluator Episodes = 879 | Evaluator Steps = 43950 | Learner Steps = 2622 | Learner Walltime = 414.864 | Logits Neg = -15.588207244873047 | Logits Pos = -3.93219256401062 | Logsumexp = 0.45481953024864197 | Steps Per Second = 248.672
I0528 14:54:28.648214 22895222769216 terminal.py:91] [Evaluator] Actor Episodes = 3561 | Actor Steps = 178050 | Delta Dist = 11.152 | Delta Dist 10 = 10.789 | Delta Dist 100 = 10.878 | Delta Dist 1000 = 9.436 | Episode Length = 50 | Episode Return = 23.0 | Evaluator Episodes = 884 | Evaluator Steps = 44200 | Final Dist = 0.162 | Final Dist 10 = 0.525 | Final Dist 100 = 0.436 | Final Dist 1000 = 1.878 | Init Dist = 11.314 | Init Dist 10 = 11.314 | Init Dist 100 = 11.314 | Init Dist 1000 = 11.314 | Learner Steps = 2623 | Learner Walltime = 414.956 | Min Dist = 0.139 | Min Dist 10 = 0.099 | Min Dist 100 = 0.082 | Min Dist 1000 = 1.185 | Steps Per Second = 93.989 | Success = 1.000 | Success 1000 = 0.600
I0528 14:54:30.180835 22895222769216 terminal.py:91] [Evaluator] Actor Episodes = 3574 | Actor Steps = 178700 | Delta Dist = 10.228 | Delta Dist 10 = 10.801 | Delta Dist 100 = 10.887 | Delta Dist 1000 = 9.441 | Episode Length = 50 | Episode Return = 24.0 | Evaluator Episodes = 887 | Evaluator Steps = 44350 | Final Dist = 1.086 | Final Dist 10 = 0.513 | Final Dist 100 = 0.427 | Final Dist 1000 = 1.873 | Init Dist = 11.314 | Init Dist 10 = 11.314 | Init Dist 100 = 11.314 | Init Dist 1000 = 11.314 | Learner Steps = 2636 | Learner Walltime = 417.076 | Min Dist = 0.097 | Min Dist 10 = 0.088 | Min Dist 100 = 0.082 | Min Dist 1000 = 1.181 | Steps Per Second = 87.988 | Success = 1.000 | Success 1000 = 0.602
I0528 14:54:31.236897 22895222769216 terminal.py:91] [Evaluator] Actor Episodes = 3582 | Actor Steps = 179100 | Delta Dist = 11.170 | Delta Dist 10 = 10.810 | Delta Dist 100 = 10.886 | Delta Dist 1000 = 9.443 | Episode Length = 50 | Episode Return = 26.0 | Evaluator Episodes = 889 | Evaluator Steps = 44450 | Final Dist = 0.144 | Final Dist 10 = 0.504 | Final Dist 100 = 0.428 | Final Dist 1000 = 1.870 | Init Dist = 11.314 | Init Dist 10 = 11.314 | Init Dist 100 = 11.314 | Init Dist 1000 = 11.314 | Learner Steps = 2643 | Learner Walltime = 418.250 | Min Dist = 0.055 | Min Dist 10 = 0.092 | Min Dist 100 = 0.083 | Min Dist 1000 = 1.179 | Steps Per Second = 89.686 | Success = 1.000 | Success 1000 = 0.602
I0528 14:54:32.061132 22918291473984 lp_utils.py:96] StepsLimiter: Reached 179400 recorded steps
I0528 14:54:32.296885 22895222769216 terminal.py:91] [Evaluator] Actor Episodes = 3588 | Actor Steps = 179400 | Delta Dist = 11.014 | Delta Dist 10 = 10.882 | Delta Dist 100 = 10.902 | Delta Dist 1000 = 9.447 | Episode Length = 50 | Episode Return = 29.0 | Evaluator Episodes = 891 | Evaluator Steps = 44550 | Final Dist = 0.300 | Final Dist 10 = 0.432 | Final Dist 100 = 0.412 | Final Dist 1000 = 1.867 | Init Dist = 11.314 | Init Dist 10 = 11.314 | Init Dist 100 = 11.314 | Init Dist 1000 = 11.314 | Learner Steps = 2650 | Learner Walltime = 419.356 | Min Dist = 0.066 | Min Dist 10 = 0.086 | Min Dist 100 = 0.083 | Min Dist 1000 = 1.176 | Steps Per Second = 89.922 | Success = 1.000 | Success 1000 = 0.603
I0528 14:54:33.369291 22895222769216 terminal.py:91] [Evaluator] Actor Episodes = 3597 | Actor Steps = 179850 | Delta Dist = 11.193 | Delta Dist 10 = 10.950 | Delta Dist 100 = 10.910 | Delta Dist 1000 = 9.451 | Episode Length = 50 | Episode Return = 28.0 | Evaluator Episodes = 893 | Evaluator Steps = 44650 | Final Dist = 0.120 | Final Dist 10 = 0.363 | Final Dist 100 = 0.404 | Final Dist 1000 = 1.863 | Init Dist = 11.314 | Init Dist 10 = 11.314 | Init Dist 100 = 11.314 | Init Dist 1000 = 11.314 | Learner Steps = 2657 | Learner Walltime = 420.527 | Min Dist = 0.086 | Min Dist 10 = 0.082 | Min Dist 100 = 0.083 | Min Dist 1000 = 1.174 | Steps Per Second = 94.113 | Success = 1.000 | Success 1000 = 0.604
I0528 14:54:34.497344 22895222769216 terminal.py:91] [Evaluator] Actor Episodes = 3605 | Actor Steps = 180250 | Delta Dist = 11.116 | Delta Dist 10 = 10.941 | Delta Dist 100 = 10.911 | Delta Dist 1000 = 9.455 | Episode Length = 50 | Episode Return = 25.0 | Evaluator Episodes = 895 | Evaluator Steps = 44750 | Final Dist = 0.197 | Final Dist 10 = 0.373 | Final Dist 100 = 0.403 | Final Dist 1000 = 1.859 | Init Dist = 11.314 | Init Dist 10 = 11.314 | Init Dist 100 = 11.314 | Init Dist 1000 = 11.314 | Learner Steps = 2663 | Learner Walltime = 421.544 | Min Dist = 0.145 | Min Dist 10 = 0.072 | Min Dist 100 = 0.083 | Min Dist 1000 = 1.171 | Steps Per Second = 90.985 | Success = 1.000 | Success 1000 = 0.605
I0528 14:54:35.393475 22892410500672 terminal.py:91] [Actor] Actor Episodes = 3608 | Actor Steps = 180400 | Delta Dist = 10.819 | Delta Dist 10 = 10.285 | Delta Dist 100 = 8.994 | Delta Dist 1000 = 8.652 | Episode Length = 50 | Episode Return = 27.0 | Evaluator Episodes = 895 | Evaluator Steps = 44750 | Final Dist = 0.495 | Final Dist 10 = 1.028 | Final Dist 100 = 2.319 | Final Dist 1000 = 2.662 | Init Dist = 11.314 | Init Dist 10 = 11.314 | Init Dist 100 = 11.314 | Init Dist 1000 = 11.314 | Learner Steps = 2663 | Learner Walltime = 421.544 | Min Dist = 0.050 | Min Dist 10 = 0.085 | Min Dist 100 = 0.210 | Min Dist 1000 = 0.231 | Steps Per Second = 94.658 | Success = 1.000 | Success 1000 = 0.995
I0528 14:54:35.543482 22895222769216 terminal.py:91] [Evaluator] Actor Episodes = 3614 | Actor Steps = 180700 | Delta Dist = 11.112 | Delta Dist 10 = 11.022 | Delta Dist 100 = 10.912 | Delta Dist 1000 = 9.458 | Episode Length = 50 | Episode Return = 24.0 | Evaluator Episodes = 897 | Evaluator Steps = 44850 | Final Dist = 0.201 | Final Dist 10 = 0.292 | Final Dist 100 = 0.402 | Final Dist 1000 = 1.855 | Init Dist = 11.314 | Init Dist 10 = 11.314 | Init Dist 100 = 11.314 | Init Dist 1000 = 11.314 | Learner Steps = 2669 | Learner Walltime = 422.586 | Min Dist = 0.020 | Min Dist 10 = 0.085 | Min Dist 100 = 0.084 | Min Dist 1000 = 1.169 | Steps Per Second = 97.599 | Success = 1.000 | Success 1000 = 0.606
I0528 14:54:35.551374 22897759475264 savers.py:156] Saving checkpoint: /home/gliu2/rebuttal/checkpoints/contrastive_cpc_point_FourRooms_0/checkpoints/learner
I0528 14:54:36.375403 22892391589440 terminal.py:91] [Actor] Actor Episodes = 3622 | Actor Steps = 181100 | Delta Dist = 11.069 | Delta Dist 10 = 10.010 | Delta Dist 100 = 8.929 | Delta Dist 1000 = 8.661 | Episode Length = 50 | Episode Return = 22.0 | Evaluator Episodes = 897 | Evaluator Steps = 44850 | Final Dist = 0.244 | Final Dist 10 = 1.303 | Final Dist 100 = 2.384 | Final Dist 1000 = 2.652 | Init Dist = 11.314 | Init Dist 10 = 11.314 | Init Dist 100 = 11.314 | Init Dist 1000 = 11.314 | Learner Steps = 2669 | Learner Walltime = 422.586 | Min Dist = 0.133 | Min Dist 10 = 0.084 | Min Dist 100 = 0.210 | Min Dist 1000 = 0.231 | Steps Per Second = 78.992 | Success = 1.000 | Success 1000 = 0.995
I0528 14:54:36.638196 22895222769216 terminal.py:91] [Evaluator] Actor Episodes = 3622 | Actor Steps = 181100 | Delta Dist = 10.189 | Delta Dist 10 = 11.021 | Delta Dist 100 = 10.912 | Delta Dist 1000 = 9.461 | Episode Length = 50 | Episode Return = 23.0 | Evaluator Episodes = 899 | Evaluator Steps = 44950 | Final Dist = 1.125 | Final Dist 10 = 0.293 | Final Dist 100 = 0.402 | Final Dist 1000 = 1.853 | Init Dist = 11.314 | Init Dist 10 = 11.314 | Init Dist 100 = 11.314 | Init Dist 1000 = 11.314 | Learner Steps = 2675 | Learner Walltime = 423.692 | Min Dist = 0.051 | Min Dist 10 = 0.072 | Min Dist 100 = 0.083 | Min Dist 1000 = 1.167 | Steps Per Second = 96.994 | Success = 1.000 | Success 1000 = 0.607
I0528 14:54:37.141383 22892421006912 terminal.py:91] [Actor] Actor Episodes = 3626 | Actor Steps = 181300 | Delta Dist = 11.146 | Delta Dist 10 = 10.842 | Delta Dist 100 = 9.029 | Delta Dist 1000 = 8.672 | Episode Length = 50 | Episode Return = 28.0 | Evaluator Episodes = 899 | Evaluator Steps = 44950 | Final Dist = 0.167 | Final Dist 10 = 0.471 | Final Dist 100 = 2.285 | Final Dist 1000 = 2.641 | Init Dist = 11.314 | Init Dist 10 = 11.314 | Init Dist 100 = 11.314 | Init Dist 1000 = 11.314 | Learner Steps = 2675 | Learner Walltime = 423.692 | Min Dist = 0.119 | Min Dist 10 = 0.073 | Min Dist 100 = 0.208 | Min Dist 1000 = 0.231 | Steps Per Second = 108.739 | Success = 1.000 | Success 1000 = 0.995
I0528 14:54:37.246053 22892418905664 terminal.py:91] [Actor] Actor Episodes = 3628 | Actor Steps = 181400 | Delta Dist = 11.168 | Delta Dist 10 = 10.357 | Delta Dist 100 = 8.972 | Delta Dist 1000 = 8.678 | Episode Length = 50 | Episode Return = 30.0 | Evaluator Episodes = 899 | Evaluator Steps = 44950 | Final Dist = 0.146 | Final Dist 10 = 0.956 | Final Dist 100 = 2.342 | Final Dist 1000 = 2.636 | Init Dist = 11.314 | Init Dist 10 = 11.314 | Init Dist 100 = 11.314 | Init Dist 1000 = 11.314 | Learner Steps = 2675 | Learner Walltime = 423.692 | Min Dist = 0.138 | Min Dist 10 = 0.073 | Min Dist 100 = 0.208 | Min Dist 1000 = 0.230 | Steps Per Second = 111.866 | Success = 1.000 | Success 1000 = 0.995
I0528 14:54:37.733755 22895222769216 terminal.py:91] [Evaluator] Actor Episodes = 3630 | Actor Steps = 181500 | Delta Dist = 10.537 | Delta Dist 10 = 10.940 | Delta Dist 100 = 10.917 | Delta Dist 1000 = 9.464 | Episode Length = 50 | Episode Return = 25.0 | Evaluator Episodes = 901 | Evaluator Steps = 45050 | Final Dist = 0.777 | Final Dist 10 = 0.374 | Final Dist 100 = 0.397 | Final Dist 1000 = 1.850 | Init Dist = 11.314 | Init Dist 10 = 11.314 | Init Dist 100 = 11.314 | Init Dist 1000 = 11.314 | Learner Steps = 2681 | Learner Walltime = 424.695 | Min Dist = 0.048 | Min Dist 10 = 0.074 | Min Dist 100 = 0.083 | Min Dist 1000 = 1.164 | Steps Per Second = 86.411 | Success = 1.000 | Success 1000 = 0.608
I0528 14:54:37.845072 22863692109376 terminal.py:91] [Learner] Actor Episodes = 3630 | Actor Loss = 6.783147811889648 | Actor Steps = 181500 | Binary Accuracy = 0.9960572719573975 | Categorical Accuracy = 0.1181640625 | Critic Loss = 3.858469009399414 | Entropy Mean = -10.563180923461914 | Evaluator Episodes = 899 | Evaluator Steps = 44950 | Learner Steps = 2683 | Learner Walltime = 425.118 | Logits Neg = -16.04273796081543 | Logits Pos = -3.840449571609497 | Logsumexp = 0.4511488676071167 | Steps Per Second = 223.800
I0528 14:54:38.862989 22895222769216 terminal.py:91] [Evaluator] Actor Episodes = 3638 | Actor Steps = 181900 | Delta Dist = 11.135 | Delta Dist 10 = 10.892 | Delta Dist 100 = 10.912 | Delta Dist 1000 = 9.467 | Episode Length = 50 | Episode Return = 29.0 | Evaluator Episodes = 903 | Evaluator Steps = 45150 | Final Dist = 0.179 | Final Dist 10 = 0.422 | Final Dist 100 = 0.402 | Final Dist 1000 = 1.847 | Init Dist = 11.314 | Init Dist 10 = 11.314 | Init Dist 100 = 11.314 | Init Dist 1000 = 11.314 | Learner Steps = 2687 | Learner Walltime = 425.812 | Min Dist = 0.021 | Min Dist 10 = 0.071 | Min Dist 100 = 0.083 | Min Dist 1000 = 1.162 | Steps Per Second = 81.600 | Success = 1.000 | Success 1000 = 0.609
I0528 14:54:40.414480 22895222769216 terminal.py:91] [Evaluator] Actor Episodes = 3648 | Actor Steps = 182400 | Delta Dist = 11.126 | Delta Dist 10 = 10.888 | Delta Dist 100 = 10.921 | Delta Dist 1000 = 9.472 | Episode Length = 50 | Episode Return = 29.0 | Evaluator Episodes = 906 | Evaluator Steps = 45300 | Final Dist = 0.188 | Final Dist 10 = 0.426 | Final Dist 100 = 0.393 | Final Dist 1000 = 1.841 | Init Dist = 11.314 | Init Dist 10 = 11.314 | Init Dist 100 = 11.314 | Init Dist 1000 = 11.314 | Learner Steps = 2694 | Learner Walltime = 426.933 | Min Dist = 0.086 | Min Dist 10 = 0.061 | Min Dist 100 = 0.083 | Min Dist 1000 = 1.158 | Steps Per Second = 86.178 | Success = 1.000 | Success 1000 = 0.610
I0528 14:54:41.438988 22895222769216 terminal.py:91] [Evaluator] Actor Episodes = 3657 | Actor Steps = 182850 | Delta Dist = 11.098 | Delta Dist 10 = 10.826 | Delta Dist 100 = 10.929 | Delta Dist 1000 = 9.475 | Episode Length = 50 | Episode Return = 24.0 | Evaluator Episodes = 908 | Evaluator Steps = 45400 | Final Dist = 0.216 | Final Dist 10 = 0.488 | Final Dist 100 = 0.385 | Final Dist 1000 = 1.839 | Init Dist = 11.314 | Init Dist 10 = 11.314 | Init Dist 100 = 11.314 | Init Dist 1000 = 11.314 | Learner Steps = 2701 | Learner Walltime = 428.097 | Min Dist = 0.121 | Min Dist 10 = 0.070 | Min Dist 100 = 0.083 | Min Dist 1000 = 1.156 | Steps Per Second = 93.154 | Success = 1.000 | Success 1000 = 0.611
I0528 14:54:42.077201 22918291473984 lp_utils.py:96] StepsLimiter: Reached 183150 recorded steps
I0528 14:54:42.584727 22895222769216 terminal.py:91] [Evaluator] Actor Episodes = 3665 | Actor Steps = 183250 | Delta Dist = 11.113 | Delta Dist 10 = 10.920 | Delta Dist 100 = 10.929 | Delta Dist 1000 = 9.478 | Episode Length = 50 | Episode Return = 25.0 | Evaluator Episodes = 910 | Evaluator Steps = 45500 | Final Dist = 0.201 | Final Dist 10 = 0.393 | Final Dist 100 = 0.385 | Final Dist 1000 = 1.836 | Init Dist = 11.314 | Init Dist 10 = 11.314 | Init Dist 100 = 11.314 | Init Dist 1000 = 11.314 | Learner Steps = 2707 | Learner Walltime = 429.168 | Min Dist = 0.039 | Min Dist 10 = 0.077 | Min Dist 100 = 0.084 | Min Dist 1000 = 1.153 | Steps Per Second = 89.975 | Success = 1.000 | Success 1000 = 0.612
I0528 14:54:43.972558 22895222769216 terminal.py:91] [Evaluator] Actor Episodes = 3676 | Actor Steps = 183800 | Delta Dist = 10.357 | Delta Dist 10 = 10.895 | Delta Dist 100 = 10.931 | Delta Dist 1000 = 9.482 | Episode Length = 50 | Episode Return = 25.0 | Evaluator Episodes = 913 | Evaluator Steps = 45650 | Final Dist = 0.956 | Final Dist 10 = 0.419 | Final Dist 100 = 0.382 | Final Dist 1000 = 1.831 | Init Dist = 11.314 | Init Dist 10 = 11.314 | Init Dist 100 = 11.314 | Init Dist 1000 = 11.314 | Learner Steps = 2721 | Learner Walltime = 431.226 | Min Dist = 0.112 | Min Dist 10 = 0.070 | Min Dist 100 = 0.084 | Min Dist 1000 = 1.150 | Steps Per Second = 114.665 | Success = 1.000 | Success 1000 = 0.613
I0528 14:54:45.444787 22895222769216 terminal.py:91] [Evaluator] Actor Episodes = 3691 | Actor Steps = 184550 | Delta Dist = 11.061 | Delta Dist 10 = 10.812 | Delta Dist 100 = 10.929 | Delta Dist 1000 = 9.487 | Episode Length = 50 | Episode Return = 22.0 | Evaluator Episodes = 916 | Evaluator Steps = 45800 | Final Dist = 0.253 | Final Dist 10 = 0.502 | Final Dist 100 = 0.384 | Final Dist 1000 = 1.827 | Init Dist = 11.314 | Init Dist 10 = 11.314 | Init Dist 100 = 11.314 | Init Dist 1000 = 11.314 | Learner Steps = 2729 | Learner Walltime = 432.407 | Min Dist = 0.120 | Min Dist 10 = 0.079 | Min Dist 100 = 0.084 | Min Dist 1000 = 1.146 | Steps Per Second = 97.638 | Success = 1.000 | Success 1000 = 0.614
I0528 14:54:45.898189 22892410500672 terminal.py:91] [Actor] Actor Episodes = 3697 | Actor Steps = 184850 | Delta Dist = 10.301 | Delta Dist 10 = 10.582 | Delta Dist 100 = 9.258 | Delta Dist 1000 = 8.666 | Episode Length = 50 | Episode Return = 27.0 | Evaluator Episodes = 916 | Evaluator Steps = 45800 | Final Dist = 1.013 | Final Dist 10 = 0.732 | Final Dist 100 = 2.055 | Final Dist 1000 = 2.647 | Init Dist = 11.314 | Init Dist 10 = 11.314 | Init Dist 100 = 11.314 | Init Dist 1000 = 11.314 | Learner Steps = 2729 | Learner Walltime = 432.407 | Min Dist = 0.167 | Min Dist 10 = 0.196 | Min Dist 100 = 0.323 | Min Dist 1000 = 0.253 | Steps Per Second = 94.219 | Success = 1.000 | Success 1000 = 0.994
I0528 14:54:46.449227 22895222769216 terminal.py:91] [Evaluator] Actor Episodes = 3699 | Actor Steps = 184950 | Delta Dist = 11.142 | Delta Dist 10 = 10.878 | Delta Dist 100 = 10.929 | Delta Dist 1000 = 9.490 | Episode Length = 50 | Episode Return = 25.0 | Evaluator Episodes = 918 | Evaluator Steps = 45900 | Final Dist = 0.172 | Final Dist 10 = 0.435 | Final Dist 100 = 0.385 | Final Dist 1000 = 1.823 | Init Dist = 11.314 | Init Dist 10 = 11.314 | Init Dist 100 = 11.314 | Init Dist 1000 = 11.314 | Learner Steps = 2736 | Learner Walltime = 433.617 | Min Dist = 0.050 | Min Dist 10 = 0.084 | Min Dist 100 = 0.084 | Min Dist 1000 = 1.144 | Steps Per Second = 96.770 | Success = 1.000 | Success 1000 = 0.615
I0528 14:54:46.574983 22892391589440 terminal.py:91] [Actor] Actor Episodes = 3701 | Actor Steps = 185050 | Delta Dist = 11.145 | Delta Dist 10 = 8.324 | Delta Dist 100 = 9.140 | Delta Dist 1000 = 8.640 | Episode Length = 50 | Episode Return = 24.0 | Evaluator Episodes = 918 | Evaluator Steps = 45900 | Final Dist = 0.168 | Final Dist 10 = 2.990 | Final Dist 100 = 2.174 | Final Dist 1000 = 2.673 | Init Dist = 11.314 | Init Dist 10 = 11.314 | Init Dist 100 = 11.314 | Init Dist 1000 = 11.314 | Learner Steps = 2736 | Learner Walltime = 433.617 | Min Dist = 0.156 | Min Dist 10 = 0.097 | Min Dist 100 = 0.324 | Min Dist 1000 = 0.253 | Steps Per Second = 84.077 | Success = 1.000 | Success 1000 = 0.994
I0528 14:54:47.441542 22892418905664 terminal.py:91] [Actor] Actor Episodes = 3704 | Actor Steps = 185200 | Delta Dist = 10.287 | Delta Dist 10 = 8.182 | Delta Dist 100 = 9.262 | Delta Dist 1000 = 8.648 | Episode Length = 50 | Episode Return = 27.0 | Evaluator Episodes = 918 | Evaluator Steps = 45900 | Final Dist = 1.027 | Final Dist 10 = 3.132 | Final Dist 100 = 2.052 | Final Dist 1000 = 2.665 | Init Dist = 11.314 | Init Dist 10 = 11.314 | Init Dist 100 = 11.314 | Init Dist 1000 = 11.314 | Learner Steps = 2736 | Learner Walltime = 433.617 | Min Dist = 0.066 | Min Dist 10 = 0.191 | Min Dist 100 = 0.333 | Min Dist 1000 = 0.254 | Steps Per Second = 87.106 | Success = 1.000 | Success 1000 = 0.994
I0528 14:54:47.497807 22892421006912 terminal.py:91] [Actor] Actor Episodes = 3707 | Actor Steps = 185350 | Delta Dist = 11.149 | Delta Dist 10 = 8.781 | Delta Dist 100 = 9.261 | Delta Dist 1000 = 8.658 | Episode Length = 50 | Episode Return = 27.0 | Evaluator Episodes = 918 | Evaluator Steps = 45900 | Final Dist = 0.164 | Final Dist 10 = 2.533 | Final Dist 100 = 2.053 | Final Dist 1000 = 2.655 | Init Dist = 11.314 | Init Dist 10 = 11.314 | Init Dist 100 = 11.314 | Init Dist 1000 = 11.314 | Learner Steps = 2742 | Learner Walltime = 434.694 | Min Dist = 0.131 | Min Dist 10 = 0.181 | Min Dist 100 = 0.333 | Min Dist 1000 = 0.254 | Steps Per Second = 79.777 | Success = 1.000 | Success 1000 = 0.994
I0528 14:54:47.704770 22895222769216 terminal.py:91] [Evaluator] Actor Episodes = 3707 | Actor Steps = 185350 | Delta Dist = 11.234 | Delta Dist 10 = 10.966 | Delta Dist 100 = 10.945 | Delta Dist 1000 = 9.494 | Episode Length = 50 | Episode Return = 25.0 | Evaluator Episodes = 920 | Evaluator Steps = 46000 | Final Dist = 0.080 | Final Dist 10 = 0.348 | Final Dist 100 = 0.368 | Final Dist 1000 = 1.820 | Init Dist = 11.314 | Init Dist 10 = 11.314 | Init Dist 100 = 11.314 | Init Dist 1000 = 11.314 | Learner Steps = 2742 | Learner Walltime = 434.694 | Min Dist = 0.080 | Min Dist 10 = 0.084 | Min Dist 100 = 0.083 | Min Dist 1000 = 1.142 | Steps Per Second = 76.301 | Success = 1.000 | Success 1000 = 0.616
I0528 14:54:48.023573 22863692109376 terminal.py:91] [Learner] Actor Episodes = 3705 | Actor Loss = 6.656109809875488 | Actor Steps = 185250 | Binary Accuracy = 0.9960825443267822 | Categorical Accuracy = 0.11572265625 | Critic Loss = 3.8852591514587402 | Entropy Mean = -11.084787368774414 | Evaluator Episodes = 918 | Evaluator Steps = 45900 | Learner Steps = 2745 | Learner Walltime = 435.291 | Logits Neg = -15.953828811645508 | Logits Pos = -3.8838319778442383 | Logsumexp = 0.37373021245002747 | Steps Per Second = 278.106
I0528 14:54:49.023165 22895222769216 terminal.py:91] [Evaluator] Actor Episodes = 3715 | Actor Steps = 185750 | Delta Dist = 11.115 | Delta Dist 10 = 10.971 | Delta Dist 100 = 10.945 | Delta Dist 1000 = 9.498 | Episode Length = 50 | Episode Return = 26.0 | Evaluator Episodes = 922 | Evaluator Steps = 46100 | Final Dist = 0.199 | Final Dist 10 = 0.342 | Final Dist 100 = 0.368 | Final Dist 1000 = 1.816 | Init Dist = 11.314 | Init Dist 10 = 11.314 | Init Dist 100 = 11.314 | Init Dist 1000 = 11.314 | Learner Steps = 2747 | Learner Walltime = 435.698 | Min Dist = 0.039 | Min Dist 10 = 0.083 | Min Dist 100 = 0.082 | Min Dist 1000 = 1.139 | Steps Per Second = 80.372 | Success = 1.000 | Success 1000 = 0.617
I0528 14:54:50.443086 22895222769216 terminal.py:91] [Evaluator] Actor Episodes = 3724 | Actor Steps = 186200 | Delta Dist = 11.132 | Delta Dist 10 = 11.134 | Delta Dist 100 = 10.947 | Delta Dist 1000 = 9.503 | Episode Length = 50 | Episode Return = 26.0 | Evaluator Episodes = 925 | Evaluator Steps = 46250 | Final Dist = 0.182 | Final Dist 10 = 0.180 | Final Dist 100 = 0.367 | Final Dist 1000 = 1.811 | Init Dist = 11.314 | Init Dist 10 = 11.314 | Init Dist 100 = 11.314 | Init Dist 1000 = 11.314 | Learner Steps = 2753 | Learner Walltime = 436.745 | Min Dist = 0.064 | Min Dist 10 = 0.079 | Min Dist 100 = 0.080 | Min Dist 1000 = 1.136 | Steps Per Second = 107.701 | Success = 1.000 | Success 1000 = 0.618
I0528 14:54:51.610292 22895222769216 terminal.py:91] [Evaluator] Actor Episodes = 3737 | Actor Steps = 186850 | Delta Dist = 11.072 | Delta Dist 10 = 11.064 | Delta Dist 100 = 10.941 | Delta Dist 1000 = 9.506 | Episode Length = 50 | Episode Return = 29.0 | Evaluator Episodes = 927 | Evaluator Steps = 46350 | Final Dist = 0.241 | Final Dist 10 = 0.250 | Final Dist 100 = 0.373 | Final Dist 1000 = 1.808 | Init Dist = 11.314 | Init Dist 10 = 11.314 | Init Dist 100 = 11.314 | Init Dist 1000 = 11.314 | Learner Steps = 2760 | Learner Walltime = 437.894 | Min Dist = 0.044 | Min Dist 10 = 0.071 | Min Dist 100 = 0.079 | Min Dist 1000 = 1.134 | Steps Per Second = 86.313 | Success = 1.000 | Success 1000 = 0.619
I0528 14:54:52.091365 22918291473984 lp_utils.py:96] StepsLimiter: Reached 186950 recorded steps
I0528 14:54:52.649355 22895222769216 terminal.py:91] [Evaluator] Actor Episodes = 3745 | Actor Steps = 187250 | Delta Dist = 10.253 | Delta Dist 10 = 11.059 | Delta Dist 100 = 10.941 | Delta Dist 1000 = 9.509 | Episode Length = 50 | Episode Return = 23.0 | Evaluator Episodes = 929 | Evaluator Steps = 46450 | Final Dist = 1.061 | Final Dist 10 = 0.255 | Final Dist 100 = 0.372 | Final Dist 1000 = 1.805 | Init Dist = 11.314 | Init Dist 10 = 11.314 | Init Dist 100 = 11.314 | Init Dist 1000 = 11.314 | Learner Steps = 2766 | Learner Walltime = 438.954 | Min Dist = 0.040 | Min Dist 10 = 0.070 | Min Dist 100 = 0.079 | Min Dist 1000 = 1.131 | Steps Per Second = 106.169 | Success = 1.000 | Success 1000 = 0.620
I0528 14:54:53.693880 22895222769216 terminal.py:91] [Evaluator] Actor Episodes = 3752 | Actor Steps = 187600 | Delta Dist = 11.172 | Delta Dist 10 = 10.864 | Delta Dist 100 = 10.930 | Delta Dist 1000 = 9.511 | Episode Length = 50 | Episode Return = 24.0 | Evaluator Episodes = 931 | Evaluator Steps = 46550 | Final Dist = 0.142 | Final Dist 10 = 0.449 | Final Dist 100 = 0.383 | Final Dist 1000 = 1.803 | Init Dist = 11.314 | Init Dist 10 = 11.314 | Init Dist 100 = 11.314 | Init Dist 1000 = 11.314 | Learner Steps = 2772 | Learner Walltime = 439.968 | Min Dist = 0.097 | Min Dist 10 = 0.059 | Min Dist 100 = 0.079 | Min Dist 1000 = 1.129 | Steps Per Second = 85.305 | Success = 1.000 | Success 1000 = 0.620
I0528 14:54:54.803466 22895222769216 terminal.py:91] [Evaluator] Actor Episodes = 3760 | Actor Steps = 188000 | Delta Dist = 11.149 | Delta Dist 10 = 10.881 | Delta Dist 100 = 10.931 | Delta Dist 1000 = 9.514 | Episode Length = 50 | Episode Return = 25.0 | Evaluator Episodes = 933 | Evaluator Steps = 46650 | Final Dist = 0.165 | Final Dist 10 = 0.432 | Final Dist 100 = 0.383 | Final Dist 1000 = 1.799 | Init Dist = 11.314 | Init Dist 10 = 11.314 | Init Dist 100 = 11.314 | Init Dist 1000 = 11.314 | Learner Steps = 2779 | Learner Walltime = 441.091 | Min Dist = 0.107 | Min Dist 10 = 0.064 | Min Dist 100 = 0.078 | Min Dist 1000 = 1.127 | Steps Per Second = 81.090 | Success = 1.000 | Success 1000 = 0.621
I0528 14:54:56.203979 22892410500672 terminal.py:91] [Actor] Actor Episodes = 3768 | Actor Steps = 188400 | Delta Dist = 11.137 | Delta Dist 10 = 7.726 | Delta Dist 100 = 8.525 | Delta Dist 1000 = 8.662 | Episode Length = 50 | Episode Return = 23.0 | Evaluator Episodes = 933 | Evaluator Steps = 46650 | Final Dist = 0.177 | Final Dist 10 = 3.587 | Final Dist 100 = 2.789 | Final Dist 1000 = 2.651 | Init Dist = 11.314 | Init Dist 10 = 11.314 | Init Dist 100 = 11.314 | Init Dist 1000 = 11.314 | Learner Steps = 2785 | Learner Walltime = 442.097 | Min Dist = 0.175 | Min Dist 10 = 0.077 | Min Dist 100 = 0.222 | Min Dist 1000 = 0.253 | Steps Per Second = 95.864 | Success = 1.000 | Success 1000 = 0.995
I0528 14:54:56.327984 22895222769216 terminal.py:91] [Evaluator] Actor Episodes = 3767 | Actor Steps = 188350 | Delta Dist = 11.235 | Delta Dist 10 = 10.878 | Delta Dist 100 = 10.941 | Delta Dist 1000 = 9.519 | Episode Length = 50 | Episode Return = 24.0 | Evaluator Episodes = 936 | Evaluator Steps = 46800 | Final Dist = 0.078 | Final Dist 10 = 0.436 | Final Dist 100 = 0.373 | Final Dist 1000 = 1.794 | Init Dist = 11.314 | Init Dist 10 = 11.314 | Init Dist 100 = 11.314 | Init Dist 1000 = 11.314 | Learner Steps = 2785 | Learner Walltime = 442.097 | Min Dist = 0.026 | Min Dist 10 = 0.063 | Min Dist 100 = 0.078 | Min Dist 1000 = 1.123 | Steps Per Second = 94.774 | Success = 1.000 | Success 1000 = 0.622
I0528 14:54:56.677189 22892391589440 terminal.py:91] [Actor] Actor Episodes = 3771 | Actor Steps = 188550 | Delta Dist = 11.128 | Delta Dist 10 = 9.738 | Delta Dist 100 = 8.659 | Delta Dist 1000 = 8.672 | Episode Length = 50 | Episode Return = 25.0 | Evaluator Episodes = 935 | Evaluator Steps = 46750 | Final Dist = 0.185 | Final Dist 10 = 1.576 | Final Dist 100 = 2.655 | Final Dist 1000 = 2.642 | Init Dist = 11.314 | Init Dist 10 = 11.314 | Init Dist 100 = 11.314 | Init Dist 1000 = 11.314 | Learner Steps = 2792 | Learner Walltime = 443.150 | Min Dist = 0.066 | Min Dist 10 = 0.084 | Min Dist 100 = 0.222 | Min Dist 1000 = 0.253 | Steps Per Second = 99.746 | Success = 1.000 | Success 1000 = 0.995
I0528 14:54:57.513859 22892421006912 terminal.py:91] [Actor] Actor Episodes = 3780 | Actor Steps = 189000 | Delta Dist = 11.229 | Delta Dist 10 = 10.002 | Delta Dist 100 = 8.789 | Delta Dist 1000 = 8.674 | Episode Length = 50 | Episode Return = 24.0 | Evaluator Episodes = 937 | Evaluator Steps = 46850 | Final Dist = 0.084 | Final Dist 10 = 1.311 | Final Dist 100 = 2.525 | Final Dist 1000 = 2.640 | Init Dist = 11.314 | Init Dist 10 = 11.314 | Init Dist 100 = 11.314 | Init Dist 1000 = 11.314 | Learner Steps = 2799 | Learner Walltime = 444.293 | Min Dist = 0.079 | Min Dist 10 = 0.115 | Min Dist 100 = 0.110 | Min Dist 1000 = 0.253 | Steps Per Second = 89.606 | Success = 1.000 | Success 1000 = 0.995
I0528 14:54:57.825303 22895222769216 terminal.py:91] [Evaluator] Actor Episodes = 3785 | Actor Steps = 189250 | Delta Dist = 11.071 | Delta Dist 10 = 10.890 | Delta Dist 100 = 10.934 | Delta Dist 1000 = 9.524 | Episode Length = 50 | Episode Return = 22.0 | Evaluator Episodes = 939 | Evaluator Steps = 46950 | Final Dist = 0.243 | Final Dist 10 = 0.424 | Final Dist 100 = 0.379 | Final Dist 1000 = 1.790 | Init Dist = 11.314 | Init Dist 10 = 11.314 | Init Dist 100 = 11.314 | Init Dist 1000 = 11.314 | Learner Steps = 2799 | Learner Walltime = 444.293 | Min Dist = 0.058 | Min Dist 10 = 0.064 | Min Dist 100 = 0.079 | Min Dist 1000 = 1.120 | Steps Per Second = 91.475 | Success = 1.000 | Success 1000 = 0.624
I0528 14:54:57.861079 22892418905664 terminal.py:91] [Actor] Actor Episodes = 3788 | Actor Steps = 189400 | Delta Dist = 11.173 | Delta Dist 10 = 9.405 | Delta Dist 100 = 8.827 | Delta Dist 1000 = 8.680 | Episode Length = 50 | Episode Return = 22.0 | Evaluator Episodes = 939 | Evaluator Steps = 46950 | Final Dist = 0.141 | Final Dist 10 = 1.908 | Final Dist 100 = 2.486 | Final Dist 1000 = 2.634 | Init Dist = 11.314 | Init Dist 10 = 11.314 | Init Dist 100 = 11.314 | Init Dist 1000 = 11.314 | Learner Steps = 2799 | Learner Walltime = 444.293 | Min Dist = 0.010 | Min Dist 10 = 0.107 | Min Dist 100 = 0.110 | Min Dist 1000 = 0.253 | Steps Per Second = 97.727 | Success = 1.000 | Success 1000 = 0.995
I0528 14:54:58.110130 22863692109376 terminal.py:91] [Learner] Actor Episodes = 3788 | Actor Loss = 6.759408950805664 | Actor Steps = 189400 | Binary Accuracy = 0.9960298538208008 | Categorical Accuracy = 0.1126708984375 | Critic Loss = 3.919586181640625 | Entropy Mean = -6.7629594802856445 | Evaluator Episodes = 939 | Evaluator Steps = 46950 | Learner Steps = 2806 | Learner Walltime = 445.381 | Logits Neg = -16.077899932861328 | Logits Pos = -3.9056334495544434 | Logsumexp = 0.509655237197876 | Steps Per Second = 334.339
I0528 14:54:59.287314 22895222769216 terminal.py:91] [Evaluator] Actor Episodes = 3799 | Actor Steps = 189950 | Delta Dist = 11.129 | Delta Dist 10 = 10.984 | Delta Dist 100 = 10.929 | Delta Dist 1000 = 9.528 | Episode Length = 50 | Episode Return = 26.0 | Evaluator Episodes = 942 | Evaluator Steps = 47100 | Final Dist = 0.185 | Final Dist 10 = 0.330 | Final Dist 100 = 0.385 | Final Dist 1000 = 1.786 | Init Dist = 11.314 | Init Dist 10 = 11.314 | Init Dist 100 = 11.314 | Init Dist 1000 = 11.314 | Learner Steps = 2806 | Learner Walltime = 445.381 | Min Dist = 0.095 | Min Dist 10 = 0.067 | Min Dist 100 = 0.078 | Min Dist 1000 = 1.117 | Steps Per Second = 106.899 | Success = 1.000 | Success 1000 = 0.625
I0528 14:55:00.313181 22895222769216 terminal.py:91] [Evaluator] Actor Episodes = 3799 | Actor Steps = 189950 | Delta Dist = 11.188 | Delta Dist 10 = 10.896 | Delta Dist 100 = 10.920 | Delta Dist 1000 = 9.531 | Episode Length = 50 | Episode Return = 23.0 | Evaluator Episodes = 944 | Evaluator Steps = 47200 | Final Dist = 0.126 | Final Dist 10 = 0.418 | Final Dist 100 = 0.394 | Final Dist 1000 = 1.783 | Init Dist = 11.314 | Init Dist 10 = 11.314 | Init Dist 100 = 11.314 | Init Dist 1000 = 11.314 | Learner Steps = 2813 | Learner Walltime = 446.565 | Min Dist = 0.098 | Min Dist 10 = 0.077 | Min Dist 100 = 0.078 | Min Dist 1000 = 1.114 | Steps Per Second = 88.817 | Success = 1.000 | Success 1000 = 0.626
I0528 14:55:01.758454 22895222769216 terminal.py:91] [Evaluator] Actor Episodes = 3811 | Actor Steps = 190550 | Delta Dist = 11.245 | Delta Dist 10 = 10.797 | Delta Dist 100 = 10.920 | Delta Dist 1000 = 9.535 | Episode Length = 50 | Episode Return = 27.0 | Evaluator Episodes = 947 | Evaluator Steps = 47350 | Final Dist = 0.069 | Final Dist 10 = 0.516 | Final Dist 100 = 0.394 | Final Dist 1000 = 1.779 | Init Dist = 11.314 | Init Dist 10 = 11.314 | Init Dist 100 = 11.314 | Init Dist 1000 = 11.314 | Learner Steps = 2827 | Learner Walltime = 448.672 | Min Dist = 0.069 | Min Dist 10 = 0.080 | Min Dist 100 = 0.079 | Min Dist 1000 = 1.111 | Steps Per Second = 92.443 | Success = 1.000 | Success 1000 = 0.627
I0528 14:55:02.104053 22918291473984 lp_utils.py:96] StepsLimiter: Reached 191150 recorded steps
I0528 14:55:02.384663 22918293575232 savers.py:156] Saving checkpoint: /home/gliu2/rebuttal/checkpoints/contrastive_cpc_point_FourRooms_0/checkpoints/counter
I0528 14:55:02.773133 22895222769216 terminal.py:91] [Evaluator] Actor Episodes = 3823 | Actor Steps = 191150 | Delta Dist = 11.015 | Delta Dist 10 = 10.806 | Delta Dist 100 = 10.913 | Delta Dist 1000 = 9.537 | Episode Length = 50 | Episode Return = 30.0 | Evaluator Episodes = 949 | Evaluator Steps = 47450 | Final Dist = 0.299 | Final Dist 10 = 0.508 | Final Dist 100 = 0.400 | Final Dist 1000 = 1.776 | Init Dist = 11.314 | Init Dist 10 = 11.314 | Init Dist 100 = 11.314 | Init Dist 1000 = 11.314 | Learner Steps = 2834 | Learner Walltime = 449.790 | Min Dist = 0.029 | Min Dist 10 = 0.079 | Min Dist 100 = 0.078 | Min Dist 1000 = 1.109 | Steps Per Second = 86.484 | Success = 1.000 | Success 1000 = 0.628
I0528 14:55:04.355627 22895222769216 terminal.py:91] [Evaluator] Actor Episodes = 3832 | Actor Steps = 191600 | Delta Dist = 11.154 | Delta Dist 10 = 10.872 | Delta Dist 100 = 10.912 | Delta Dist 1000 = 9.542 | Episode Length = 50 | Episode Return = 21.0 | Evaluator Episodes = 952 | Evaluator Steps = 47600 | Final Dist = 0.160 | Final Dist 10 = 0.442 | Final Dist 100 = 0.402 | Final Dist 1000 = 1.772 | Init Dist = 11.314 | Init Dist 10 = 11.314 | Init Dist 100 = 11.314 | Init Dist 1000 = 11.314 | Learner Steps = 2841 | Learner Walltime = 450.866 | Min Dist = 0.020 | Min Dist 10 = 0.080 | Min Dist 100 = 0.078 | Min Dist 1000 = 1.106 | Steps Per Second = 83.254 | Success = 1.000 | Success 1000 = 0.629
I0528 14:55:05.862679 22895222769216 terminal.py:91] [Evaluator] Actor Episodes = 3849 | Actor Steps = 192450 | Delta Dist = 10.226 | Delta Dist 10 = 10.947 | Delta Dist 100 = 10.915 | Delta Dist 1000 = 9.547 | Episode Length = 50 | Episode Return = 27.0 | Evaluator Episodes = 955 | Evaluator Steps = 47750 | Final Dist = 1.088 | Final Dist 10 = 0.367 | Final Dist 100 = 0.399 | Final Dist 1000 = 1.766 | Init Dist = 11.314 | Init Dist 10 = 11.314 | Init Dist 100 = 11.314 | Init Dist 1000 = 11.314 | Learner Steps = 2853 | Learner Walltime = 453.009 | Min Dist = 0.076 | Min Dist 10 = 0.074 | Min Dist 100 = 0.079 | Min Dist 1000 = 1.102 | Steps Per Second = 88.412 | Success = 1.000 | Success 1000 = 0.630
I0528 14:55:06.507146 22892410500672 terminal.py:91] [Actor] Actor Episodes = 3849 | Actor Steps = 192450 | Delta Dist = 10.336 | Delta Dist 10 = 9.663 | Delta Dist 100 = 8.687 | Delta Dist 1000 = 8.736 | Episode Length = 50 | Episode Return = 26.0 | Evaluator Episodes = 952 | Evaluator Steps = 47600 | Final Dist = 0.977 | Final Dist 10 = 1.651 | Final Dist 100 = 2.627 | Final Dist 1000 = 2.578 | Init Dist = 11.314 | Init Dist 10 = 11.314 | Init Dist 100 = 11.314 | Init Dist 1000 = 11.314 | Learner Steps = 2847 | Learner Walltime = 451.987 | Min Dist = 0.977 | Min Dist 10 = 0.072 | Min Dist 100 = 0.210 | Min Dist 1000 = 0.208 | Steps Per Second = 115.737 | Success = 1.000 | Success 1000 = 0.995
I0528 14:55:06.977085 22895222769216 terminal.py:91] [Evaluator] Actor Episodes = 3854 | Actor Steps = 192700 | Delta Dist = 11.002 | Delta Dist 10 = 10.872 | Delta Dist 100 = 10.916 | Delta Dist 1000 = 9.549 | Episode Length = 50 | Episode Return = 30.0 | Evaluator Episodes = 957 | Evaluator Steps = 47850 | Final Dist = 0.311 | Final Dist 10 = 0.442 | Final Dist 100 = 0.398 | Final Dist 1000 = 1.765 | Init Dist = 11.314 | Init Dist 10 = 11.314 | Init Dist 100 = 11.314 | Init Dist 1000 = 11.314 | Learner Steps = 2853 | Learner Walltime = 453.009 | Min Dist = 0.123 | Min Dist 10 = 0.082 | Min Dist 100 = 0.078 | Min Dist 1000 = 1.100 | Steps Per Second = 86.238 | Success = 1.000 | Success 1000 = 0.631
I0528 14:55:07.168242 22892391589440 terminal.py:91] [Actor] Actor Episodes = 3863 | Actor Steps = 193150 | Delta Dist = 0.149 | Delta Dist 10 = 8.807 | Delta Dist 100 = 8.706 | Delta Dist 1000 = 8.726 | Episode Length = 50 | Episode Return = 30.0 | Evaluator Episodes = 957 | Evaluator Steps = 47850 | Final Dist = 11.165 | Final Dist 10 = 2.507 | Final Dist 100 = 2.608 | Final Dist 1000 = 2.587 | Init Dist = 11.314 | Init Dist 10 = 11.314 | Init Dist 100 = 11.314 | Init Dist 1000 = 11.314 | Learner Steps = 2861 | Learner Walltime = 454.350 | Min Dist = 0.176 | Min Dist 10 = 0.109 | Min Dist 100 = 0.212 | Min Dist 1000 = 0.209 | Steps Per Second = 89.675 | Success = 1.000 | Success 1000 = 0.995
I0528 14:55:07.610958 22892421006912 terminal.py:91] [Actor] Actor Episodes = 3858 | Actor Steps = 192900 | Delta Dist = 10.317 | Delta Dist 10 = 8.034 | Delta Dist 100 = 8.602 | Delta Dist 1000 = 8.720 | Episode Length = 50 | Episode Return = 24.0 | Evaluator Episodes = 957 | Evaluator Steps = 47850 | Final Dist = 0.996 | Final Dist 10 = 3.279 | Final Dist 100 = 2.712 | Final Dist 1000 = 2.594 | Init Dist = 11.314 | Init Dist 10 = 11.314 | Init Dist 100 = 11.314 | Init Dist 1000 = 11.314 | Learner Steps = 2853 | Learner Walltime = 453.009 | Min Dist = 0.084 | Min Dist 10 = 0.109 | Min Dist 100 = 0.213 | Min Dist 1000 = 0.209 | Steps Per Second = 94.383 | Success = 1.000 | Success 1000 = 0.995
I0528 14:55:08.015798 22895222769216 terminal.py:91] [Evaluator] Actor Episodes = 3863 | Actor Steps = 193150 | Delta Dist = 10.343 | Delta Dist 10 = 10.917 | Delta Dist 100 = 10.923 | Delta Dist 1000 = 9.552 | Episode Length = 50 | Episode Return = 25.0 | Evaluator Episodes = 959 | Evaluator Steps = 47950 | Final Dist = 0.971 | Final Dist 10 = 0.397 | Final Dist 100 = 0.391 | Final Dist 1000 = 1.762 | Init Dist = 11.314 | Init Dist 10 = 11.314 | Init Dist 100 = 11.314 | Init Dist 1000 = 11.314 | Learner Steps = 2861 | Learner Walltime = 454.350 | Min Dist = 0.099 | Min Dist 10 = 0.086 | Min Dist 100 = 0.079 | Min Dist 1000 = 1.098 | Steps Per Second = 96.744 | Success = 1.000 | Success 1000 = 0.632
I0528 14:55:08.042301 22892418905664 terminal.py:91] [Actor] Actor Episodes = 3865 | Actor Steps = 193250 | Delta Dist = 10.304 | Delta Dist 10 = 5.820 | Delta Dist 100 = 8.584 | Delta Dist 1000 = 8.699 | Episode Length = 50 | Episode Return = 25.0 | Evaluator Episodes = 959 | Evaluator Steps = 47950 | Final Dist = 1.009 | Final Dist 10 = 5.494 | Final Dist 100 = 2.730 | Final Dist 1000 = 2.615 | Init Dist = 11.314 | Init Dist 10 = 11.314 | Init Dist 100 = 11.314 | Init Dist 1000 = 11.314 | Learner Steps = 2861 | Learner Walltime = 454.350 | Min Dist = 0.068 | Min Dist 10 = 1.240 | Min Dist 100 = 0.325 | Min Dist 1000 = 0.220 | Steps Per Second = 90.487 | Success = 1.000 | Success 1000 = 0.995
I0528 14:55:08.259886 22863692109376 terminal.py:91] [Learner] Actor Episodes = 3869 | Actor Loss = 6.590323448181152 | Actor Steps = 193450 | Binary Accuracy = 0.9960589408874512 | Categorical Accuracy = 0.1156005859375 | Critic Loss = 3.874758720397949 | Entropy Mean = -8.655233383178711 | Evaluator Episodes = 959 | Evaluator Steps = 47950 | Learner Steps = 2868 | Learner Walltime = 455.525 | Logits Neg = -15.945347785949707 | Logits Pos = -3.8788986206054688 | Logsumexp = 0.4673144221305847 | Steps Per Second = 162.748
I0528 14:55:09.532215 22895222769216 terminal.py:91] [Evaluator] Actor Episodes = 3872 | Actor Steps = 193600 | Delta Dist = 11.151 | Delta Dist 10 = 10.856 | Delta Dist 100 = 10.916 | Delta Dist 1000 = 9.556 | Episode Length = 50 | Episode Return = 28.0 | Evaluator Episodes = 962 | Evaluator Steps = 48100 | Final Dist = 0.163 | Final Dist 10 = 0.458 | Final Dist 100 = 0.398 | Final Dist 1000 = 1.758 | Init Dist = 11.314 | Init Dist 10 = 11.314 | Init Dist 100 = 11.314 | Init Dist 1000 = 11.314 | Learner Steps = 2876 | Learner Walltime = 456.644 | Min Dist = 0.066 | Min Dist 10 = 0.090 | Min Dist 100 = 0.079 | Min Dist 1000 = 1.095 | Steps Per Second = 94.807 | Success = 1.000 | Success 1000 = 0.633
I0528 14:55:11.072938 22895222769216 terminal.py:91] [Evaluator] Actor Episodes = 3885 | Actor Steps = 194250 | Delta Dist = 10.291 | Delta Dist 10 = 10.768 | Delta Dist 100 = 10.916 | Delta Dist 1000 = 9.560 | Episode Length = 50 | Episode Return = 23.0 | Evaluator Episodes = 965 | Evaluator Steps = 48250 | Final Dist = 1.023 | Final Dist 10 = 0.545 | Final Dist 100 = 0.397 | Final Dist 1000 = 1.754 | Init Dist = 11.314 | Init Dist 10 = 11.314 | Init Dist 100 = 11.314 | Init Dist 1000 = 11.314 | Learner Steps = 2883 | Learner Walltime = 457.743 | Min Dist = 0.028 | Min Dist 10 = 0.081 | Min Dist 100 = 0.079 | Min Dist 1000 = 1.092 | Steps Per Second = 86.445 | Success = 1.000 | Success 1000 = 0.634
I0528 14:55:12.124254 22918291473984 lp_utils.py:96] StepsLimiter: Reached 194800 recorded steps
I0528 14:55:12.524396 22895222769216 terminal.py:91] [Evaluator] Actor Episodes = 3899 | Actor Steps = 194950 | Delta Dist = 10.266 | Delta Dist 10 = 10.781 | Delta Dist 100 = 10.900 | Delta Dist 1000 = 9.563 | Episode Length = 50 | Episode Return = 23.0 | Evaluator Episodes = 968 | Evaluator Steps = 48400 | Final Dist = 1.047 | Final Dist 10 = 0.532 | Final Dist 100 = 0.413 | Final Dist 1000 = 1.751 | Init Dist = 11.314 | Init Dist 10 = 11.314 | Init Dist 100 = 11.314 | Init Dist 1000 = 11.314 | Learner Steps = 2889 | Learner Walltime = 458.755 | Min Dist = 0.071 | Min Dist 10 = 0.070 | Min Dist 100 = 0.078 | Min Dist 1000 = 1.089 | Steps Per Second = 98.486 | Success = 1.000 | Success 1000 = 0.635
I0528 14:55:13.613959 22895222769216 terminal.py:91] [Evaluator] Actor Episodes = 3911 | Actor Steps = 195550 | Delta Dist = 10.280 | Delta Dist 10 = 10.796 | Delta Dist 100 = 10.892 | Delta Dist 1000 = 9.565 | Episode Length = 50 | Episode Return = 22.0 | Evaluator Episodes = 970 | Evaluator Steps = 48500 | Final Dist = 1.034 | Final Dist 10 = 0.518 | Final Dist 100 = 0.421 | Final Dist 1000 = 1.748 | Init Dist = 11.314 | Init Dist 10 = 11.314 | Init Dist 100 = 11.314 | Init Dist 1000 = 11.314 | Learner Steps = 2896 | Learner Walltime = 459.969 | Min Dist = 0.031 | Min Dist 10 = 0.062 | Min Dist 100 = 0.077 | Min Dist 1000 = 1.087 | Steps Per Second = 79.379 | Success = 1.000 | Success 1000 = 0.636
I0528 14:55:15.102573 22895222769216 terminal.py:91] [Evaluator] Actor Episodes = 3920 | Actor Steps = 196000 | Delta Dist = 10.265 | Delta Dist 10 = 10.630 | Delta Dist 100 = 10.878 | Delta Dist 1000 = 9.569 | Episode Length = 50 | Episode Return = 25.0 | Evaluator Episodes = 973 | Evaluator Steps = 48650 | Final Dist = 1.049 | Final Dist 10 = 0.684 | Final Dist 100 = 0.436 | Final Dist 1000 = 1.745 | Init Dist = 11.314 | Init Dist 10 = 11.314 | Init Dist 100 = 11.314 | Init Dist 1000 = 11.314 | Learner Steps = 2911 | Learner Walltime = 462.290 | Min Dist = 0.047 | Min Dist 10 = 0.057 | Min Dist 100 = 0.077 | Min Dist 1000 = 1.083 | Steps Per Second = 87.782 | Success = 1.000 | Success 1000 = 0.637
I0528 14:55:16.510159 22895222769216 terminal.py:91] [Evaluator] Actor Episodes = 3934 | Actor Steps = 196700 | Delta Dist = 10.351 | Delta Dist 10 = 10.541 | Delta Dist 100 = 10.860 | Delta Dist 1000 = 9.571 | Episode Length = 50 | Episode Return = 28.0 | Evaluator Episodes = 976 | Evaluator Steps = 48800 | Final Dist = 0.963 | Final Dist 10 = 0.772 | Final Dist 100 = 0.454 | Final Dist 1000 = 1.743 | Init Dist = 11.314 | Init Dist 10 = 11.314 | Init Dist 100 = 11.314 | Init Dist 1000 = 11.314 | Learner Steps = 2918 | Learner Walltime = 463.391 | Min Dist = 0.042 | Min Dist 10 = 0.055 | Min Dist 100 = 0.075 | Min Dist 1000 = 1.080 | Steps Per Second = 122.806 | Success = 1.000 | Success 1000 = 0.638
I0528 14:55:16.532625 22892410500672 terminal.py:91] [Actor] Actor Episodes = 3931 | Actor Steps = 196550 | Delta Dist = 11.163 | Delta Dist 10 = 7.194 | Delta Dist 100 = 7.268 | Delta Dist 1000 = 8.614 | Episode Length = 50 | Episode Return = 25.0 | Evaluator Episodes = 973 | Evaluator Steps = 48650 | Final Dist = 0.150 | Final Dist 10 = 4.120 | Final Dist 100 = 4.046 | Final Dist 1000 = 2.700 | Init Dist = 11.314 | Init Dist 10 = 11.314 | Init Dist 100 = 11.314 | Init Dist 1000 = 11.314 | Learner Steps = 2911 | Learner Walltime = 462.290 | Min Dist = 0.150 | Min Dist 10 = 0.179 | Min Dist 100 = 0.589 | Min Dist 1000 = 0.257 | Steps Per Second = 109.471 | Success = 1.000 | Success 1000 = 0.992
I0528 14:55:17.393021 22892391589440 terminal.py:91] [Actor] Actor Episodes = 3933 | Actor Steps = 196650 | Delta Dist = 11.181 | Delta Dist 10 = 4.019 | Delta Dist 100 = 6.982 | Delta Dist 1000 = 8.577 | Episode Length = 50 | Episode Return = 23.0 | Evaluator Episodes = 973 | Evaluator Steps = 48650 | Final Dist = 0.132 | Final Dist 10 = 7.295 | Final Dist 100 = 4.331 | Final Dist 1000 = 2.737 | Init Dist = 11.314 | Init Dist 10 = 11.314 | Init Dist 100 = 11.314 | Init Dist 1000 = 11.314 | Learner Steps = 2918 | Learner Walltime = 463.391 | Min Dist = 0.048 | Min Dist 10 = 2.337 | Min Dist 100 = 0.805 | Min Dist 1000 = 0.280 | Steps Per Second = 118.977 | Success = 1.000 | Success 1000 = 0.992
I0528 14:55:17.868907 22892421006912 terminal.py:91] [Actor] Actor Episodes = 3943 | Actor Steps = 197150 | Delta Dist = 11.163 | Delta Dist 10 = 4.058 | Delta Dist 100 = 6.927 | Delta Dist 1000 = 8.567 | Episode Length = 50 | Episode Return = 24.0 | Evaluator Episodes = 976 | Evaluator Steps = 48800 | Final Dist = 0.151 | Final Dist 10 = 7.256 | Final Dist 100 = 4.386 | Final Dist 1000 = 2.747 | Init Dist = 11.314 | Init Dist 10 = 11.314 | Init Dist 100 = 11.314 | Init Dist 1000 = 11.314 | Learner Steps = 2925 | Learner Walltime = 464.421 | Min Dist = 0.030 | Min Dist 10 = 3.443 | Min Dist 100 = 0.915 | Min Dist 1000 = 0.291 | Steps Per Second = 111.879 | Success = 1.000 | Success 1000 = 0.991
I0528 14:55:17.915422 22895222769216 terminal.py:91] [Evaluator] Actor Episodes = 3946 | Actor Steps = 197300 | Delta Dist = 11.196 | Delta Dist 10 = 10.552 | Delta Dist 100 = 10.856 | Delta Dist 1000 = 9.574 | Episode Length = 50 | Episode Return = 24.0 | Evaluator Episodes = 979 | Evaluator Steps = 48950 | Final Dist = 0.117 | Final Dist 10 = 0.761 | Final Dist 100 = 0.458 | Final Dist 1000 = 1.740 | Init Dist = 11.314 | Init Dist 10 = 11.314 | Init Dist 100 = 11.314 | Init Dist 1000 = 11.314 | Learner Steps = 2925 | Learner Walltime = 464.421 | Min Dist = 0.039 | Min Dist 10 = 0.049 | Min Dist 100 = 0.073 | Min Dist 1000 = 1.077 | Steps Per Second = 93.344 | Success = 1.000 | Success 1000 = 0.639
I0528 14:55:18.422322 22892418905664 terminal.py:91] [Actor] Actor Episodes = 3950 | Actor Steps = 197500 | Delta Dist = 11.100 | Delta Dist 10 = 5.030 | Delta Dist 100 = 6.665 | Delta Dist 1000 = 8.532 | Episode Length = 50 | Episode Return = 24.0 | Evaluator Episodes = 979 | Evaluator Steps = 48950 | Final Dist = 0.214 | Final Dist 10 = 6.283 | Final Dist 100 = 4.649 | Final Dist 1000 = 2.781 | Init Dist = 11.314 | Init Dist 10 = 11.314 | Init Dist 100 = 11.314 | Init Dist 1000 = 11.314 | Learner Steps = 2925 | Learner Walltime = 464.421 | Min Dist = 0.109 | Min Dist 10 = 1.205 | Min Dist 100 = 0.916 | Min Dist 1000 = 0.291 | Steps Per Second = 124.574 | Success = 1.000 | Success 1000 = 0.991
I0528 14:55:18.517719 22863692109376 terminal.py:91] [Learner] Actor Episodes = 3949 | Actor Loss = 6.568755149841309 | Actor Steps = 197450 | Binary Accuracy = 0.9960677623748779 | Categorical Accuracy = 0.1160888671875 | Critic Loss = 3.8959689140319824 | Entropy Mean = -8.50265121459961 | Evaluator Episodes = 979 | Evaluator Steps = 48950 | Learner Steps = 2934 | Learner Walltime = 465.776 | Logits Neg = -15.698749542236328 | Logits Pos = -3.8742146492004395 | Logsumexp = 0.39195460081100464 | Steps Per Second = 247.778
I0528 14:55:19.245169 22895222769216 terminal.py:91] [Evaluator] Actor Episodes = 3958 | Actor Steps = 197900 | Delta Dist = 10.334 | Delta Dist 10 = 10.648 | Delta Dist 100 = 10.865 | Delta Dist 1000 = 9.579 | Episode Length = 50 | Episode Return = 28.0 | Evaluator Episodes = 982 | Evaluator Steps = 49100 | Final Dist = 0.980 | Final Dist 10 = 0.666 | Final Dist 100 = 0.449 | Final Dist 1000 = 1.735 | Init Dist = 11.314 | Init Dist 10 = 11.314 | Init Dist 100 = 11.314 | Init Dist 1000 = 11.314 | Learner Steps = 2932 | Learner Walltime = 465.424 | Min Dist = 0.097 | Min Dist 10 = 0.050 | Min Dist 100 = 0.072 | Min Dist 1000 = 1.074 | Steps Per Second = 112.895 | Success = 1.000 | Success 1000 = 0.640
I0528 14:55:20.696101 22895222769216 terminal.py:91] [Evaluator] Actor Episodes = 3970 | Actor Steps = 198500 | Delta Dist = 11.068 | Delta Dist 10 = 10.831 | Delta Dist 100 = 10.865 | Delta Dist 1000 = 9.583 | Episode Length = 50 | Episode Return = 26.0 | Evaluator Episodes = 985 | Evaluator Steps = 49250 | Final Dist = 0.246 | Final Dist 10 = 0.482 | Final Dist 100 = 0.449 | Final Dist 1000 = 1.731 | Init Dist = 11.314 | Init Dist 10 = 11.314 | Init Dist 100 = 11.314 | Init Dist 1000 = 11.314 | Learner Steps = 2948 | Learner Walltime = 467.655 | Min Dist = 0.118 | Min Dist 10 = 0.060 | Min Dist 100 = 0.072 | Min Dist 1000 = 1.071 | Steps Per Second = 95.387 | Success = 1.000 | Success 1000 = 0.641
I0528 14:55:21.856417 22895222769216 terminal.py:91] [Evaluator] Actor Episodes = 3980 | Actor Steps = 199000 | Delta Dist = 11.222 | Delta Dist 10 = 10.987 | Delta Dist 100 = 10.873 | Delta Dist 1000 = 9.586 | Episode Length = 50 | Episode Return = 26.0 | Evaluator Episodes = 987 | Evaluator Steps = 49350 | Final Dist = 0.091 | Final Dist 10 = 0.327 | Final Dist 100 = 0.441 | Final Dist 1000 = 1.728 | Init Dist = 11.314 | Init Dist 10 = 11.314 | Init Dist 100 = 11.314 | Init Dist 1000 = 11.314 | Learner Steps = 2954 | Learner Walltime = 468.901 | Min Dist = 0.091 | Min Dist 10 = 0.073 | Min Dist 100 = 0.073 | Min Dist 1000 = 1.069 | Steps Per Second = 85.975 | Success = 1.000 | Success 1000 = 0.642
I0528 14:55:22.140316 22918291473984 lp_utils.py:96] StepsLimiter: Reached 199100 recorded steps
I0528 14:55:23.111696 22895222769216 terminal.py:91] [Evaluator] Actor Episodes = 3988 | Actor Steps = 199400 | Delta Dist = 11.185 | Delta Dist 10 = 11.030 | Delta Dist 100 = 10.878 | Delta Dist 1000 = 9.589 | Episode Length = 50 | Episode Return = 22.0 | Evaluator Episodes = 989 | Evaluator Steps = 49450 | Final Dist = 0.129 | Final Dist 10 = 0.283 | Final Dist 100 = 0.436 | Final Dist 1000 = 1.725 | Init Dist = 11.314 | Init Dist 10 = 11.314 | Init Dist 100 = 11.314 | Init Dist 1000 = 11.314 | Learner Steps = 2961 | Learner Walltime = 469.970 | Min Dist = 0.127 | Min Dist 10 = 0.085 | Min Dist 100 = 0.073 | Min Dist 1000 = 1.067 | Steps Per Second = 82.651 | Success = 1.000 | Success 1000 = 0.643
I0528 14:55:24.526495 22895222769216 terminal.py:91] [Evaluator] Actor Episodes = 3996 | Actor Steps = 199800 | Delta Dist = 10.303 | Delta Dist 10 = 10.994 | Delta Dist 100 = 10.878 | Delta Dist 1000 = 9.593 | Episode Length = 50 | Episode Return = 25.0 | Evaluator Episodes = 992 | Evaluator Steps = 49600 | Final Dist = 1.011 | Final Dist 10 = 0.320 | Final Dist 100 = 0.436 | Final Dist 1000 = 1.721 | Init Dist = 11.314 | Init Dist 10 = 11.314 | Init Dist 100 = 11.314 | Init Dist 1000 = 11.314 | Learner Steps = 2966 | Learner Walltime = 470.978 | Min Dist = 0.013 | Min Dist 10 = 0.102 | Min Dist 100 = 0.074 | Min Dist 1000 = 1.064 | Steps Per Second = 113.026 | Success = 1.000 | Success 1000 = 0.644
I0528 14:55:25.954126 22895222769216 terminal.py:91] [Evaluator] Actor Episodes = 4010 | Actor Steps = 200500 | Delta Dist = 11.150 | Delta Dist 10 = 10.968 | Delta Dist 100 = 10.868 | Delta Dist 1000 = 9.597 | Episode Length = 50 | Episode Return = 28.0 | Evaluator Episodes = 995 | Evaluator Steps = 49750 | Final Dist = 0.164 | Final Dist 10 = 0.345 | Final Dist 100 = 0.446 | Final Dist 1000 = 1.717 | Init Dist = 11.314 | Init Dist 10 = 11.314 | Init Dist 100 = 11.314 | Init Dist 1000 = 11.314 | Learner Steps = 2974 | Learner Walltime = 472.149 | Min Dist = 0.017 | Min Dist 10 = 0.090 | Min Dist 100 = 0.073 | Min Dist 1000 = 1.061 | Steps Per Second = 114.839 | Success = 1.000 | Success 1000 = 0.645
I0528 14:55:26.955989 22895222769216 terminal.py:91] [Evaluator] Actor Episodes = 4021 | Actor Steps = 201050 | Delta Dist = 11.083 | Delta Dist 10 = 10.987 | Delta Dist 100 = 10.870 | Delta Dist 1000 = 9.600 | Episode Length = 50 | Episode Return = 22.0 | Evaluator Episodes = 997 | Evaluator Steps = 49850 | Final Dist = 0.231 | Final Dist 10 = 0.327 | Final Dist 100 = 0.444 | Final Dist 1000 = 1.714 | Init Dist = 11.314 | Init Dist 10 = 11.314 | Init Dist 100 = 11.314 | Init Dist 1000 = 11.314 | Learner Steps = 2981 | Learner Walltime = 473.284 | Min Dist = 0.040 | Min Dist 10 = 0.080 | Min Dist 100 = 0.072 | Min Dist 1000 = 1.059 | Steps Per Second = 93.708 | Success = 1.000 | Success 1000 = 0.646
I0528 14:55:26.981835 22892410500672 terminal.py:91] [Actor] Actor Episodes = 4014 | Actor Steps = 200700 | Delta Dist = 11.252 | Delta Dist 10 = 7.608 | Delta Dist 100 = 7.499 | Delta Dist 1000 = 8.587 | Episode Length = 50 | Episode Return = 26.0 | Evaluator Episodes = 995 | Evaluator Steps = 49750 | Final Dist = 0.062 | Final Dist 10 = 3.706 | Final Dist 100 = 3.815 | Final Dist 1000 = 2.727 | Init Dist = 11.314 | Init Dist 10 = 11.314 | Init Dist 100 = 11.314 | Init Dist 1000 = 11.314 | Learner Steps = 2981 | Learner Walltime = 473.284 | Min Dist = 0.037 | Min Dist 10 = 0.075 | Min Dist 100 = 0.543 | Min Dist 1000 = 0.290 | Steps Per Second = 82.013 | Success = 1.000 | Success 1000 = 0.991
I0528 14:55:27.394360 22892391589440 terminal.py:91] [Actor] Actor Episodes = 4022 | Actor Steps = 201100 | Delta Dist = 11.219 | Delta Dist 10 = 8.704 | Delta Dist 100 = 7.498 | Delta Dist 1000 = 8.588 | Episode Length = 50 | Episode Return = 24.0 | Evaluator Episodes = 995 | Evaluator Steps = 49750 | Final Dist = 0.095 | Final Dist 10 = 2.610 | Final Dist 100 = 3.816 | Final Dist 1000 = 2.725 | Init Dist = 11.314 | Init Dist 10 = 11.314 | Init Dist 100 = 11.314 | Init Dist 1000 = 11.314 | Learner Steps = 2981 | Learner Walltime = 473.284 | Min Dist = 0.074 | Min Dist 10 = 0.063 | Min Dist 100 = 0.542 | Min Dist 1000 = 0.290 | Steps Per Second = 113.451 | Success = 1.000 | Success 1000 = 0.991
I0528 14:55:28.001597 22895222769216 terminal.py:91] [Evaluator] Actor Episodes = 4025 | Actor Steps = 201250 | Delta Dist = 11.077 | Delta Dist 10 = 11.009 | Delta Dist 100 = 10.876 | Delta Dist 1000 = 9.603 | Episode Length = 50 | Episode Return = 25.0 | Evaluator Episodes = 999 | Evaluator Steps = 49950 | Final Dist = 0.236 | Final Dist 10 = 0.305 | Final Dist 100 = 0.437 | Final Dist 1000 = 1.711 | Init Dist = 11.314 | Init Dist 10 = 11.314 | Init Dist 100 = 11.314 | Init Dist 1000 = 11.314 | Learner Steps = 2988 | Learner Walltime = 474.382 | Min Dist = 0.086 | Min Dist 10 = 0.069 | Min Dist 100 = 0.072 | Min Dist 1000 = 1.057 | Steps Per Second = 93.918 | Success = 1.000 | Success 1000 = 0.646
I0528 14:55:28.273540 22892421006912 terminal.py:91] [Actor] Actor Episodes = 4026 | Actor Steps = 201300 | Delta Dist = 11.161 | Delta Dist 10 = 9.132 | Delta Dist 100 = 7.586 | Delta Dist 1000 = 8.571 | Episode Length = 50 | Episode Return = 23.0 | Evaluator Episodes = 997 | Evaluator Steps = 49850 | Final Dist = 0.152 | Final Dist 10 = 2.181 | Final Dist 100 = 3.728 | Final Dist 1000 = 2.743 | Init Dist = 11.314 | Init Dist 10 = 11.314 | Init Dist 100 = 11.314 | Init Dist 1000 = 11.314 | Learner Steps = 2988 | Learner Walltime = 474.382 | Min Dist = 0.051 | Min Dist 10 = 1.188 | Min Dist 100 = 0.652 | Min Dist 1000 = 0.301 | Steps Per Second = 88.920 | Success = 1.000 | Success 1000 = 0.992
I0528 14:55:28.517428 22863692109376 terminal.py:91] [Learner] Actor Episodes = 4025 | Actor Loss = 6.723223686218262 | Actor Steps = 201250 | Binary Accuracy = 0.9960117340087891 | Categorical Accuracy = 0.11724853515625 | Critic Loss = 3.868710517883301 | Entropy Mean = -8.223236083984375 | Evaluator Episodes = 999 | Evaluator Steps = 49950 | Learner Steps = 2996 | Learner Walltime = 475.785 | Logits Neg = -15.90235710144043 | Logits Pos = -3.866793632507324 | Logsumexp = 0.47273147106170654 | Steps Per Second = 750.637
I0528 14:55:28.824609 22892418905664 terminal.py:91] [Actor] Actor Episodes = 4029 | Actor Steps = 201450 | Delta Dist = 10.357 | Delta Dist 10 = 8.996 | Delta Dist 100 = 7.842 | Delta Dist 1000 = 8.570 | Episode Length = 50 | Episode Return = 26.0 | Evaluator Episodes = 999 | Evaluator Steps = 49950 | Final Dist = 0.957 | Final Dist 10 = 2.318 | Final Dist 100 = 3.472 | Final Dist 1000 = 2.743 | Init Dist = 11.314 | Init Dist 10 = 11.314 | Init Dist 100 = 11.314 | Init Dist 1000 = 11.314 | Learner Steps = 2994 | Learner Walltime = 475.444 | Min Dist = 0.055 | Min Dist 10 = 1.208 | Min Dist 100 = 0.643 | Min Dist 1000 = 0.301 | Steps Per Second = 99.166 | Success = 1.000 | Success 1000 = 0.992
I0528 14:55:29.030862 22895222769216 terminal.py:91] [Evaluator] Actor Episodes = 4035 | Actor Steps = 201750 | Delta Dist = 10.304 | Delta Dist 10 = 10.939 | Delta Dist 100 = 10.876 | Delta Dist 1000 = 9.605 | Episode Length = 50 | Episode Return = 25.0 | Evaluator Episodes = 1001 | Evaluator Steps = 50050 | Final Dist = 1.010 | Final Dist 10 = 0.374 | Final Dist 100 = 0.437 | Final Dist 1000 = 1.709 | Init Dist = 11.314 | Init Dist 10 = 11.314 | Init Dist 100 = 11.314 | Init Dist 1000 = 11.314 | Learner Steps = 2994 | Learner Walltime = 475.444 | Min Dist = 0.058 | Min Dist 10 = 0.063 | Min Dist 100 = 0.073 | Min Dist 1000 = 1.055 | Steps Per Second = 105.016 | Success = 1.000 | Success 1000 = 0.647
I0528 14:55:30.124855 22895222769216 terminal.py:91] [Evaluator] Actor Episodes = 4044 | Actor Steps = 202200 | Delta Dist = 10.268 | Delta Dist 10 = 10.942 | Delta Dist 100 = 10.874 | Delta Dist 1000 = 9.618 | Episode Length = 50 | Episode Return = 23.0 | Evaluator Episodes = 1003 | Evaluator Steps = 50150 | Final Dist = 1.046 | Final Dist 10 = 0.372 | Final Dist 100 = 0.440 | Final Dist 1000 = 1.695 | Init Dist = 11.314 | Init Dist 10 = 11.314 | Init Dist 100 = 11.314 | Init Dist 1000 = 11.314 | Learner Steps = 3001 | Learner Walltime = 476.657 | Min Dist = 0.029 | Min Dist 10 = 0.068 | Min Dist 100 = 0.073 | Min Dist 1000 = 1.044 | Steps Per Second = 99.917 | Success = 1.000 | Success 1000 = 0.649
I0528 14:55:31.215910 22895222769216 terminal.py:91] [Evaluator] Actor Episodes = 4053 | Actor Steps = 202650 | Delta Dist = 11.121 | Delta Dist 10 = 10.859 | Delta Dist 100 = 10.865 | Delta Dist 1000 = 9.631 | Episode Length = 50 | Episode Return = 22.0 | Evaluator Episodes = 1005 | Evaluator Steps = 50250 | Final Dist = 0.193 | Final Dist 10 = 0.455 | Final Dist 100 = 0.449 | Final Dist 1000 = 1.682 | Init Dist = 11.314 | Init Dist 10 = 11.314 | Init Dist 100 = 11.314 | Init Dist 1000 = 11.314 | Learner Steps = 3008 | Learner Walltime = 477.760 | Min Dist = 0.047 | Min Dist 10 = 0.064 | Min Dist 100 = 0.073 | Min Dist 1000 = 1.033 | Steps Per Second = 92.680 | Success = 1.000 | Success 1000 = 0.651
I0528 14:55:32.162058 22918291473984 lp_utils.py:96] StepsLimiter: Reached 203050 recorded steps
I0528 14:55:32.338434 22895222769216 terminal.py:91] [Evaluator] Actor Episodes = 4061 | Actor Steps = 203050 | Delta Dist = 10.945 | Delta Dist 10 = 10.839 | Delta Dist 100 = 10.864 | Delta Dist 1000 = 9.650 | Episode Length = 50 | Episode Return = 29.0 | Evaluator Episodes = 1007 | Evaluator Steps = 50350 | Final Dist = 0.368 | Final Dist 10 = 0.475 | Final Dist 100 = 0.450 | Final Dist 1000 = 1.664 | Init Dist = 11.314 | Init Dist 10 = 11.314 | Init Dist 100 = 11.314 | Init Dist 1000 = 11.314 | Learner Steps = 3015 | Learner Walltime = 478.901 | Min Dist = 0.078 | Min Dist 10 = 0.066 | Min Dist 100 = 0.073 | Min Dist 1000 = 1.018 | Steps Per Second = 83.412 | Success = 1.000 | Success 1000 = 0.653
I0528 14:55:33.344634 22895222769216 terminal.py:91] [Evaluator] Actor Episodes = 4065 | Actor Steps = 203250 | Delta Dist = 11.150 | Delta Dist 10 = 10.838 | Delta Dist 100 = 10.869 | Delta Dist 1000 = 9.667 | Episode Length = 50 | Episode Return = 27.0 | Evaluator Episodes = 1009 | Evaluator Steps = 50450 | Final Dist = 0.164 | Final Dist 10 = 0.476 | Final Dist 100 = 0.444 | Final Dist 1000 = 1.647 | Init Dist = 11.314 | Init Dist 10 = 11.314 | Init Dist 100 = 11.314 | Init Dist 1000 = 11.314 | Learner Steps = 3021 | Learner Walltime = 479.969 | Min Dist = 0.088 | Min Dist 10 = 0.075 | Min Dist 100 = 0.072 | Min Dist 1000 = 1.004 | Steps Per Second = 93.372 | Success = 1.000 | Success 1000 = 0.655
I0528 14:55:34.378560 22895222769216 terminal.py:91] [Evaluator] Actor Episodes = 4073 | Actor Steps = 203650 | Delta Dist = 10.308 | Delta Dist 10 = 10.936 | Delta Dist 100 = 10.878 | Delta Dist 1000 = 9.684 | Episode Length = 50 | Episode Return = 26.0 | Evaluator Episodes = 1011 | Evaluator Steps = 50550 | Final Dist = 1.006 | Final Dist 10 = 0.378 | Final Dist 100 = 0.435 | Final Dist 1000 = 1.630 | Init Dist = 11.314 | Init Dist 10 = 11.314 | Init Dist 100 = 11.314 | Init Dist 1000 = 11.314 | Learner Steps = 3028 | Learner Walltime = 480.987 | Min Dist = 0.095 | Min Dist 10 = 0.071 | Min Dist 100 = 0.073 | Min Dist 1000 = 0.993 | Steps Per Second = 94.446 | Success = 1.000 | Success 1000 = 0.657
I0528 14:55:35.464124 22895222769216 terminal.py:91] [Evaluator] Actor Episodes = 4084 | Actor Steps = 204200 | Delta Dist = 11.157 | Delta Dist 10 = 10.852 | Delta Dist 100 = 10.870 | Delta Dist 1000 = 9.701 | Episode Length = 50 | Episode Return = 28.0 | Evaluator Episodes = 1013 | Evaluator Steps = 50650 | Final Dist = 0.157 | Final Dist 10 = 0.462 | Final Dist 100 = 0.444 | Final Dist 1000 = 1.612 | Init Dist = 11.314 | Init Dist 10 = 11.314 | Init Dist 100 = 11.314 | Init Dist 1000 = 11.314 | Learner Steps = 3034 | Learner Walltime = 482.076 | Min Dist = 0.095 | Min Dist 10 = 0.072 | Min Dist 100 = 0.073 | Min Dist 1000 = 0.977 | Steps Per Second = 97.444 | Success = 1.000 | Success 1000 = 0.659
I0528 14:55:36.106649 22897759475264 savers.py:156] Saving checkpoint: /home/gliu2/rebuttal/checkpoints/contrastive_cpc_point_FourRooms_0/checkpoints/learner
I0528 14:55:36.588178 22895222769216 terminal.py:91] [Evaluator] Actor Episodes = 4092 | Actor Steps = 204600 | Delta Dist = 11.109 | Delta Dist 10 = 10.944 | Delta Dist 100 = 10.878 | Delta Dist 1000 = 9.715 | Episode Length = 50 | Episode Return = 24.0 | Evaluator Episodes = 1015 | Evaluator Steps = 50750 | Final Dist = 0.205 | Final Dist 10 = 0.370 | Final Dist 100 = 0.436 | Final Dist 1000 = 1.598 | Init Dist = 11.314 | Init Dist 10 = 11.314 | Init Dist 100 = 11.314 | Init Dist 1000 = 11.314 | Learner Steps = 3042 | Learner Walltime = 483.383 | Min Dist = 0.107 | Min Dist 10 = 0.072 | Min Dist 100 = 0.072 | Min Dist 1000 = 0.964 | Steps Per Second = 85.365 | Success = 1.000 | Success 1000 = 0.661
I0528 14:55:37.267308 22892410500672 terminal.py:91] [Actor] Actor Episodes = 4100 | Actor Steps = 205000 | Delta Dist = 10.656 | Delta Dist 10 = 9.405 | Delta Dist 100 = 8.301 | Delta Dist 1000 = 8.500 | Episode Length = 50 | Episode Return = 23.0 | Evaluator Episodes = 1015 | Evaluator Steps = 50750 | Final Dist = 0.658 | Final Dist 10 = 1.909 | Final Dist 100 = 3.013 | Final Dist 1000 = 2.814 | Init Dist = 11.314 | Init Dist 10 = 11.314 | Init Dist 100 = 11.314 | Init Dist 1000 = 11.314 | Learner Steps = 3048 | Learner Walltime = 484.457 | Min Dist = 0.658 | Min Dist 10 = 0.132 | Min Dist 100 = 0.320 | Min Dist 1000 = 0.315 | Steps Per Second = 100.133 | Success = 1.000 | Success 1000 = 0.991
I0528 14:55:37.606906 22892391589440 terminal.py:91] [Actor] Actor Episodes = 4096 | Actor Steps = 204800 | Delta Dist = 10.375 | Delta Dist 10 = 8.671 | Delta Dist 100 = 8.204 | Delta Dist 1000 = 8.498 | Episode Length = 50 | Episode Return = 27.0 | Evaluator Episodes = 1015 | Evaluator Steps = 50750 | Final Dist = 0.939 | Final Dist 10 = 2.642 | Final Dist 100 = 3.110 | Final Dist 1000 = 2.815 | Init Dist = 11.314 | Init Dist 10 = 11.314 | Init Dist 100 = 11.314 | Init Dist 1000 = 11.314 | Learner Steps = 3042 | Learner Walltime = 483.383 | Min Dist = 0.069 | Min Dist 10 = 0.186 | Min Dist 100 = 0.326 | Min Dist 1000 = 0.315 | Steps Per Second = 90.571 | Success = 1.000 | Success 1000 = 0.991
I0528 14:55:37.647632 22895222769216 terminal.py:91] [Evaluator] Actor Episodes = 4100 | Actor Steps = 205000 | Delta Dist = 11.058 | Delta Dist 10 = 10.956 | Delta Dist 100 = 10.879 | Delta Dist 1000 = 9.732 | Episode Length = 50 | Episode Return = 25.0 | Evaluator Episodes = 1017 | Evaluator Steps = 50850 | Final Dist = 0.256 | Final Dist 10 = 0.358 | Final Dist 100 = 0.435 | Final Dist 1000 = 1.582 | Init Dist = 11.314 | Init Dist 10 = 11.314 | Init Dist 100 = 11.314 | Init Dist 1000 = 11.314 | Learner Steps = 3048 | Learner Walltime = 484.457 | Min Dist = 0.066 | Min Dist 10 = 0.083 | Min Dist 100 = 0.073 | Min Dist 1000 = 0.948 | Steps Per Second = 88.992 | Success = 1.000 | Success 1000 = 0.663
I0528 14:55:38.559075 22892421006912 terminal.py:91] [Actor] Actor Episodes = 4105 | Actor Steps = 205250 | Delta Dist = 10.245 | Delta Dist 10 = 9.707 | Delta Dist 100 = 8.325 | Delta Dist 1000 = 8.511 | Episode Length = 50 | Episode Return = 23.0 | Evaluator Episodes = 1017 | Evaluator Steps = 50850 | Final Dist = 1.068 | Final Dist 10 = 1.607 | Final Dist 100 = 2.988 | Final Dist 1000 = 2.803 | Init Dist = 11.314 | Init Dist 10 = 11.314 | Init Dist 100 = 11.314 | Init Dist 1000 = 11.314 | Learner Steps = 3048 | Learner Walltime = 484.457 | Min Dist = 0.073 | Min Dist 10 = 0.123 | Min Dist 100 = 0.323 | Min Dist 1000 = 0.315 | Steps Per Second = 97.886 | Success = 1.000 | Success 1000 = 0.991
I0528 14:55:38.694532 22895222769216 terminal.py:91] [Evaluator] Actor Episodes = 4109 | Actor Steps = 205450 | Delta Dist = 11.222 | Delta Dist 10 = 10.966 | Delta Dist 100 = 10.878 | Delta Dist 1000 = 9.750 | Episode Length = 50 | Episode Return = 23.0 | Evaluator Episodes = 1019 | Evaluator Steps = 50950 | Final Dist = 0.092 | Final Dist 10 = 0.348 | Final Dist 100 = 0.436 | Final Dist 1000 = 1.564 | Init Dist = 11.314 | Init Dist 10 = 11.314 | Init Dist 100 = 11.314 | Init Dist 1000 = 11.314 | Learner Steps = 3056 | Learner Walltime = 485.672 | Min Dist = 0.086 | Min Dist 10 = 0.080 | Min Dist 100 = 0.073 | Min Dist 1000 = 0.937 | Steps Per Second = 91.850 | Success = 1.000 | Success 1000 = 0.665
I0528 14:55:38.697622 22863692109376 terminal.py:91] [Learner] Actor Episodes = 4109 | Actor Loss = 6.371533393859863 | Actor Steps = 205450 | Binary Accuracy = 0.996051549911499 | Categorical Accuracy = 0.1160888671875 | Critic Loss = 3.9195308685302734 | Entropy Mean = -10.876891136169434 | Evaluator Episodes = 1017 | Evaluator Steps = 50850 | Learner Steps = 3058 | Learner Walltime = 485.968 | Logits Neg = -15.303543090820312 | Logits Pos = -3.92024302482605 | Logsumexp = 0.43367260694503784 | Steps Per Second = 337.089
I0528 14:55:39.326618 22892418905664 terminal.py:91] [Actor] Actor Episodes = 4112 | Actor Steps = 205600 | Delta Dist = 11.058 | Delta Dist 10 = 8.966 | Delta Dist 100 = 8.347 | Delta Dist 1000 = 8.503 | Episode Length = 50 | Episode Return = 27.0 | Evaluator Episodes = 1019 | Evaluator Steps = 50950 | Final Dist = 0.256 | Final Dist 10 = 2.347 | Final Dist 100 = 2.966 | Final Dist 1000 = 2.810 | Init Dist = 11.314 | Init Dist 10 = 11.314 | Init Dist 100 = 11.314 | Init Dist 1000 = 11.314 | Learner Steps = 3056 | Learner Walltime = 485.672 | Min Dist = 0.123 | Min Dist 10 = 1.189 | Min Dist 100 = 0.434 | Min Dist 1000 = 0.326 | Steps Per Second = 96.661 | Success = 1.000 | Success 1000 = 0.991
I0528 14:55:40.257448 22895222769216 terminal.py:91] [Evaluator] Actor Episodes = 4122 | Actor Steps = 206100 | Delta Dist = 11.168 | Delta Dist 10 = 11.051 | Delta Dist 100 = 10.878 | Delta Dist 1000 = 9.772 | Episode Length = 50 | Episode Return = 25.0 | Evaluator Episodes = 1022 | Evaluator Steps = 51100 | Final Dist = 0.145 | Final Dist 10 = 0.263 | Final Dist 100 = 0.436 | Final Dist 1000 = 1.541 | Init Dist = 11.314 | Init Dist 10 = 11.314 | Init Dist 100 = 11.314 | Init Dist 1000 = 11.314 | Learner Steps = 3063 | Learner Walltime = 486.743 | Min Dist = 0.051 | Min Dist 10 = 0.081 | Min Dist 100 = 0.073 | Min Dist 1000 = 0.915 | Steps Per Second = 80.666 | Success = 1.000 | Success 1000 = 0.668
I0528 14:55:41.366131 22895222769216 terminal.py:91] [Evaluator] Actor Episodes = 4132 | Actor Steps = 206600 | Delta Dist = 11.112 | Delta Dist 10 = 11.116 | Delta Dist 100 = 10.877 | Delta Dist 1000 = 9.791 | Episode Length = 50 | Episode Return = 25.0 | Evaluator Episodes = 1024 | Evaluator Steps = 51200 | Final Dist = 0.202 | Final Dist 10 = 0.198 | Final Dist 100 = 0.437 | Final Dist 1000 = 1.522 | Init Dist = 11.314 | Init Dist 10 = 11.314 | Init Dist 100 = 11.314 | Init Dist 1000 = 11.314 | Learner Steps = 3069 | Learner Walltime = 487.803 | Min Dist = 0.051 | Min Dist 10 = 0.079 | Min Dist 100 = 0.073 | Min Dist 1000 = 0.897 | Steps Per Second = 89.351 | Success = 1.000 | Success 1000 = 0.670
I0528 14:55:42.184790 22918291473984 lp_utils.py:96] StepsLimiter: Reached 206800 recorded steps
I0528 14:55:42.478439 22895222769216 terminal.py:91] [Evaluator] Actor Episodes = 4138 | Actor Steps = 206900 | Delta Dist = 11.148 | Delta Dist 10 = 11.111 | Delta Dist 100 = 10.875 | Delta Dist 1000 = 9.805 | Episode Length = 50 | Episode Return = 23.0 | Evaluator Episodes = 1026 | Evaluator Steps = 51300 | Final Dist = 0.165 | Final Dist 10 = 0.203 | Final Dist 100 = 0.439 | Final Dist 1000 = 1.509 | Init Dist = 11.314 | Init Dist 10 = 11.314 | Init Dist 100 = 11.314 | Init Dist 1000 = 11.314 | Learner Steps = 3075 | Learner Walltime = 488.880 | Min Dist = 0.077 | Min Dist 10 = 0.076 | Min Dist 100 = 0.072 | Min Dist 1000 = 0.887 | Steps Per Second = 89.955 | Success = 1.000 | Success 1000 = 0.672
I0528 14:55:43.538317 22895222769216 terminal.py:91] [Evaluator] Actor Episodes = 4147 | Actor Steps = 207350 | Delta Dist = 11.172 | Delta Dist 10 = 11.121 | Delta Dist 100 = 10.885 | Delta Dist 1000 = 9.823 | Episode Length = 50 | Episode Return = 25.0 | Evaluator Episodes = 1028 | Evaluator Steps = 51400 | Final Dist = 0.142 | Final Dist 10 = 0.192 | Final Dist 100 = 0.429 | Final Dist 1000 = 1.491 | Init Dist = 11.314 | Init Dist 10 = 11.314 | Init Dist 100 = 11.314 | Init Dist 1000 = 11.314 | Learner Steps = 3082 | Learner Walltime = 489.934 | Min Dist = 0.084 | Min Dist 10 = 0.075 | Min Dist 100 = 0.073 | Min Dist 1000 = 0.873 | Steps Per Second = 108.090 | Success = 1.000 | Success 1000 = 0.674
I0528 14:55:44.672055 22895222769216 terminal.py:91] [Evaluator] Actor Episodes = 4155 | Actor Steps = 207750 | Delta Dist = 11.155 | Delta Dist 10 = 11.110 | Delta Dist 100 = 10.893 | Delta Dist 1000 = 9.839 | Episode Length = 50 | Episode Return = 26.0 | Evaluator Episodes = 1030 | Evaluator Steps = 51500 | Final Dist = 0.159 | Final Dist 10 = 0.203 | Final Dist 100 = 0.421 | Final Dist 1000 = 1.475 | Init Dist = 11.314 | Init Dist 10 = 11.314 | Init Dist 100 = 11.314 | Init Dist 1000 = 11.314 | Learner Steps = 3088 | Learner Walltime = 491.008 | Min Dist = 0.046 | Min Dist 10 = 0.072 | Min Dist 100 = 0.073 | Min Dist 1000 = 0.859 | Steps Per Second = 94.547 | Success = 1.000 | Success 1000 = 0.676
I0528 14:55:45.709411 22895222769216 terminal.py:91] [Evaluator] Actor Episodes = 4163 | Actor Steps = 208150 | Delta Dist = 11.219 | Delta Dist 10 = 11.113 | Delta Dist 100 = 10.902 | Delta Dist 1000 = 9.855 | Episode Length = 50 | Episode Return = 28.0 | Evaluator Episodes = 1032 | Evaluator Steps = 51600 | Final Dist = 0.095 | Final Dist 10 = 0.201 | Final Dist 100 = 0.412 | Final Dist 1000 = 1.459 | Init Dist = 11.314 | Init Dist 10 = 11.314 | Init Dist 100 = 11.314 | Init Dist 1000 = 11.314 | Learner Steps = 3093 | Learner Walltime = 492.058 | Min Dist = 0.072 | Min Dist 10 = 0.069 | Min Dist 100 = 0.073 | Min Dist 1000 = 0.846 | Steps Per Second = 103.009 | Success = 1.000 | Success 1000 = 0.678
I0528 14:55:46.837185 22895222769216 terminal.py:91] [Evaluator] Actor Episodes = 4171 | Actor Steps = 208550 | Delta Dist = 10.258 | Delta Dist 10 = 11.126 | Delta Dist 100 = 10.901 | Delta Dist 1000 = 9.868 | Episode Length = 50 | Episode Return = 23.0 | Evaluator Episodes = 1034 | Evaluator Steps = 51700 | Final Dist = 1.056 | Final Dist 10 = 0.187 | Final Dist 100 = 0.413 | Final Dist 1000 = 1.445 | Init Dist = 11.314 | Init Dist 10 = 11.314 | Init Dist 100 = 11.314 | Init Dist 1000 = 11.314 | Learner Steps = 3100 | Learner Walltime = 493.200 | Min Dist = 0.058 | Min Dist 10 = 0.071 | Min Dist 100 = 0.073 | Min Dist 1000 = 0.833 | Steps Per Second = 83.020 | Success = 1.000 | Success 1000 = 0.680
I0528 14:55:47.305401 22892410500672 terminal.py:91] [Actor] Actor Episodes = 4175 | Actor Steps = 208750 | Delta Dist = 10.972 | Delta Dist 10 = 7.462 | Delta Dist 100 = 8.270 | Delta Dist 1000 = 8.479 | Episode Length = 50 | Episode Return = 27.0 | Evaluator Episodes = 1034 | Evaluator Steps = 51700 | Final Dist = 0.342 | Final Dist 10 = 3.852 | Final Dist 100 = 3.044 | Final Dist 1000 = 2.835 | Init Dist = 11.314 | Init Dist 10 = 11.314 | Init Dist 100 = 11.314 | Init Dist 1000 = 11.314 | Learner Steps = 3106 | Learner Walltime = 494.242 | Min Dist = 0.100 | Min Dist 10 = 0.111 | Min Dist 100 = 0.345 | Min Dist 1000 = 0.317 | Steps Per Second = 105.364 | Success = 1.000 | Success 1000 = 0.990
I0528 14:55:47.683797 22892391589440 terminal.py:91] [Actor] Actor Episodes = 4174 | Actor Steps = 208700 | Delta Dist = 10.260 | Delta Dist 10 = 8.047 | Delta Dist 100 = 8.358 | Delta Dist 1000 = 8.475 | Episode Length = 50 | Episode Return = 24.0 | Evaluator Episodes = 1034 | Evaluator Steps = 51700 | Final Dist = 1.053 | Final Dist 10 = 3.267 | Final Dist 100 = 2.955 | Final Dist 1000 = 2.839 | Init Dist = 11.314 | Init Dist 10 = 11.314 | Init Dist 100 = 11.314 | Init Dist 1000 = 11.314 | Learner Steps = 3106 | Learner Walltime = 494.242 | Min Dist = 0.017 | Min Dist 10 = 0.113 | Min Dist 100 = 0.336 | Min Dist 1000 = 0.317 | Steps Per Second = 113.499 | Success = 1.000 | Success 1000 = 0.990
I0528 14:55:47.851646 22895222769216 terminal.py:91] [Evaluator] Actor Episodes = 4179 | Actor Steps = 208950 | Delta Dist = 11.111 | Delta Dist 10 = 11.042 | Delta Dist 100 = 10.892 | Delta Dist 1000 = 9.881 | Episode Length = 50 | Episode Return = 22.0 | Evaluator Episodes = 1036 | Evaluator Steps = 51800 | Final Dist = 0.202 | Final Dist 10 = 0.271 | Final Dist 100 = 0.422 | Final Dist 1000 = 1.433 | Init Dist = 11.314 | Init Dist 10 = 11.314 | Init Dist 100 = 11.314 | Init Dist 1000 = 11.314 | Learner Steps = 3106 | Learner Walltime = 494.242 | Min Dist = 0.095 | Min Dist 10 = 0.069 | Min Dist 100 = 0.073 | Min Dist 1000 = 0.821 | Steps Per Second = 98.033 | Success = 1.000 | Success 1000 = 0.682
I0528 14:55:48.713750 22892421006912 terminal.py:91] [Actor] Actor Episodes = 4187 | Actor Steps = 209350 | Delta Dist = 11.235 | Delta Dist 10 = 6.513 | Delta Dist 100 = 8.304 | Delta Dist 1000 = 8.455 | Episode Length = 50 | Episode Return = 26.0 | Evaluator Episodes = 1036 | Evaluator Steps = 51800 | Final Dist = 0.079 | Final Dist 10 = 4.819 | Final Dist 100 = 3.010 | Final Dist 1000 = 2.870 | Init Dist = 11.314 | Init Dist 10 = 11.314 | Init Dist 100 = 11.314 | Init Dist 1000 = 11.314 | Learner Steps = 3113 | Learner Walltime = 495.323 | Min Dist = 0.029 | Min Dist 10 = 0.076 | Min Dist 100 = 0.224 | Min Dist 1000 = 0.317 | Steps Per Second = 118.503 | Success = 1.000 | Success 1000 = 0.990
I0528 14:55:48.909046 22863692109376 terminal.py:91] [Learner] Actor Episodes = 4179 | Actor Loss = 6.429507255554199 | Actor Steps = 208950 | Binary Accuracy = 0.9960126876831055 | Categorical Accuracy = 0.11865234375 | Critic Loss = 3.8511152267456055 | Entropy Mean = -10.603492736816406 | Evaluator Episodes = 1036 | Evaluator Steps = 51800 | Learner Steps = 3118 | Learner Walltime = 496.175 | Logits Neg = -15.677876472473145 | Logits Pos = -3.8071765899658203 | Logsumexp = 0.48740312457084656 | Steps Per Second = 243.216
I0528 14:55:49.330638 22895222769216 terminal.py:91] [Evaluator] Actor Episodes = 4187 | Actor Steps = 209350 | Delta Dist = 10.951 | Delta Dist 10 = 10.936 | Delta Dist 100 = 10.889 | Delta Dist 1000 = 9.911 | Episode Length = 50 | Episode Return = 24.0 | Evaluator Episodes = 1039 | Evaluator Steps = 51950 | Final Dist = 0.363 | Final Dist 10 = 0.378 | Final Dist 100 = 0.424 | Final Dist 1000 = 1.403 | Init Dist = 11.314 | Init Dist 10 = 11.314 | Init Dist 100 = 11.314 | Init Dist 1000 = 11.314 | Learner Steps = 3120 | Learner Walltime = 496.360 | Min Dist = 0.051 | Min Dist 10 = 0.067 | Min Dist 100 = 0.073 | Min Dist 1000 = 0.795 | Steps Per Second = 99.296 | Success = 1.000 | Success 1000 = 0.685
I0528 14:55:49.374185 22892418905664 terminal.py:91] [Actor] Actor Episodes = 4187 | Actor Steps = 209350 | Delta Dist = 10.256 | Delta Dist 10 = 6.519 | Delta Dist 100 = 8.231 | Delta Dist 1000 = 8.444 | Episode Length = 50 | Episode Return = 21.0 | Evaluator Episodes = 1036 | Evaluator Steps = 51800 | Final Dist = 1.058 | Final Dist 10 = 4.794 | Final Dist 100 = 3.083 | Final Dist 1000 = 2.869 | Init Dist = 11.314 | Init Dist 10 = 11.314 | Init Dist 100 = 11.314 | Init Dist 1000 = 11.314 | Learner Steps = 3113 | Learner Walltime = 495.323 | Min Dist = 0.335 | Min Dist 10 = 0.075 | Min Dist 100 = 0.223 | Min Dist 1000 = 0.316 | Steps Per Second = 96.443 | Success = 1.000 | Success 1000 = 0.990
I0528 14:55:50.357882 22895222769216 terminal.py:91] [Evaluator] Actor Episodes = 4198 | Actor Steps = 209900 | Delta Dist = 10.254 | Delta Dist 10 = 10.923 | Delta Dist 100 = 10.896 | Delta Dist 1000 = 9.928 | Episode Length = 50 | Episode Return = 27.0 | Evaluator Episodes = 1041 | Evaluator Steps = 52050 | Final Dist = 1.059 | Final Dist 10 = 0.390 | Final Dist 100 = 0.418 | Final Dist 1000 = 1.385 | Init Dist = 11.314 | Init Dist 10 = 11.314 | Init Dist 100 = 11.314 | Init Dist 1000 = 11.314 | Learner Steps = 3127 | Learner Walltime = 497.526 | Min Dist = 0.081 | Min Dist 10 = 0.063 | Min Dist 100 = 0.073 | Min Dist 1000 = 0.781 | Steps Per Second = 102.752 | Success = 1.000 | Success 1000 = 0.687
I0528 14:55:51.374053 22895222769216 terminal.py:91] [Evaluator] Actor Episodes = 4210 | Actor Steps = 210500 | Delta Dist = 11.155 | Delta Dist 10 = 10.736 | Delta Dist 100 = 10.878 | Delta Dist 1000 = 9.948 | Episode Length = 50 | Episode Return = 29.0 | Evaluator Episodes = 1043 | Evaluator Steps = 52150 | Final Dist = 0.158 | Final Dist 10 = 0.578 | Final Dist 100 = 0.436 | Final Dist 1000 = 1.366 | Init Dist = 11.314 | Init Dist 10 = 11.314 | Init Dist 100 = 11.314 | Init Dist 1000 = 11.314 | Learner Steps = 3134 | Learner Walltime = 498.594 | Min Dist = 0.069 | Min Dist 10 = 0.055 | Min Dist 100 = 0.072 | Min Dist 1000 = 0.764 | Steps Per Second = 112.532 | Success = 1.000 | Success 1000 = 0.689
I0528 14:55:52.205857 22918291473984 lp_utils.py:96] StepsLimiter: Reached 210500 recorded steps
I0528 14:55:52.816790 22895222769216 terminal.py:91] [Evaluator] Actor Episodes = 4221 | Actor Steps = 211050 | Delta Dist = 10.260 | Delta Dist 10 = 10.763 | Delta Dist 100 = 10.886 | Delta Dist 1000 = 9.976 | Episode Length = 50 | Episode Return = 26.0 | Evaluator Episodes = 1046 | Evaluator Steps = 52300 | Final Dist = 1.054 | Final Dist 10 = 0.551 | Final Dist 100 = 0.428 | Final Dist 1000 = 1.338 | Init Dist = 11.314 | Init Dist 10 = 11.314 | Init Dist 100 = 11.314 | Init Dist 1000 = 11.314 | Learner Steps = 3141 | Learner Walltime = 499.686 | Min Dist = 0.015 | Min Dist 10 = 0.056 | Min Dist 100 = 0.071 | Min Dist 1000 = 0.742 | Steps Per Second = 105.613 | Success = 1.000 | Success 1000 = 0.692
I0528 14:55:54.264925 22895222769216 terminal.py:91] [Evaluator] Actor Episodes = 4233 | Actor Steps = 211650 | Delta Dist = 10.920 | Delta Dist 10 = 10.773 | Delta Dist 100 = 10.886 | Delta Dist 1000 = 9.994 | Episode Length = 50 | Episode Return = 25.0 | Evaluator Episodes = 1049 | Evaluator Steps = 52450 | Final Dist = 0.394 | Final Dist 10 = 0.541 | Final Dist 100 = 0.428 | Final Dist 1000 = 1.320 | Init Dist = 11.314 | Init Dist 10 = 11.314 | Init Dist 100 = 11.314 | Init Dist 1000 = 11.314 | Learner Steps = 3148 | Learner Walltime = 500.818 | Min Dist = 0.086 | Min Dist 10 = 0.045 | Min Dist 100 = 0.070 | Min Dist 1000 = 0.723 | Steps Per Second = 95.218 | Success = 1.000 | Success 1000 = 0.695
I0528 14:55:55.338801 22895222769216 terminal.py:91] [Evaluator] Actor Episodes = 4240 | Actor Steps = 212000 | Delta Dist = 11.202 | Delta Dist 10 = 10.780 | Delta Dist 100 = 10.886 | Delta Dist 1000 = 10.006 | Episode Length = 50 | Episode Return = 25.0 | Evaluator Episodes = 1051 | Evaluator Steps = 52550 | Final Dist = 0.112 | Final Dist 10 = 0.533 | Final Dist 100 = 0.428 | Final Dist 1000 = 1.308 | Init Dist = 11.314 | Init Dist 10 = 11.314 | Init Dist 100 = 11.314 | Init Dist 1000 = 11.314 | Learner Steps = 3155 | Learner Walltime = 501.895 | Min Dist = 0.028 | Min Dist 10 = 0.054 | Min Dist 100 = 0.070 | Min Dist 1000 = 0.712 | Steps Per Second = 88.693 | Success = 1.000 | Success 1000 = 0.697
I0528 14:55:56.533754 22895222769216 terminal.py:91] [Evaluator] Actor Episodes = 4249 | Actor Steps = 212450 | Delta Dist = 11.217 | Delta Dist 10 = 10.874 | Delta Dist 100 = 10.878 | Delta Dist 1000 = 10.025 | Episode Length = 50 | Episode Return = 23.0 | Evaluator Episodes = 1053 | Evaluator Steps = 52650 | Final Dist = 0.097 | Final Dist 10 = 0.439 | Final Dist 100 = 0.436 | Final Dist 1000 = 1.289 | Init Dist = 11.314 | Init Dist 10 = 11.314 | Init Dist 100 = 11.314 | Init Dist 1000 = 11.314 | Learner Steps = 3161 | Learner Walltime = 502.998 | Min Dist = 0.053 | Min Dist 10 = 0.055 | Min Dist 100 = 0.070 | Min Dist 1000 = 0.696 | Steps Per Second = 91.460 | Success = 1.000 | Success 1000 = 0.699
I0528 14:55:57.381692 22892410500672 terminal.py:91] [Actor] Actor Episodes = 4257 | Actor Steps = 212850 | Delta Dist = 9.404 | Delta Dist 10 = 9.141 | Delta Dist 100 = 8.056 | Delta Dist 1000 = 8.468 | Episode Length = 50 | Episode Return = 24.0 | Evaluator Episodes = 1053 | Evaluator Steps = 52650 | Final Dist = 1.910 | Final Dist 10 = 2.172 | Final Dist 100 = 3.257 | Final Dist 1000 = 2.845 | Init Dist = 11.314 | Init Dist 10 = 11.314 | Init Dist 100 = 11.314 | Init Dist 1000 = 11.314 | Learner Steps = 3167 | Learner Walltime = 504.039 | Min Dist = 0.686 | Min Dist 10 = 0.077 | Min Dist 100 = 0.405 | Min Dist 1000 = 0.336 | Steps Per Second = 75.827 | Success = 1.000 | Success 1000 = 0.990
I0528 14:55:57.767669 22895222769216 terminal.py:91] [Evaluator] Actor Episodes = 4257 | Actor Steps = 212850 | Delta Dist = 10.278 | Delta Dist 10 = 10.875 | Delta Dist 100 = 10.870 | Delta Dist 1000 = 10.036 | Episode Length = 50 | Episode Return = 26.0 | Evaluator Episodes = 1055 | Evaluator Steps = 52750 | Final Dist = 1.035 | Final Dist 10 = 0.438 | Final Dist 100 = 0.444 | Final Dist 1000 = 1.278 | Init Dist = 11.314 | Init Dist 10 = 11.314 | Init Dist 100 = 11.314 | Init Dist 1000 = 11.314 | Learner Steps = 3167 | Learner Walltime = 504.039 | Min Dist = 0.055 | Min Dist 10 = 0.052 | Min Dist 100 = 0.068 | Min Dist 1000 = 0.686 | Steps Per Second = 79.129 | Success = 1.000 | Success 1000 = 0.701
I0528 14:55:57.798610 22892391589440 terminal.py:91] [Actor] Actor Episodes = 4254 | Actor Steps = 212700 | Delta Dist = 10.268 | Delta Dist 10 = 7.871 | Delta Dist 100 = 7.996 | Delta Dist 1000 = 8.455 | Episode Length = 50 | Episode Return = 24.0 | Evaluator Episodes = 1053 | Evaluator Steps = 52650 | Final Dist = 1.046 | Final Dist 10 = 3.442 | Final Dist 100 = 3.317 | Final Dist 1000 = 2.859 | Init Dist = 11.314 | Init Dist 10 = 11.314 | Init Dist 100 = 11.314 | Init Dist 1000 = 11.314 | Learner Steps = 3167 | Learner Walltime = 504.039 | Min Dist = 0.066 | Min Dist 10 = 0.150 | Min Dist 100 = 0.409 | Min Dist 1000 = 0.336 | Steps Per Second = 80.127 | Success = 1.000 | Success 1000 = 0.990
I0528 14:55:58.770026 22895222769216 terminal.py:91] [Evaluator] Actor Episodes = 4265 | Actor Steps = 213250 | Delta Dist = 11.181 | Delta Dist 10 = 10.874 | Delta Dist 100 = 10.879 | Delta Dist 1000 = 10.045 | Episode Length = 50 | Episode Return = 24.0 | Evaluator Episodes = 1057 | Evaluator Steps = 52850 | Final Dist = 0.133 | Final Dist 10 = 0.439 | Final Dist 100 = 0.435 | Final Dist 1000 = 1.269 | Init Dist = 11.314 | Init Dist 10 = 11.314 | Init Dist 100 = 11.314 | Init Dist 1000 = 11.314 | Learner Steps = 3173 | Learner Walltime = 505.242 | Min Dist = 0.009 | Min Dist 10 = 0.059 | Min Dist 100 = 0.068 | Min Dist 1000 = 0.676 | Steps Per Second = 105.605 | Success = 1.000 | Success 1000 = 0.703
I0528 14:55:58.925527 22863692109376 terminal.py:91] [Learner] Actor Episodes = 4257 | Actor Loss = 6.343788146972656 | Actor Steps = 212850 | Binary Accuracy = 0.9960060119628906 | Categorical Accuracy = 0.1134033203125 | Critic Loss = 3.8945858478546143 | Entropy Mean = -12.369033813476562 | Evaluator Episodes = 1055 | Evaluator Steps = 52750 | Learner Steps = 3179 | Learner Walltime = 506.192 | Logits Neg = -15.657295227050781 | Logits Pos = -3.88755202293396 | Logsumexp = 0.4376928210258484 | Steps Per Second = 295.760
I0528 14:55:58.990044 22892421006912 terminal.py:91] [Actor] Actor Episodes = 4264 | Actor Steps = 213200 | Delta Dist = 11.144 | Delta Dist 10 = 7.606 | Delta Dist 100 = 8.018 | Delta Dist 1000 = 8.445 | Episode Length = 50 | Episode Return = 24.0 | Evaluator Episodes = 1055 | Evaluator Steps = 52750 | Final Dist = 0.170 | Final Dist 10 = 3.708 | Final Dist 100 = 3.296 | Final Dist 1000 = 2.869 | Init Dist = 11.314 | Init Dist 10 = 11.314 | Init Dist 100 = 11.314 | Init Dist 1000 = 11.314 | Learner Steps = 3173 | Learner Walltime = 505.242 | Min Dist = 0.094 | Min Dist 10 = 1.200 | Min Dist 100 = 0.522 | Min Dist 1000 = 0.336 | Steps Per Second = 110.085 | Success = 1.000 | Success 1000 = 0.990
I0528 14:55:59.543374 22892418905664 terminal.py:91] [Actor] Actor Episodes = 4268 | Actor Steps = 213400 | Delta Dist = 0.371 | Delta Dist 10 = 8.806 | Delta Dist 100 = 8.157 | Delta Dist 1000 = 8.435 | Episode Length = 50 | Episode Return = 24.0 | Evaluator Episodes = 1057 | Evaluator Steps = 52850 | Final Dist = 10.943 | Final Dist 10 = 2.508 | Final Dist 100 = 3.156 | Final Dist 1000 = 2.878 | Init Dist = 11.314 | Init Dist 10 = 11.314 | Init Dist 100 = 11.314 | Init Dist 1000 = 11.314 | Learner Steps = 3180 | Learner Walltime = 506.319 | Min Dist = 0.082 | Min Dist 10 = 2.345 | Min Dist 100 = 0.632 | Min Dist 1000 = 0.348 | Steps Per Second = 102.522 | Success = 1.000 | Success 1000 = 0.990
I0528 14:55:59.838355 22895222769216 terminal.py:91] [Evaluator] Actor Episodes = 4271 | Actor Steps = 213550 | Delta Dist = 11.006 | Delta Dist 10 = 10.879 | Delta Dist 100 = 10.882 | Delta Dist 1000 = 10.054 | Episode Length = 50 | Episode Return = 27.0 | Evaluator Episodes = 1059 | Evaluator Steps = 52950 | Final Dist = 0.307 | Final Dist 10 = 0.435 | Final Dist 100 = 0.432 | Final Dist 1000 = 1.260 | Init Dist = 11.314 | Init Dist 10 = 11.314 | Init Dist 100 = 11.314 | Init Dist 1000 = 11.314 | Learner Steps = 3180 | Learner Walltime = 506.319 | Min Dist = 0.016 | Min Dist 10 = 0.059 | Min Dist 100 = 0.067 | Min Dist 1000 = 0.666 | Steps Per Second = 91.513 | Success = 1.000 | Success 1000 = 0.705
I0528 14:56:00.880426 22895222769216 terminal.py:91] [Evaluator] Actor Episodes = 4279 | Actor Steps = 213950 | Delta Dist = 11.112 | Delta Dist 10 = 10.880 | Delta Dist 100 = 10.889 | Delta Dist 1000 = 10.064 | Episode Length = 50 | Episode Return = 27.0 | Evaluator Episodes = 1061 | Evaluator Steps = 53050 | Final Dist = 0.201 | Final Dist 10 = 0.434 | Final Dist 100 = 0.425 | Final Dist 1000 = 1.250 | Init Dist = 11.314 | Init Dist 10 = 11.314 | Init Dist 100 = 11.314 | Init Dist 1000 = 11.314 | Learner Steps = 3187 | Learner Walltime = 507.387 | Min Dist = 0.065 | Min Dist 10 = 0.050 | Min Dist 100 = 0.066 | Min Dist 1000 = 0.656 | Steps Per Second = 99.511 | Success = 1.000 | Success 1000 = 0.707
I0528 14:56:01.895855 22895222769216 terminal.py:91] [Evaluator] Actor Episodes = 4288 | Actor Steps = 214400 | Delta Dist = 11.148 | Delta Dist 10 = 10.959 | Delta Dist 100 = 10.888 | Delta Dist 1000 = 10.075 | Episode Length = 50 | Episode Return = 22.0 | Evaluator Episodes = 1063 | Evaluator Steps = 53150 | Final Dist = 0.166 | Final Dist 10 = 0.355 | Final Dist 100 = 0.425 | Final Dist 1000 = 1.239 | Init Dist = 11.314 | Init Dist 10 = 11.314 | Init Dist 100 = 11.314 | Init Dist 1000 = 11.314 | Learner Steps = 3194 | Learner Walltime = 508.444 | Min Dist = 0.059 | Min Dist 10 = 0.047 | Min Dist 100 = 0.065 | Min Dist 1000 = 0.645 | Steps Per Second = 105.472 | Success = 1.000 | Success 1000 = 0.709
I0528 14:56:02.223180 22918291473984 lp_utils.py:96] StepsLimiter: Reached 214550 recorded steps
I0528 14:56:02.607946 22918293575232 savers.py:156] Saving checkpoint: /home/gliu2/rebuttal/checkpoints/contrastive_cpc_point_FourRooms_0/checkpoints/counter
I0528 14:56:02.969562 22895222769216 terminal.py:91] [Evaluator] Actor Episodes = 4298 | Actor Steps = 214900 | Delta Dist = 10.823 | Delta Dist 10 = 11.050 | Delta Dist 100 = 10.898 | Delta Dist 1000 = 10.089 | Episode Length = 50 | Episode Return = 25.0 | Evaluator Episodes = 1065 | Evaluator Steps = 53250 | Final Dist = 0.491 | Final Dist 10 = 0.264 | Final Dist 100 = 0.416 | Final Dist 1000 = 1.225 | Init Dist = 11.314 | Init Dist 10 = 11.314 | Init Dist 100 = 11.314 | Init Dist 1000 = 11.314 | Learner Steps = 3200 | Learner Walltime = 509.456 | Min Dist = 0.051 | Min Dist 10 = 0.045 | Min Dist 100 = 0.065 | Min Dist 1000 = 0.633 | Steps Per Second = 93.268 | Success = 1.000 | Success 1000 = 0.711
I0528 14:56:04.122288 22895222769216 terminal.py:91] [Evaluator] Actor Episodes = 4304 | Actor Steps = 215200 | Delta Dist = 11.134 | Delta Dist 10 = 11.012 | Delta Dist 100 = 10.902 | Delta Dist 1000 = 10.100 | Episode Length = 50 | Episode Return = 24.0 | Evaluator Episodes = 1067 | Evaluator Steps = 53350 | Final Dist = 0.179 | Final Dist 10 = 0.301 | Final Dist 100 = 0.411 | Final Dist 1000 = 1.214 | Init Dist = 11.314 | Init Dist 10 = 11.314 | Init Dist 100 = 11.314 | Init Dist 1000 = 11.314 | Learner Steps = 3206 | Learner Walltime = 510.523 | Min Dist = 0.094 | Min Dist 10 = 0.048 | Min Dist 100 = 0.065 | Min Dist 1000 = 0.620 | Steps Per Second = 82.709 | Success = 1.000 | Success 1000 = 0.713
I0528 14:56:05.633558 22895222769216 terminal.py:91] [Evaluator] Actor Episodes = 4315 | Actor Steps = 215750 | Delta Dist = 10.234 | Delta Dist 10 = 10.885 | Delta Dist 100 = 10.898 | Delta Dist 1000 = 10.115 | Episode Length = 50 | Episode Return = 23.0 | Evaluator Episodes = 1070 | Evaluator Steps = 53500 | Final Dist = 1.080 | Final Dist 10 = 0.429 | Final Dist 100 = 0.416 | Final Dist 1000 = 1.199 | Init Dist = 11.314 | Init Dist 10 = 11.314 | Init Dist 100 = 11.314 | Init Dist 1000 = 11.314 | Learner Steps = 3220 | Learner Walltime = 512.769 | Min Dist = 0.040 | Min Dist 10 = 0.062 | Min Dist 100 = 0.066 | Min Dist 1000 = 0.605 | Steps Per Second = 88.701 | Success = 1.000 | Success 1000 = 0.716
I0528 14:56:06.668354 22895222769216 terminal.py:91] [Evaluator] Actor Episodes = 4323 | Actor Steps = 216150 | Delta Dist = 11.112 | Delta Dist 10 = 10.802 | Delta Dist 100 = 10.898 | Delta Dist 1000 = 10.127 | Episode Length = 50 | Episode Return = 23.0 | Evaluator Episodes = 1072 | Evaluator Steps = 53600 | Final Dist = 0.202 | Final Dist 10 = 0.512 | Final Dist 100 = 0.416 | Final Dist 1000 = 1.187 | Init Dist = 11.314 | Init Dist 10 = 11.314 | Init Dist 100 = 11.314 | Init Dist 1000 = 11.314 | Learner Steps = 3220 | Learner Walltime = 512.769 | Min Dist = 0.075 | Min Dist 10 = 0.060 | Min Dist 100 = 0.066 | Min Dist 1000 = 0.593 | Steps Per Second = 92.499 | Success = 1.000 | Success 1000 = 0.718
I0528 14:56:07.822705 22895222769216 terminal.py:91] [Evaluator] Actor Episodes = 4333 | Actor Steps = 216650 | Delta Dist = 11.106 | Delta Dist 10 = 10.801 | Delta Dist 100 = 10.914 | Delta Dist 1000 = 10.131 | Episode Length = 50 | Episode Return = 26.0 | Evaluator Episodes = 1074 | Evaluator Steps = 53700 | Final Dist = 0.207 | Final Dist 10 = 0.513 | Final Dist 100 = 0.399 | Final Dist 1000 = 1.182 | Init Dist = 11.314 | Init Dist 10 = 11.314 | Init Dist 100 = 11.314 | Init Dist 1000 = 11.314 | Learner Steps = 3227 | Learner Walltime = 514.001 | Min Dist = 0.028 | Min Dist 10 = 0.069 | Min Dist 100 = 0.066 | Min Dist 1000 = 0.589 | Steps Per Second = 84.746 | Success = 1.000 | Success 1000 = 0.720
I0528 14:56:07.863302 22892391589440 terminal.py:91] [Actor] Actor Episodes = 4335 | Actor Steps = 216750 | Delta Dist = 11.160 | Delta Dist 10 = 7.053 | Delta Dist 100 = 7.903 | Delta Dist 1000 = 8.349 | Episode Length = 50 | Episode Return = 25.0 | Evaluator Episodes = 1074 | Evaluator Steps = 53700 | Final Dist = 0.154 | Final Dist 10 = 4.260 | Final Dist 100 = 3.411 | Final Dist 1000 = 2.965 | Init Dist = 11.314 | Init Dist 10 = 11.314 | Init Dist 100 = 11.314 | Init Dist 1000 = 11.314 | Learner Steps = 3227 | Learner Walltime = 514.001 | Min Dist = 0.118 | Min Dist 10 = 0.071 | Min Dist 100 = 0.647 | Min Dist 1000 = 0.356 | Steps Per Second = 85.782 | Success = 1.000 | Success 1000 = 0.989
I0528 14:56:07.915874 22892410500672 terminal.py:91] [Actor] Actor Episodes = 4337 | Actor Steps = 216850 | Delta Dist = 11.169 | Delta Dist 10 = 7.011 | Delta Dist 100 = 8.006 | Delta Dist 1000 = 8.349 | Episode Length = 50 | Episode Return = 27.0 | Evaluator Episodes = 1074 | Evaluator Steps = 53700 | Final Dist = 0.144 | Final Dist 10 = 4.302 | Final Dist 100 = 3.307 | Final Dist 1000 = 2.965 | Init Dist = 11.314 | Init Dist 10 = 11.314 | Init Dist 100 = 11.314 | Init Dist 1000 = 11.314 | Learner Steps = 3234 | Learner Walltime = 515.177 | Min Dist = 0.144 | Min Dist 10 = 0.073 | Min Dist 100 = 0.535 | Min Dist 1000 = 0.356 | Steps Per Second = 86.696 | Success = 1.000 | Success 1000 = 0.989
I0528 14:56:09.084311 22863692109376 terminal.py:91] [Learner] Actor Episodes = 4343 | Actor Loss = 6.377535820007324 | Actor Steps = 217150 | Binary Accuracy = 0.9960129261016846 | Categorical Accuracy = 0.1173095703125 | Critic Loss = 3.940554618835449 | Entropy Mean = -12.60896110534668 | Evaluator Episodes = 1074 | Evaluator Steps = 53700 | Learner Steps = 3241 | Learner Walltime = 516.352 | Logits Neg = -15.450393676757812 | Logits Pos = -3.958737850189209 | Logsumexp = 0.440332293510437 | Steps Per Second = 337.544
I0528 14:56:09.313544 22892421006912 terminal.py:91] [Actor] Actor Episodes = 4345 | Actor Steps = 217250 | Delta Dist = 11.113 | Delta Dist 10 = 8.265 | Delta Dist 100 = 7.848 | Delta Dist 1000 = 8.340 | Episode Length = 50 | Episode Return = 25.0 | Evaluator Episodes = 1074 | Evaluator Steps = 53700 | Final Dist = 0.201 | Final Dist 10 = 3.048 | Final Dist 100 = 3.466 | Final Dist 1000 = 2.974 | Init Dist = 11.314 | Init Dist 10 = 11.314 | Init Dist 100 = 11.314 | Init Dist 1000 = 11.314 | Learner Steps = 3241 | Learner Walltime = 516.352 | Min Dist = 0.031 | Min Dist 10 = 0.089 | Min Dist 100 = 0.534 | Min Dist 1000 = 0.356 | Steps Per Second = 86.348 | Success = 1.000 | Success 1000 = 0.989
I0528 14:56:09.320481 22895222769216 terminal.py:91] [Evaluator] Actor Episodes = 4345 | Actor Steps = 217250 | Delta Dist = 11.135 | Delta Dist 10 = 10.908 | Delta Dist 100 = 10.939 | Delta Dist 1000 = 10.144 | Episode Length = 50 | Episode Return = 24.0 | Evaluator Episodes = 1077 | Evaluator Steps = 53850 | Final Dist = 0.179 | Final Dist 10 = 0.406 | Final Dist 100 = 0.375 | Final Dist 1000 = 1.170 | Init Dist = 11.314 | Init Dist 10 = 11.314 | Init Dist 100 = 11.314 | Init Dist 1000 = 11.314 | Learner Steps = 3241 | Learner Walltime = 516.352 | Min Dist = 0.028 | Min Dist 10 = 0.069 | Min Dist 100 = 0.067 | Min Dist 1000 = 0.578 | Steps Per Second = 99.364 | Success = 1.000 | Success 1000 = 0.723
I0528 14:56:09.878870 22892418905664 terminal.py:91] [Actor] Actor Episodes = 4348 | Actor Steps = 217400 | Delta Dist = 11.189 | Delta Dist 10 = 7.611 | Delta Dist 100 = 7.843 | Delta Dist 1000 = 8.336 | Episode Length = 50 | Episode Return = 24.0 | Evaluator Episodes = 1077 | Evaluator Steps = 53850 | Final Dist = 0.125 | Final Dist 10 = 3.703 | Final Dist 100 = 3.471 | Final Dist 1000 = 2.978 | Init Dist = 11.314 | Init Dist 10 = 11.314 | Init Dist 100 = 11.314 | Init Dist 1000 = 11.314 | Learner Steps = 3241 | Learner Walltime = 516.352 | Min Dist = 0.114 | Min Dist 10 = 1.005 | Min Dist 100 = 0.626 | Min Dist 1000 = 0.365 | Steps Per Second = 101.306 | Success = 1.000 | Success 1000 = 0.988
I0528 14:56:10.851243 22895222769216 terminal.py:91] [Evaluator] Actor Episodes = 4356 | Actor Steps = 217800 | Delta Dist = 11.191 | Delta Dist 10 = 11.044 | Delta Dist 100 = 10.947 | Delta Dist 1000 = 10.151 | Episode Length = 50 | Episode Return = 24.0 | Evaluator Episodes = 1080 | Evaluator Steps = 54000 | Final Dist = 0.122 | Final Dist 10 = 0.270 | Final Dist 100 = 0.367 | Final Dist 1000 = 1.163 | Init Dist = 11.314 | Init Dist 10 = 11.314 | Init Dist 100 = 11.314 | Init Dist 1000 = 11.314 | Learner Steps = 3247 | Learner Walltime = 517.354 | Min Dist = 0.024 | Min Dist 10 = 0.055 | Min Dist 100 = 0.067 | Min Dist 1000 = 0.572 | Steps Per Second = 88.441 | Success = 1.000 | Success 1000 = 0.726
I0528 14:56:11.939025 22895222769216 terminal.py:91] [Evaluator] Actor Episodes = 4365 | Actor Steps = 218250 | Delta Dist = 10.258 | Delta Dist 10 = 11.128 | Delta Dist 100 = 10.946 | Delta Dist 1000 = 10.156 | Episode Length = 50 | Episode Return = 23.0 | Evaluator Episodes = 1082 | Evaluator Steps = 54100 | Final Dist = 1.056 | Final Dist 10 = 0.186 | Final Dist 100 = 0.368 | Final Dist 1000 = 1.158 | Init Dist = 11.314 | Init Dist 10 = 11.314 | Init Dist 100 = 11.314 | Init Dist 1000 = 11.314 | Learner Steps = 3254 | Learner Walltime = 518.526 | Min Dist = 0.069 | Min Dist 10 = 0.058 | Min Dist 100 = 0.067 | Min Dist 1000 = 0.568 | Steps Per Second = 86.182 | Success = 1.000 | Success 1000 = 0.728
I0528 14:56:12.244942 22918291473984 lp_utils.py:96] StepsLimiter: Reached 218350 recorded steps
I0528 14:56:13.015579 22895222769216 terminal.py:91] [Evaluator] Actor Episodes = 4373 | Actor Steps = 218650 | Delta Dist = 11.026 | Delta Dist 10 = 11.032 | Delta Dist 100 = 10.944 | Delta Dist 1000 = 10.163 | Episode Length = 50 | Episode Return = 25.0 | Evaluator Episodes = 1084 | Evaluator Steps = 54200 | Final Dist = 0.288 | Final Dist 10 = 0.281 | Final Dist 100 = 0.370 | Final Dist 1000 = 1.150 | Init Dist = 11.314 | Init Dist 10 = 11.314 | Init Dist 100 = 11.314 | Init Dist 1000 = 11.314 | Learner Steps = 3260 | Learner Walltime = 519.664 | Min Dist = 0.051 | Min Dist 10 = 0.055 | Min Dist 100 = 0.067 | Min Dist 1000 = 0.561 | Steps Per Second = 90.176 | Success = 1.000 | Success 1000 = 0.730
I0528 14:56:14.203925 22895222769216 terminal.py:91] [Evaluator] Actor Episodes = 4381 | Actor Steps = 219050 | Delta Dist = 10.273 | Delta Dist 10 = 10.945 | Delta Dist 100 = 10.934 | Delta Dist 1000 = 10.174 | Episode Length = 50 | Episode Return = 24.0 | Evaluator Episodes = 1086 | Evaluator Steps = 54300 | Final Dist = 1.041 | Final Dist 10 = 0.369 | Final Dist 100 = 0.379 | Final Dist 1000 = 1.139 | Init Dist = 11.314 | Init Dist 10 = 11.314 | Init Dist 100 = 11.314 | Init Dist 1000 = 11.314 | Learner Steps = 3266 | Learner Walltime = 520.731 | Min Dist = 0.076 | Min Dist 10 = 0.055 | Min Dist 100 = 0.065 | Min Dist 1000 = 0.549 | Steps Per Second = 89.344 | Success = 1.000 | Success 1000 = 0.732
I0528 14:56:15.298059 22895222769216 terminal.py:91] [Evaluator] Actor Episodes = 4389 | Actor Steps = 219450 | Delta Dist = 10.964 | Delta Dist 10 = 10.779 | Delta Dist 100 = 10.917 | Delta Dist 1000 = 10.183 | Episode Length = 50 | Episode Return = 26.0 | Evaluator Episodes = 1088 | Evaluator Steps = 54400 | Final Dist = 0.350 | Final Dist 10 = 0.535 | Final Dist 100 = 0.397 | Final Dist 1000 = 1.131 | Init Dist = 11.314 | Init Dist 10 = 11.314 | Init Dist 100 = 11.314 | Init Dist 1000 = 11.314 | Learner Steps = 3272 | Learner Walltime = 521.902 | Min Dist = 0.057 | Min Dist 10 = 0.063 | Min Dist 100 = 0.065 | Min Dist 1000 = 0.539 | Steps Per Second = 107.225 | Success = 1.000 | Success 1000 = 0.734
I0528 14:56:16.470088 22895222769216 terminal.py:91] [Evaluator] Actor Episodes = 4397 | Actor Steps = 219850 | Delta Dist = 11.013 | Delta Dist 10 = 10.674 | Delta Dist 100 = 10.911 | Delta Dist 1000 = 10.200 | Episode Length = 50 | Episode Return = 25.0 | Evaluator Episodes = 1090 | Evaluator Steps = 54500 | Final Dist = 0.300 | Final Dist 10 = 0.639 | Final Dist 100 = 0.402 | Final Dist 1000 = 1.114 | Init Dist = 11.314 | Init Dist 10 = 11.314 | Init Dist 100 = 11.314 | Init Dist 1000 = 11.314 | Learner Steps = 3279 | Learner Walltime = 522.990 | Min Dist = 0.029 | Min Dist 10 = 0.065 | Min Dist 100 = 0.064 | Min Dist 1000 = 0.520 | Steps Per Second = 92.752 | Success = 1.000 | Success 1000 = 0.736
I0528 14:56:17.555518 22895222769216 terminal.py:91] [Evaluator] Actor Episodes = 4405 | Actor Steps = 220250 | Delta Dist = 11.155 | Delta Dist 10 = 10.596 | Delta Dist 100 = 10.906 | Delta Dist 1000 = 10.203 | Episode Length = 50 | Episode Return = 23.0 | Evaluator Episodes = 1092 | Evaluator Steps = 54600 | Final Dist = 0.159 | Final Dist 10 = 0.718 | Final Dist 100 = 0.408 | Final Dist 1000 = 1.110 | Init Dist = 11.314 | Init Dist 10 = 11.314 | Init Dist 100 = 11.314 | Init Dist 1000 = 11.314 | Learner Steps = 3285 | Learner Walltime = 524.068 | Min Dist = 0.019 | Min Dist 10 = 0.064 | Min Dist 100 = 0.063 | Min Dist 1000 = 0.517 | Steps Per Second = 92.701 | Success = 1.000 | Success 1000 = 0.738
I0528 14:56:18.123023 22892391589440 terminal.py:91] [Actor] Actor Episodes = 4408 | Actor Steps = 220400 | Delta Dist = 11.181 | Delta Dist 10 = 5.692 | Delta Dist 100 = 7.462 | Delta Dist 1000 = 8.204 | Episode Length = 50 | Episode Return = 23.0 | Evaluator Episodes = 1092 | Evaluator Steps = 54600 | Final Dist = 0.133 | Final Dist 10 = 5.622 | Final Dist 100 = 3.851 | Final Dist 1000 = 3.110 | Init Dist = 11.314 | Init Dist 10 = 11.314 | Init Dist 100 = 11.314 | Init Dist 1000 = 11.314 | Learner Steps = 3285 | Learner Walltime = 524.068 | Min Dist = 0.026 | Min Dist 10 = 0.074 | Min Dist 100 = 0.236 | Min Dist 1000 = 0.369 | Steps Per Second = 99.295 | Success = 1.000 | Success 1000 = 0.986
I0528 14:56:18.137308 22892410500672 terminal.py:91] [Actor] Actor Episodes = 4405 | Actor Steps = 220250 | Delta Dist = 10.236 | Delta Dist 10 = 6.730 | Delta Dist 100 = 7.462 | Delta Dist 1000 = 8.203 | Episode Length = 50 | Episode Return = 22.0 | Evaluator Episodes = 1090 | Evaluator Steps = 54500 | Final Dist = 1.078 | Final Dist 10 = 4.583 | Final Dist 100 = 3.852 | Final Dist 1000 = 3.110 | Init Dist = 11.314 | Init Dist 10 = 11.314 | Init Dist 100 = 11.314 | Init Dist 1000 = 11.314 | Learner Steps = 3285 | Learner Walltime = 524.068 | Min Dist = 0.086 | Min Dist 10 = 0.067 | Min Dist 100 = 0.235 | Min Dist 1000 = 0.369 | Steps Per Second = 106.612 | Success = 1.000 | Success 1000 = 0.986
I0528 14:56:18.639981 22895222769216 terminal.py:91] [Evaluator] Actor Episodes = 4411 | Actor Steps = 220550 | Delta Dist = 11.213 | Delta Dist 10 = 10.690 | Delta Dist 100 = 10.916 | Delta Dist 1000 = 10.207 | Episode Length = 50 | Episode Return = 21.0 | Evaluator Episodes = 1094 | Evaluator Steps = 54700 | Final Dist = 0.101 | Final Dist 10 = 0.624 | Final Dist 100 = 0.398 | Final Dist 1000 = 1.107 | Init Dist = 11.314 | Init Dist 10 = 11.314 | Init Dist 100 = 11.314 | Init Dist 1000 = 11.314 | Learner Steps = 3291 | Learner Walltime = 525.170 | Min Dist = 0.041 | Min Dist 10 = 0.054 | Min Dist 100 = 0.063 | Min Dist 1000 = 0.515 | Steps Per Second = 88.029 | Success = 1.000 | Success 1000 = 0.740
I0528 14:56:19.349393 22863692109376 terminal.py:91] [Learner] Actor Episodes = 4418 | Actor Loss = 6.292727470397949 | Actor Steps = 220900 | Binary Accuracy = 0.9960212707519531 | Categorical Accuracy = 0.115966796875 | Critic Loss = 3.904484272003174 | Entropy Mean = -12.605701446533203 | Evaluator Episodes = 1094 | Evaluator Steps = 54700 | Learner Steps = 3299 | Learner Walltime = 526.616 | Logits Neg = -15.047500610351562 | Logits Pos = -3.8880579471588135 | Logsumexp = 0.45111846923828125 | Steps Per Second = 213.852
I0528 14:56:19.364521 22892421006912 terminal.py:91] [Actor] Actor Episodes = 4420 | Actor Steps = 221000 | Delta Dist = 11.154 | Delta Dist 10 = 7.524 | Delta Dist 100 = 7.353 | Delta Dist 1000 = 8.198 | Episode Length = 50 | Episode Return = 27.0 | Evaluator Episodes = 1094 | Evaluator Steps = 54700 | Final Dist = 0.159 | Final Dist 10 = 3.790 | Final Dist 100 = 3.960 | Final Dist 1000 = 3.116 | Init Dist = 11.314 | Init Dist 10 = 11.314 | Init Dist 100 = 11.314 | Init Dist 1000 = 11.314 | Learner Steps = 3297 | Learner Walltime = 526.226 | Min Dist = 0.141 | Min Dist 10 = 0.065 | Min Dist 100 = 0.209 | Min Dist 1000 = 0.368 | Steps Per Second = 112.462 | Success = 1.000 | Success 1000 = 0.986
I0528 14:56:19.677478 22895222769216 terminal.py:91] [Evaluator] Actor Episodes = 4420 | Actor Steps = 221000 | Delta Dist = 11.222 | Delta Dist 10 = 10.797 | Delta Dist 100 = 10.916 | Delta Dist 1000 = 10.211 | Episode Length = 50 | Episode Return = 23.0 | Evaluator Episodes = 1096 | Evaluator Steps = 54800 | Final Dist = 0.091 | Final Dist 10 = 0.517 | Final Dist 100 = 0.397 | Final Dist 1000 = 1.103 | Init Dist = 11.314 | Init Dist 10 = 11.314 | Init Dist 100 = 11.314 | Init Dist 1000 = 11.314 | Learner Steps = 3297 | Learner Walltime = 526.226 | Min Dist = 0.023 | Min Dist 10 = 0.054 | Min Dist 100 = 0.063 | Min Dist 1000 = 0.512 | Steps Per Second = 98.561 | Success = 1.000 | Success 1000 = 0.742
I0528 14:56:20.349985 22892418905664 terminal.py:91] [Actor] Actor Episodes = 4427 | Actor Steps = 221350 | Delta Dist = 11.083 | Delta Dist 10 = 5.080 | Delta Dist 100 = 7.356 | Delta Dist 1000 = 8.188 | Episode Length = 50 | Episode Return = 24.0 | Evaluator Episodes = 1096 | Evaluator Steps = 54800 | Final Dist = 0.230 | Final Dist 10 = 6.233 | Final Dist 100 = 3.958 | Final Dist 1000 = 3.126 | Init Dist = 11.314 | Init Dist 10 = 11.314 | Init Dist 100 = 11.314 | Init Dist 1000 = 11.314 | Learner Steps = 3297 | Learner Walltime = 526.226 | Min Dist = 0.230 | Min Dist 10 = 1.296 | Min Dist 100 = 0.329 | Min Dist 1000 = 0.380 | Steps Per Second = 101.167 | Success = 1.000 | Success 1000 = 0.985
I0528 14:56:20.730552 22895222769216 terminal.py:91] [Evaluator] Actor Episodes = 4426 | Actor Steps = 221300 | Delta Dist = 11.079 | Delta Dist 10 = 10.977 | Delta Dist 100 = 10.918 | Delta Dist 1000 = 10.214 | Episode Length = 50 | Episode Return = 26.0 | Evaluator Episodes = 1098 | Evaluator Steps = 54900 | Final Dist = 0.235 | Final Dist 10 = 0.336 | Final Dist 100 = 0.396 | Final Dist 1000 = 1.099 | Init Dist = 11.314 | Init Dist 10 = 11.314 | Init Dist 100 = 11.314 | Init Dist 1000 = 11.314 | Learner Steps = 3303 | Learner Walltime = 527.279 | Min Dist = 0.071 | Min Dist 10 = 0.047 | Min Dist 100 = 0.062 | Min Dist 1000 = 0.509 | Steps Per Second = 96.918 | Success = 1.000 | Success 1000 = 0.744
I0528 14:56:21.806511 22895222769216 terminal.py:91] [Evaluator] Actor Episodes = 4436 | Actor Steps = 221800 | Delta Dist = 11.034 | Delta Dist 10 = 10.985 | Delta Dist 100 = 10.910 | Delta Dist 1000 = 10.216 | Episode Length = 50 | Episode Return = 23.0 | Evaluator Episodes = 1100 | Evaluator Steps = 55000 | Final Dist = 0.280 | Final Dist 10 = 0.328 | Final Dist 100 = 0.404 | Final Dist 1000 = 1.097 | Init Dist = 11.314 | Init Dist 10 = 11.314 | Init Dist 100 = 11.314 | Init Dist 1000 = 11.314 | Learner Steps = 3310 | Learner Walltime = 528.333 | Min Dist = 0.019 | Min Dist 10 = 0.045 | Min Dist 100 = 0.062 | Min Dist 1000 = 0.506 | Steps Per Second = 89.679 | Success = 1.000 | Success 1000 = 0.746
I0528 14:56:22.267219 22918291473984 lp_utils.py:96] StepsLimiter: Reached 222100 recorded steps
I0528 14:56:22.849571 22895222769216 terminal.py:91] [Evaluator] Actor Episodes = 4444 | Actor Steps = 222200 | Delta Dist = 10.303 | Delta Dist 10 = 11.054 | Delta Dist 100 = 10.926 | Delta Dist 1000 = 10.221 | Episode Length = 50 | Episode Return = 22.0 | Evaluator Episodes = 1102 | Evaluator Steps = 55100 | Final Dist = 1.011 | Final Dist 10 = 0.260 | Final Dist 100 = 0.388 | Final Dist 1000 = 1.092 | Init Dist = 11.314 | Init Dist 10 = 11.314 | Init Dist 100 = 11.314 | Init Dist 1000 = 11.314 | Learner Steps = 3317 | Learner Walltime = 529.425 | Min Dist = 0.022 | Min Dist 10 = 0.039 | Min Dist 100 = 0.061 | Min Dist 1000 = 0.502 | Steps Per Second = 85.028 | Success = 1.000 | Success 1000 = 0.748
I0528 14:56:24.038677 22895222769216 terminal.py:91] [Evaluator] Actor Episodes = 4454 | Actor Steps = 222700 | Delta Dist = 10.265 | Delta Dist 10 = 10.888 | Delta Dist 100 = 10.917 | Delta Dist 1000 = 10.230 | Episode Length = 50 | Episode Return = 24.0 | Evaluator Episodes = 1104 | Evaluator Steps = 55200 | Final Dist = 1.049 | Final Dist 10 = 0.426 | Final Dist 100 = 0.396 | Final Dist 1000 = 1.083 | Init Dist = 11.314 | Init Dist 10 = 11.314 | Init Dist 100 = 11.314 | Init Dist 1000 = 11.314 | Learner Steps = 3323 | Learner Walltime = 530.476 | Min Dist = 0.045 | Min Dist 10 = 0.044 | Min Dist 100 = 0.061 | Min Dist 1000 = 0.491 | Steps Per Second = 79.115 | Success = 1.000 | Success 1000 = 0.750
I0528 14:56:25.629488 22895222769216 terminal.py:91] [Evaluator] Actor Episodes = 4460 | Actor Steps = 223000 | Delta Dist = 10.270 | Delta Dist 10 = 10.788 | Delta Dist 100 = 10.912 | Delta Dist 1000 = 10.237 | Episode Length = 50 | Episode Return = 24.0 | Evaluator Episodes = 1107 | Evaluator Steps = 55350 | Final Dist = 1.044 | Final Dist 10 = 0.526 | Final Dist 100 = 0.402 | Final Dist 1000 = 1.077 | Init Dist = 11.314 | Init Dist 10 = 11.314 | Init Dist 100 = 11.314 | Init Dist 1000 = 11.314 | Learner Steps = 3328 | Learner Walltime = 531.511 | Min Dist = 0.088 | Min Dist 10 = 0.045 | Min Dist 100 = 0.060 | Min Dist 1000 = 0.486 | Steps Per Second = 83.315 | Success = 1.000 | Success 1000 = 0.753
I0528 14:56:26.714979 22895222769216 terminal.py:91] [Evaluator] Actor Episodes = 4469 | Actor Steps = 223450 | Delta Dist = 11.075 | Delta Dist 10 = 10.689 | Delta Dist 100 = 10.904 | Delta Dist 1000 = 10.240 | Episode Length = 50 | Episode Return = 25.0 | Evaluator Episodes = 1109 | Evaluator Steps = 55450 | Final Dist = 0.239 | Final Dist 10 = 0.625 | Final Dist 100 = 0.410 | Final Dist 1000 = 1.073 | Init Dist = 11.314 | Init Dist 10 = 11.314 | Init Dist 100 = 11.314 | Init Dist 1000 = 11.314 | Learner Steps = 3334 | Learner Walltime = 532.527 | Min Dist = 0.028 | Min Dist 10 = 0.049 | Min Dist 100 = 0.060 | Min Dist 1000 = 0.483 | Steps Per Second = 92.952 | Success = 1.000 | Success 1000 = 0.755
I0528 14:56:28.181560 22892410500672 terminal.py:91] [Actor] Actor Episodes = 4483 | Actor Steps = 224150 | Delta Dist = 11.055 | Delta Dist 10 = 8.455 | Delta Dist 100 = 7.661 | Delta Dist 1000 = 8.164 | Episode Length = 50 | Episode Return = 23.0 | Evaluator Episodes = 1110 | Evaluator Steps = 55500 | Final Dist = 0.258 | Final Dist 10 = 2.858 | Final Dist 100 = 3.653 | Final Dist 1000 = 3.149 | Init Dist = 11.314 | Init Dist 10 = 11.314 | Init Dist 100 = 11.314 | Init Dist 1000 = 11.314 | Learner Steps = 3347 | Learner Walltime = 534.760 | Min Dist = 0.023 | Min Dist 10 = 0.089 | Min Dist 100 = 0.582 | Min Dist 1000 = 0.402 | Steps Per Second = 97.649 | Success = 1.000 | Success 1000 = 0.982
I0528 14:56:28.240985 22895222769216 terminal.py:91] [Evaluator] Actor Episodes = 4478 | Actor Steps = 223900 | Delta Dist = 10.251 | Delta Dist 10 = 10.704 | Delta Dist 100 = 10.903 | Delta Dist 1000 = 10.247 | Episode Length = 50 | Episode Return = 23.0 | Evaluator Episodes = 1112 | Evaluator Steps = 55600 | Final Dist = 1.063 | Final Dist 10 = 0.610 | Final Dist 100 = 0.411 | Final Dist 1000 = 1.067 | Init Dist = 11.314 | Init Dist 10 = 11.314 | Init Dist 100 = 11.314 | Init Dist 1000 = 11.314 | Learner Steps = 3340 | Learner Walltime = 533.585 | Min Dist = 0.078 | Min Dist 10 = 0.052 | Min Dist 100 = 0.059 | Min Dist 1000 = 0.478 | Steps Per Second = 94.394 | Success = 1.000 | Success 1000 = 0.758
I0528 14:56:28.405386 22892391589440 terminal.py:91] [Actor] Actor Episodes = 4485 | Actor Steps = 224250 | Delta Dist = 10.245 | Delta Dist 10 = 9.640 | Delta Dist 100 = 7.653 | Delta Dist 1000 = 8.174 | Episode Length = 50 | Episode Return = 23.0 | Evaluator Episodes = 1110 | Evaluator Steps = 55500 | Final Dist = 1.068 | Final Dist 10 = 1.674 | Final Dist 100 = 3.660 | Final Dist 1000 = 3.139 | Init Dist = 11.314 | Init Dist 10 = 11.314 | Init Dist 100 = 11.314 | Init Dist 1000 = 11.314 | Learner Steps = 3347 | Learner Walltime = 534.760 | Min Dist = 0.097 | Min Dist 10 = 0.084 | Min Dist 100 = 0.581 | Min Dist 1000 = 0.402 | Steps Per Second = 100.120 | Success = 1.000 | Success 1000 = 0.982
I0528 14:56:29.322492 22895222769216 terminal.py:91] [Evaluator] Actor Episodes = 4491 | Actor Steps = 224550 | Delta Dist = 11.221 | Delta Dist 10 = 10.784 | Delta Dist 100 = 10.902 | Delta Dist 1000 = 10.251 | Episode Length = 50 | Episode Return = 27.0 | Evaluator Episodes = 1114 | Evaluator Steps = 55700 | Final Dist = 0.093 | Final Dist 10 = 0.530 | Final Dist 100 = 0.412 | Final Dist 1000 = 1.063 | Init Dist = 11.314 | Init Dist 10 = 11.314 | Init Dist 100 = 11.314 | Init Dist 1000 = 11.314 | Learner Steps = 3354 | Learner Walltime = 535.799 | Min Dist = 0.093 | Min Dist 10 = 0.060 | Min Dist 100 = 0.059 | Min Dist 1000 = 0.475 | Steps Per Second = 95.744 | Success = 1.000 | Success 1000 = 0.760
I0528 14:56:29.432502 22863692109376 terminal.py:91] [Learner] Actor Episodes = 4489 | Actor Loss = 6.347728729248047 | Actor Steps = 224450 | Binary Accuracy = 0.9960103034973145 | Categorical Accuracy = 0.11090087890625 | Critic Loss = 3.9860992431640625 | Entropy Mean = -12.992799758911133 | Evaluator Episodes = 1110 | Evaluator Steps = 55500 | Learner Steps = 3359 | Learner Walltime = 536.699 | Logits Neg = -15.046566009521484 | Logits Pos = -4.000585556030273 | Logsumexp = 0.4226437509059906 | Steps Per Second = 671.423
I0528 14:56:29.817497 22892421006912 terminal.py:91] [Actor] Actor Episodes = 4498 | Actor Steps = 224900 | Delta Dist = 10.172 | Delta Dist 10 = 8.279 | Delta Dist 100 = 7.775 | Delta Dist 1000 = 8.194 | Episode Length = 50 | Episode Return = 22.0 | Evaluator Episodes = 1113 | Evaluator Steps = 55650 | Final Dist = 1.141 | Final Dist 10 = 3.034 | Final Dist 100 = 3.538 | Final Dist 1000 = 3.119 | Init Dist = 11.314 | Init Dist 10 = 11.314 | Init Dist 100 = 11.314 | Init Dist 1000 = 11.314 | Learner Steps = 3360 | Learner Walltime = 536.813 | Min Dist = 0.123 | Min Dist 10 = 0.098 | Min Dist 100 = 0.546 | Min Dist 1000 = 0.402 | Steps Per Second = 88.890 | Success = 1.000 | Success 1000 = 0.982
I0528 14:56:30.402061 22895222769216 terminal.py:91] [Evaluator] Actor Episodes = 4498 | Actor Steps = 224900 | Delta Dist = 10.221 | Delta Dist 10 = 10.882 | Delta Dist 100 = 10.904 | Delta Dist 1000 = 10.255 | Episode Length = 50 | Episode Return = 22.0 | Evaluator Episodes = 1116 | Evaluator Steps = 55800 | Final Dist = 1.093 | Final Dist 10 = 0.432 | Final Dist 100 = 0.410 | Final Dist 1000 = 1.058 | Init Dist = 11.314 | Init Dist 10 = 11.314 | Init Dist 100 = 11.314 | Init Dist 1000 = 11.314 | Learner Steps = 3360 | Learner Walltime = 536.813 | Min Dist = 0.101 | Min Dist 10 = 0.069 | Min Dist 100 = 0.059 | Min Dist 1000 = 0.471 | Steps Per Second = 88.761 | Success = 1.000 | Success 1000 = 0.762
I0528 14:56:30.469575 22892418905664 terminal.py:91] [Actor] Actor Episodes = 4502 | Actor Steps = 225100 | Delta Dist = 11.168 | Delta Dist 10 = 9.904 | Delta Dist 100 = 7.964 | Delta Dist 1000 = 8.202 | Episode Length = 50 | Episode Return = 22.0 | Evaluator Episodes = 1115 | Evaluator Steps = 55750 | Final Dist = 0.146 | Final Dist 10 = 1.410 | Final Dist 100 = 3.349 | Final Dist 1000 = 3.112 | Init Dist = 11.314 | Init Dist 10 = 11.314 | Init Dist 100 = 11.314 | Init Dist 1000 = 11.314 | Learner Steps = 3360 | Learner Walltime = 536.813 | Min Dist = 0.126 | Min Dist 10 = 0.091 | Min Dist 100 = 0.546 | Min Dist 1000 = 0.402 | Steps Per Second = 97.748 | Success = 1.000 | Success 1000 = 0.982
I0528 14:56:31.421837 22895222769216 terminal.py:91] [Evaluator] Actor Episodes = 4507 | Actor Steps = 225350 | Delta Dist = 10.241 | Delta Dist 10 = 10.872 | Delta Dist 100 = 10.895 | Delta Dist 1000 = 10.258 | Episode Length = 50 | Episode Return = 24.0 | Evaluator Episodes = 1118 | Evaluator Steps = 55900 | Final Dist = 1.072 | Final Dist 10 = 0.441 | Final Dist 100 = 0.418 | Final Dist 1000 = 1.055 | Init Dist = 11.314 | Init Dist 10 = 11.314 | Init Dist 100 = 11.314 | Init Dist 1000 = 11.314 | Learner Steps = 3367 | Learner Walltime = 537.909 | Min Dist = 0.034 | Min Dist 10 = 0.073 | Min Dist 100 = 0.059 | Min Dist 1000 = 0.468 | Steps Per Second = 100.628 | Success = 1.000 | Success 1000 = 0.764
I0528 14:56:32.287293 22918291473984 lp_utils.py:96] StepsLimiter: Reached 225800 recorded steps
I0528 14:56:32.621351 22895222769216 terminal.py:91] [Evaluator] Actor Episodes = 4514 | Actor Steps = 225700 | Delta Dist = 11.162 | Delta Dist 10 = 10.720 | Delta Dist 100 = 10.878 | Delta Dist 1000 = 10.260 | Episode Length = 50 | Episode Return = 26.0 | Evaluator Episodes = 1120 | Evaluator Steps = 56000 | Final Dist = 0.151 | Final Dist 10 = 0.594 | Final Dist 100 = 0.436 | Final Dist 1000 = 1.053 | Init Dist = 11.314 | Init Dist 10 = 11.314 | Init Dist 100 = 11.314 | Init Dist 1000 = 11.314 | Learner Steps = 3373 | Learner Walltime = 539.004 | Min Dist = 0.060 | Min Dist 10 = 0.070 | Min Dist 100 = 0.058 | Min Dist 1000 = 0.466 | Steps Per Second = 76.943 | Success = 1.000 | Success 1000 = 0.766
I0528 14:56:33.943264 22895222769216 terminal.py:91] [Evaluator] Actor Episodes = 4523 | Actor Steps = 226150 | Delta Dist = 11.063 | Delta Dist 10 = 10.808 | Delta Dist 100 = 10.878 | Delta Dist 1000 = 10.265 | Episode Length = 50 | Episode Return = 26.0 | Evaluator Episodes = 1122 | Evaluator Steps = 56100 | Final Dist = 0.251 | Final Dist 10 = 0.506 | Final Dist 100 = 0.435 | Final Dist 1000 = 1.049 | Init Dist = 11.314 | Init Dist 10 = 11.314 | Init Dist 100 = 11.314 | Init Dist 1000 = 11.314 | Learner Steps = 3379 | Learner Walltime = 540.044 | Min Dist = 0.095 | Min Dist 10 = 0.074 | Min Dist 100 = 0.058 | Min Dist 1000 = 0.463 | Steps Per Second = 69.615 | Success = 1.000 | Success 1000 = 0.767
I0528 14:56:35.189920 22895222769216 terminal.py:91] [Evaluator] Actor Episodes = 4533 | Actor Steps = 226650 | Delta Dist = 11.103 | Delta Dist 10 = 10.895 | Delta Dist 100 = 10.880 | Delta Dist 1000 = 10.269 | Episode Length = 50 | Episode Return = 23.0 | Evaluator Episodes = 1124 | Evaluator Steps = 56200 | Final Dist = 0.211 | Final Dist 10 = 0.418 | Final Dist 100 = 0.434 | Final Dist 1000 = 1.045 | Init Dist = 11.314 | Init Dist 10 = 11.314 | Init Dist 100 = 11.314 | Init Dist 1000 = 11.314 | Learner Steps = 3384 | Learner Walltime = 541.055 | Min Dist = 0.059 | Min Dist 10 = 0.079 | Min Dist 100 = 0.059 | Min Dist 1000 = 0.461 | Steps Per Second = 83.902 | Success = 1.000 | Success 1000 = 0.769
I0528 14:56:36.434396 22897759475264 savers.py:156] Saving checkpoint: /home/gliu2/rebuttal/checkpoints/contrastive_cpc_point_FourRooms_0/checkpoints/learner
I0528 14:56:36.439725 22895222769216 terminal.py:91] [Evaluator] Actor Episodes = 4541 | Actor Steps = 227050 | Delta Dist = 10.238 | Delta Dist 10 = 10.881 | Delta Dist 100 = 10.881 | Delta Dist 1000 = 10.274 | Episode Length = 50 | Episode Return = 23.0 | Evaluator Episodes = 1126 | Evaluator Steps = 56300 | Final Dist = 1.076 | Final Dist 10 = 0.433 | Final Dist 100 = 0.433 | Final Dist 1000 = 1.040 | Init Dist = 11.314 | Init Dist 10 = 11.314 | Init Dist 100 = 11.314 | Init Dist 1000 = 11.314 | Learner Steps = 3390 | Learner Walltime = 542.344 | Min Dist = 0.047 | Min Dist 10 = 0.071 | Min Dist 100 = 0.059 | Min Dist 1000 = 0.456 | Steps Per Second = 76.017 | Success = 1.000 | Success 1000 = 0.771
I0528 14:56:37.516301 22895222769216 terminal.py:91] [Evaluator] Actor Episodes = 4549 | Actor Steps = 227450 | Delta Dist = 11.134 | Delta Dist 10 = 10.875 | Delta Dist 100 = 10.871 | Delta Dist 1000 = 10.278 | Episode Length = 50 | Episode Return = 24.0 | Evaluator Episodes = 1128 | Evaluator Steps = 56400 | Final Dist = 0.179 | Final Dist 10 = 0.438 | Final Dist 100 = 0.443 | Final Dist 1000 = 1.035 | Init Dist = 11.314 | Init Dist 10 = 11.314 | Init Dist 100 = 11.314 | Init Dist 1000 = 11.314 | Learner Steps = 3397 | Learner Walltime = 543.704 | Min Dist = 0.039 | Min Dist 10 = 0.066 | Min Dist 100 = 0.058 | Min Dist 1000 = 0.451 | Steps Per Second = 99.517 | Success = 1.000 | Success 1000 = 0.773
I0528 14:56:38.637855 22892410500672 terminal.py:91] [Actor] Actor Episodes = 4562 | Actor Steps = 228100 | Delta Dist = 11.232 | Delta Dist 10 = 9.542 | Delta Dist 100 = 9.011 | Delta Dist 1000 = 8.214 | Episode Length = 50 | Episode Return = 21.0 | Evaluator Episodes = 1130 | Evaluator Steps = 56500 | Final Dist = 0.082 | Final Dist 10 = 1.772 | Final Dist 100 = 2.303 | Final Dist 1000 = 3.100 | Init Dist = 11.314 | Init Dist 10 = 11.314 | Init Dist 100 = 11.314 | Init Dist 1000 = 11.314 | Learner Steps = 3404 | Learner Walltime = 544.770 | Min Dist = 0.057 | Min Dist 10 = 0.110 | Min Dist 100 = 0.196 | Min Dist 1000 = 0.401 | Steps Per Second = 107.667 | Success = 1.000 | Success 1000 = 0.982
I0528 14:56:38.858168 22892391589440 terminal.py:91] [Actor] Actor Episodes = 4565 | Actor Steps = 228250 | Delta Dist = 11.122 | Delta Dist 10 = 9.549 | Delta Dist 100 = 9.010 | Delta Dist 1000 = 8.215 | Episode Length = 50 | Episode Return = 24.0 | Evaluator Episodes = 1130 | Evaluator Steps = 56500 | Final Dist = 0.191 | Final Dist 10 = 1.765 | Final Dist 100 = 2.303 | Final Dist 1000 = 3.099 | Init Dist = 11.314 | Init Dist 10 = 11.314 | Init Dist 100 = 11.314 | Init Dist 1000 = 11.314 | Learner Steps = 3411 | Learner Walltime = 546.017 | Min Dist = 0.116 | Min Dist 10 = 0.109 | Min Dist 100 = 0.196 | Min Dist 1000 = 0.400 | Steps Per Second = 88.590 | Success = 1.000 | Success 1000 = 0.982
I0528 14:56:38.970353 22895222769216 terminal.py:91] [Evaluator] Actor Episodes = 4559 | Actor Steps = 227950 | Delta Dist = 10.205 | Delta Dist 10 = 10.964 | Delta Dist 100 = 10.863 | Delta Dist 1000 = 10.286 | Episode Length = 50 | Episode Return = 21.0 | Evaluator Episodes = 1131 | Evaluator Steps = 56550 | Final Dist = 1.109 | Final Dist 10 = 0.350 | Final Dist 100 = 0.451 | Final Dist 1000 = 1.027 | Init Dist = 11.314 | Init Dist 10 = 11.314 | Init Dist 100 = 11.314 | Init Dist 1000 = 11.314 | Learner Steps = 3404 | Learner Walltime = 544.770 | Min Dist = 0.058 | Min Dist 10 = 0.077 | Min Dist 100 = 0.059 | Min Dist 1000 = 0.444 | Steps Per Second = 94.919 | Success = 1.000 | Success 1000 = 0.776
I0528 14:56:39.523701 22863692109376 terminal.py:91] [Learner] Actor Episodes = 4562 | Actor Loss = 6.339251518249512 | Actor Steps = 228100 | Binary Accuracy = 0.9959542751312256 | Categorical Accuracy = 0.11785888671875 | Critic Loss = 3.899397850036621 | Entropy Mean = -12.515477180480957 | Evaluator Episodes = 1130 | Evaluator Steps = 56500 | Learner Steps = 3417 | Learner Walltime = 546.790 | Logits Neg = -15.394923210144043 | Logits Pos = -3.889993190765381 | Logsumexp = 0.4738169312477112 | Steps Per Second = 681.360
I0528 14:56:40.165802 22892421006912 terminal.py:91] [Actor] Actor Episodes = 4569 | Actor Steps = 228450 | Delta Dist = 10.241 | Delta Dist 10 = 9.481 | Delta Dist 100 = 9.221 | Delta Dist 1000 = 8.220 | Episode Length = 50 | Episode Return = 22.0 | Evaluator Episodes = 1130 | Evaluator Steps = 56500 | Final Dist = 1.072 | Final Dist 10 = 1.832 | Final Dist 100 = 2.093 | Final Dist 1000 = 3.094 | Init Dist = 11.314 | Init Dist 10 = 11.314 | Init Dist 100 = 11.314 | Init Dist 1000 = 11.314 | Learner Steps = 3411 | Learner Walltime = 546.017 | Min Dist = 0.054 | Min Dist 10 = 0.096 | Min Dist 100 = 0.088 | Min Dist 1000 = 0.389 | Steps Per Second = 113.438 | Success = 1.000 | Success 1000 = 0.982
I0528 14:56:40.377499 22895222769216 terminal.py:91] [Evaluator] Actor Episodes = 4567 | Actor Steps = 228350 | Delta Dist = 11.160 | Delta Dist 10 = 10.858 | Delta Dist 100 = 10.853 | Delta Dist 1000 = 10.292 | Episode Length = 50 | Episode Return = 22.0 | Evaluator Episodes = 1134 | Evaluator Steps = 56700 | Final Dist = 0.154 | Final Dist 10 = 0.456 | Final Dist 100 = 0.461 | Final Dist 1000 = 1.021 | Init Dist = 11.314 | Init Dist 10 = 11.314 | Init Dist 100 = 11.314 | Init Dist 1000 = 11.314 | Learner Steps = 3418 | Learner Walltime = 547.084 | Min Dist = 0.083 | Min Dist 10 = 0.069 | Min Dist 100 = 0.059 | Min Dist 1000 = 0.439 | Steps Per Second = 106.191 | Success = 1.000 | Success 1000 = 0.779
I0528 14:56:40.861113 22892418905664 terminal.py:91] [Actor] Actor Episodes = 4572 | Actor Steps = 228600 | Delta Dist = 11.166 | Delta Dist 10 = 9.102 | Delta Dist 100 = 9.227 | Delta Dist 1000 = 8.221 | Episode Length = 50 | Episode Return = 25.0 | Evaluator Episodes = 1133 | Evaluator Steps = 56650 | Final Dist = 0.148 | Final Dist 10 = 2.212 | Final Dist 100 = 2.087 | Final Dist 1000 = 3.093 | Init Dist = 11.314 | Init Dist 10 = 11.314 | Init Dist 100 = 11.314 | Init Dist 1000 = 11.314 | Learner Steps = 3418 | Learner Walltime = 547.084 | Min Dist = 0.104 | Min Dist 10 = 0.056 | Min Dist 100 = 0.087 | Min Dist 1000 = 0.389 | Steps Per Second = 105.812 | Success = 1.000 | Success 1000 = 0.982
I0528 14:56:41.784231 22895222769216 terminal.py:91] [Evaluator] Actor Episodes = 4579 | Actor Steps = 228950 | Delta Dist = 11.149 | Delta Dist 10 = 10.956 | Delta Dist 100 = 10.863 | Delta Dist 1000 = 10.301 | Episode Length = 50 | Episode Return = 23.0 | Evaluator Episodes = 1137 | Evaluator Steps = 56850 | Final Dist = 0.164 | Final Dist 10 = 0.357 | Final Dist 100 = 0.450 | Final Dist 1000 = 1.013 | Init Dist = 11.314 | Init Dist 10 = 11.314 | Init Dist 100 = 11.314 | Init Dist 1000 = 11.314 | Learner Steps = 3425 | Learner Walltime = 548.086 | Min Dist = 0.098 | Min Dist 10 = 0.073 | Min Dist 100 = 0.059 | Min Dist 1000 = 0.434 | Steps Per Second = 100.295 | Success = 1.000 | Success 1000 = 0.782
I0528 14:56:42.300615 22918291473984 lp_utils.py:96] StepsLimiter: Reached 229550 recorded steps
I0528 14:56:43.408158 22895222769216 terminal.py:91] [Evaluator] Actor Episodes = 4601 | Actor Steps = 230050 | Delta Dist = 10.929 | Delta Dist 10 = 10.971 | Delta Dist 100 = 10.876 | Delta Dist 1000 = 10.309 | Episode Length = 50 | Episode Return = 24.0 | Evaluator Episodes = 1140 | Evaluator Steps = 57000 | Final Dist = 0.384 | Final Dist 10 = 0.343 | Final Dist 100 = 0.437 | Final Dist 1000 = 1.005 | Init Dist = 11.314 | Init Dist 10 = 11.314 | Init Dist 100 = 11.314 | Init Dist 1000 = 11.314 | Learner Steps = 3440 | Learner Walltime = 550.432 | Min Dist = 0.043 | Min Dist 10 = 0.072 | Min Dist 100 = 0.059 | Min Dist 1000 = 0.428 | Steps Per Second = 75.619 | Success = 1.000 | Success 1000 = 0.785
I0528 14:56:44.493284 22895222769216 terminal.py:91] [Evaluator] Actor Episodes = 4609 | Actor Steps = 230450 | Delta Dist = 11.185 | Delta Dist 10 = 11.112 | Delta Dist 100 = 10.881 | Delta Dist 1000 = 10.314 | Episode Length = 50 | Episode Return = 23.0 | Evaluator Episodes = 1142 | Evaluator Steps = 57100 | Final Dist = 0.128 | Final Dist 10 = 0.201 | Final Dist 100 = 0.432 | Final Dist 1000 = 0.999 | Init Dist = 11.314 | Init Dist 10 = 11.314 | Init Dist 100 = 11.314 | Init Dist 1000 = 11.314 | Learner Steps = 3446 | Learner Walltime = 551.442 | Min Dist = 0.088 | Min Dist 10 = 0.067 | Min Dist 100 = 0.059 | Min Dist 1000 = 0.424 | Steps Per Second = 102.853 | Success = 1.000 | Success 1000 = 0.787
I0528 14:56:45.506037 22895222769216 terminal.py:91] [Evaluator] Actor Episodes = 4615 | Actor Steps = 230750 | Delta Dist = 11.203 | Delta Dist 10 = 11.116 | Delta Dist 100 = 10.890 | Delta Dist 1000 = 10.319 | Episode Length = 50 | Episode Return = 22.0 | Evaluator Episodes = 1144 | Evaluator Steps = 57200 | Final Dist = 0.111 | Final Dist 10 = 0.197 | Final Dist 100 = 0.424 | Final Dist 1000 = 0.995 | Init Dist = 11.314 | Init Dist 10 = 11.314 | Init Dist 100 = 11.314 | Init Dist 1000 = 11.314 | Learner Steps = 3452 | Learner Walltime = 552.543 | Min Dist = 0.029 | Min Dist 10 = 0.072 | Min Dist 100 = 0.060 | Min Dist 1000 = 0.421 | Steps Per Second = 97.497 | Success = 1.000 | Success 1000 = 0.789
I0528 14:56:46.583396 22895222769216 terminal.py:91] [Evaluator] Actor Episodes = 4624 | Actor Steps = 231200 | Delta Dist = 10.224 | Delta Dist 10 = 11.031 | Delta Dist 100 = 10.890 | Delta Dist 1000 = 10.324 | Episode Length = 50 | Episode Return = 23.0 | Evaluator Episodes = 1146 | Evaluator Steps = 57300 | Final Dist = 1.090 | Final Dist 10 = 0.283 | Final Dist 100 = 0.424 | Final Dist 1000 = 0.990 | Init Dist = 11.314 | Init Dist 10 = 11.314 | Init Dist 100 = 11.314 | Init Dist 1000 = 11.314 | Learner Steps = 3458 | Learner Walltime = 553.630 | Min Dist = 0.090 | Min Dist 10 = 0.068 | Min Dist 100 = 0.060 | Min Dist 1000 = 0.417 | Steps Per Second = 95.316 | Success = 1.000 | Success 1000 = 0.791
I0528 14:56:47.585294 22895222769216 terminal.py:91] [Evaluator] Actor Episodes = 4632 | Actor Steps = 231600 | Delta Dist = 11.169 | Delta Dist 10 = 10.842 | Delta Dist 100 = 10.880 | Delta Dist 1000 = 10.326 | Episode Length = 50 | Episode Return = 21.0 | Evaluator Episodes = 1148 | Evaluator Steps = 57400 | Final Dist = 0.144 | Final Dist 10 = 0.471 | Final Dist 100 = 0.433 | Final Dist 1000 = 0.988 | Init Dist = 11.314 | Init Dist 10 = 11.314 | Init Dist 100 = 11.314 | Init Dist 1000 = 11.314 | Learner Steps = 3466 | Learner Walltime = 554.791 | Min Dist = 0.068 | Min Dist 10 = 0.072 | Min Dist 100 = 0.062 | Min Dist 1000 = 0.414 | Steps Per Second = 99.526 | Success = 1.000 | Success 1000 = 0.793
I0528 14:56:48.585560 22895222769216 terminal.py:91] [Evaluator] Actor Episodes = 4640 | Actor Steps = 232000 | Delta Dist = 10.576 | Delta Dist 10 = 10.836 | Delta Dist 100 = 10.883 | Delta Dist 1000 = 10.331 | Episode Length = 50 | Episode Return = 24.0 | Evaluator Episodes = 1150 | Evaluator Steps = 57500 | Final Dist = 0.737 | Final Dist 10 = 0.477 | Final Dist 100 = 0.431 | Final Dist 1000 = 0.983 | Init Dist = 11.314 | Init Dist 10 = 11.314 | Init Dist 100 = 11.314 | Init Dist 1000 = 11.314 | Learner Steps = 3466 | Learner Walltime = 554.791 | Min Dist = 0.035 | Min Dist 10 = 0.073 | Min Dist 100 = 0.062 | Min Dist 1000 = 0.412 | Steps Per Second = 92.892 | Success = 1.000 | Success 1000 = 0.795
I0528 14:56:48.744064 22892410500672 terminal.py:91] [Actor] Actor Episodes = 4639 | Actor Steps = 231950 | Delta Dist = 10.359 | Delta Dist 10 = 10.243 | Delta Dist 100 = 9.230 | Delta Dist 1000 = 8.211 | Episode Length = 50 | Episode Return = 24.0 | Evaluator Episodes = 1148 | Evaluator Steps = 57400 | Final Dist = 0.955 | Final Dist 10 = 1.070 | Final Dist 100 = 2.084 | Final Dist 1000 = 3.103 | Init Dist = 11.314 | Init Dist 10 = 11.314 | Init Dist 100 = 11.314 | Init Dist 1000 = 11.314 | Learner Steps = 3466 | Learner Walltime = 554.791 | Min Dist = 0.156 | Min Dist 10 = 0.082 | Min Dist 100 = 0.196 | Min Dist 1000 = 0.400 | Steps Per Second = 98.717 | Success = 1.000 | Success 1000 = 0.983
I0528 14:56:49.235288 22892391589440 terminal.py:91] [Actor] Actor Episodes = 4644 | Actor Steps = 232200 | Delta Dist = 10.262 | Delta Dist 10 = 9.855 | Delta Dist 100 = 9.331 | Delta Dist 1000 = 8.211 | Episode Length = 50 | Episode Return = 22.0 | Evaluator Episodes = 1150 | Evaluator Steps = 57500 | Final Dist = 1.051 | Final Dist 10 = 1.459 | Final Dist 100 = 1.983 | Final Dist 1000 = 3.102 | Init Dist = 11.314 | Init Dist 10 = 11.314 | Init Dist 100 = 11.314 | Init Dist 1000 = 11.314 | Learner Steps = 3473 | Learner Walltime = 555.908 | Min Dist = 1.051 | Min Dist 10 = 0.089 | Min Dist 100 = 0.198 | Min Dist 1000 = 0.400 | Steps Per Second = 116.569 | Success = 0.000 | Success 1000 = 0.983
I0528 14:56:49.613693 22895222769216 terminal.py:91] [Evaluator] Actor Episodes = 4646 | Actor Steps = 232300 | Delta Dist = 11.036 | Delta Dist 10 = 10.819 | Delta Dist 100 = 10.876 | Delta Dist 1000 = 10.334 | Episode Length = 50 | Episode Return = 22.0 | Evaluator Episodes = 1152 | Evaluator Steps = 57600 | Final Dist = 0.278 | Final Dist 10 = 0.495 | Final Dist 100 = 0.438 | Final Dist 1000 = 0.980 | Init Dist = 11.314 | Init Dist 10 = 11.314 | Init Dist 100 = 11.314 | Init Dist 1000 = 11.314 | Learner Steps = 3473 | Learner Walltime = 555.908 | Min Dist = 0.048 | Min Dist 10 = 0.071 | Min Dist 100 = 0.061 | Min Dist 1000 = 0.409 | Steps Per Second = 96.023 | Success = 1.000 | Success 1000 = 0.797
I0528 14:56:49.624109 22863692109376 terminal.py:91] [Learner] Actor Episodes = 4640 | Actor Loss = 6.398386478424072 | Actor Steps = 232000 | Binary Accuracy = 0.9960498809814453 | Categorical Accuracy = 0.119384765625 | Critic Loss = 3.9286975860595703 | Entropy Mean = -14.109994888305664 | Evaluator Episodes = 1150 | Evaluator Steps = 57500 | Learner Steps = 3479 | Learner Walltime = 556.894 | Logits Neg = -15.250822067260742 | Logits Pos = -3.883639097213745 | Logsumexp = 0.40432143211364746 | Steps Per Second = 361.644
I0528 14:56:50.330013 22892421006912 terminal.py:91] [Actor] Actor Episodes = 4657 | Actor Steps = 232850 | Delta Dist = 1.359 | Delta Dist 10 = 6.859 | Delta Dist 100 = 9.024 | Delta Dist 1000 = 8.198 | Episode Length = 50 | Episode Return = 25.0 | Evaluator Episodes = 1152 | Evaluator Steps = 57600 | Final Dist = 9.954 | Final Dist 10 = 4.455 | Final Dist 100 = 2.289 | Final Dist 1000 = 3.115 | Init Dist = 11.314 | Init Dist 10 = 11.314 | Init Dist 100 = 11.314 | Init Dist 1000 = 11.314 | Learner Steps = 3480 | Learner Walltime = 556.964 | Min Dist = 0.356 | Min Dist 10 = 0.056 | Min Dist 100 = 0.193 | Min Dist 1000 = 0.388 | Steps Per Second = 104.888 | Success = 1.000 | Success 1000 = 0.983
I0528 14:56:50.697871 22895222769216 terminal.py:91] [Evaluator] Actor Episodes = 4657 | Actor Steps = 232850 | Delta Dist = 11.286 | Delta Dist 10 = 10.796 | Delta Dist 100 = 10.881 | Delta Dist 1000 = 10.338 | Episode Length = 50 | Episode Return = 25.0 | Evaluator Episodes = 1154 | Evaluator Steps = 57700 | Final Dist = 0.028 | Final Dist 10 = 0.518 | Final Dist 100 = 0.432 | Final Dist 1000 = 0.976 | Init Dist = 11.314 | Init Dist 10 = 11.314 | Init Dist 100 = 11.314 | Init Dist 1000 = 11.314 | Learner Steps = 3480 | Learner Walltime = 556.964 | Min Dist = 0.022 | Min Dist 10 = 0.064 | Min Dist 100 = 0.061 | Min Dist 1000 = 0.406 | Steps Per Second = 90.325 | Success = 1.000 | Success 1000 = 0.799
I0528 14:56:51.035810 22892418905664 terminal.py:91] [Actor] Actor Episodes = 4654 | Actor Steps = 232700 | Delta Dist = 11.039 | Delta Dist 10 = 7.289 | Delta Dist 100 = 8.906 | Delta Dist 1000 = 8.198 | Episode Length = 50 | Episode Return = 22.0 | Evaluator Episodes = 1152 | Evaluator Steps = 57600 | Final Dist = 0.275 | Final Dist 10 = 4.024 | Final Dist 100 = 2.407 | Final Dist 1000 = 3.116 | Init Dist = 11.314 | Init Dist 10 = 11.314 | Init Dist 100 = 11.314 | Init Dist 1000 = 11.314 | Learner Steps = 3480 | Learner Walltime = 556.964 | Min Dist = 0.033 | Min Dist 10 = 0.072 | Min Dist 100 = 0.192 | Min Dist 1000 = 0.388 | Steps Per Second = 98.458 | Success = 1.000 | Success 1000 = 0.983
I0528 14:56:52.265259 22895222769216 terminal.py:91] [Evaluator] Actor Episodes = 4667 | Actor Steps = 233350 | Delta Dist = 10.300 | Delta Dist 10 = 10.890 | Delta Dist 100 = 10.891 | Delta Dist 1000 = 10.344 | Episode Length = 50 | Episode Return = 25.0 | Evaluator Episodes = 1157 | Evaluator Steps = 57850 | Final Dist = 1.014 | Final Dist 10 = 0.423 | Final Dist 100 = 0.423 | Final Dist 1000 = 0.969 | Init Dist = 11.314 | Init Dist 10 = 11.314 | Init Dist 100 = 11.314 | Init Dist 1000 = 11.314 | Learner Steps = 3493 | Learner Walltime = 559.317 | Min Dist = 0.064 | Min Dist 10 = 0.056 | Min Dist 100 = 0.061 | Min Dist 1000 = 0.400 | Steps Per Second = 88.221 | Success = 1.000 | Success 1000 = 0.802
I0528 14:56:52.318488 22918291473984 lp_utils.py:96] StepsLimiter: Reached 233350 recorded steps
I0528 14:56:53.502796 22895222769216 terminal.py:91] [Evaluator] Actor Episodes = 4675 | Actor Steps = 233750 | Delta Dist = 11.147 | Delta Dist 10 = 10.914 | Delta Dist 100 = 10.884 | Delta Dist 1000 = 10.348 | Episode Length = 50 | Episode Return = 23.0 | Evaluator Episodes = 1159 | Evaluator Steps = 57950 | Final Dist = 0.167 | Final Dist 10 = 0.400 | Final Dist 100 = 0.430 | Final Dist 1000 = 0.966 | Init Dist = 11.314 | Init Dist 10 = 11.314 | Init Dist 100 = 11.314 | Init Dist 1000 = 11.314 | Learner Steps = 3500 | Learner Walltime = 560.499 | Min Dist = 0.039 | Min Dist 10 = 0.048 | Min Dist 100 = 0.061 | Min Dist 1000 = 0.397 | Steps Per Second = 77.256 | Success = 1.000 | Success 1000 = 0.804
I0528 14:56:54.865139 22895222769216 terminal.py:91] [Evaluator] Actor Episodes = 4685 | Actor Steps = 234250 | Delta Dist = 11.162 | Delta Dist 10 = 10.874 | Delta Dist 100 = 10.876 | Delta Dist 1000 = 10.351 | Episode Length = 50 | Episode Return = 21.0 | Evaluator Episodes = 1161 | Evaluator Steps = 58050 | Final Dist = 0.151 | Final Dist 10 = 0.440 | Final Dist 100 = 0.438 | Final Dist 1000 = 0.963 | Init Dist = 11.314 | Init Dist 10 = 11.314 | Init Dist 100 = 11.314 | Init Dist 1000 = 11.314 | Learner Steps = 3505 | Learner Walltime = 561.545 | Min Dist = 0.095 | Min Dist 10 = 0.043 | Min Dist 100 = 0.060 | Min Dist 1000 = 0.395 | Steps Per Second = 73.218 | Success = 1.000 | Success 1000 = 0.806
I0528 14:56:55.889055 22895222769216 terminal.py:91] [Evaluator] Actor Episodes = 4693 | Actor Steps = 234650 | Delta Dist = 11.231 | Delta Dist 10 = 10.796 | Delta Dist 100 = 10.868 | Delta Dist 1000 = 10.354 | Episode Length = 50 | Episode Return = 25.0 | Evaluator Episodes = 1163 | Evaluator Steps = 58150 | Final Dist = 0.083 | Final Dist 10 = 0.518 | Final Dist 100 = 0.446 | Final Dist 1000 = 0.960 | Init Dist = 11.314 | Init Dist 10 = 11.314 | Init Dist 100 = 11.314 | Init Dist 1000 = 11.314 | Learner Steps = 3511 | Learner Walltime = 562.903 | Min Dist = 0.074 | Min Dist 10 = 0.052 | Min Dist 100 = 0.062 | Min Dist 1000 = 0.392 | Steps Per Second = 110.627 | Success = 1.000 | Success 1000 = 0.808
I0528 14:56:57.377167 22895222769216 terminal.py:91] [Evaluator] Actor Episodes = 4704 | Actor Steps = 235200 | Delta Dist = 11.164 | Delta Dist 10 = 10.804 | Delta Dist 100 = 10.870 | Delta Dist 1000 = 10.361 | Episode Length = 50 | Episode Return = 24.0 | Evaluator Episodes = 1166 | Evaluator Steps = 58300 | Final Dist = 0.150 | Final Dist 10 = 0.510 | Final Dist 100 = 0.444 | Final Dist 1000 = 0.953 | Init Dist = 11.314 | Init Dist 10 = 11.314 | Init Dist 100 = 11.314 | Init Dist 1000 = 11.314 | Learner Steps = 3519 | Learner Walltime = 563.920 | Min Dist = 0.041 | Min Dist 10 = 0.057 | Min Dist 100 = 0.062 | Min Dist 1000 = 0.386 | Steps Per Second = 98.204 | Success = 1.000 | Success 1000 = 0.811
I0528 14:56:58.444839 22895222769216 terminal.py:91] [Evaluator] Actor Episodes = 4714 | Actor Steps = 235700 | Delta Dist = 11.015 | Delta Dist 10 = 10.978 | Delta Dist 100 = 10.879 | Delta Dist 1000 = 10.365 | Episode Length = 50 | Episode Return = 28.0 | Evaluator Episodes = 1168 | Evaluator Steps = 58400 | Final Dist = 0.299 | Final Dist 10 = 0.336 | Final Dist 100 = 0.434 | Final Dist 1000 = 0.949 | Init Dist = 11.314 | Init Dist 10 = 11.314 | Init Dist 100 = 11.314 | Init Dist 1000 = 11.314 | Learner Steps = 3526 | Learner Walltime = 565.104 | Min Dist = 0.093 | Min Dist 10 = 0.055 | Min Dist 100 = 0.061 | Min Dist 1000 = 0.383 | Steps Per Second = 90.946 | Success = 1.000 | Success 1000 = 0.813
I0528 14:56:58.967706 22892410500672 terminal.py:91] [Actor] Actor Episodes = 4715 | Actor Steps = 235750 | Delta Dist = 10.931 | Delta Dist 10 = 8.771 | Delta Dist 100 = 9.126 | Delta Dist 1000 = 8.230 | Episode Length = 50 | Episode Return = 25.0 | Evaluator Episodes = 1166 | Evaluator Steps = 58300 | Final Dist = 0.383 | Final Dist 10 = 2.543 | Final Dist 100 = 2.188 | Final Dist 1000 = 3.084 | Init Dist = 11.314 | Init Dist 10 = 11.314 | Init Dist 100 = 11.314 | Init Dist 1000 = 11.314 | Learner Steps = 3526 | Learner Walltime = 565.104 | Min Dist = 0.036 | Min Dist 10 = 0.057 | Min Dist 100 = 0.305 | Min Dist 1000 = 0.397 | Steps Per Second = 93.511 | Success = 1.000 | Success 1000 = 0.983
I0528 14:56:59.536128 22895222769216 terminal.py:91] [Evaluator] Actor Episodes = 4723 | Actor Steps = 236150 | Delta Dist = 11.081 | Delta Dist 10 = 10.876 | Delta Dist 100 = 10.884 | Delta Dist 1000 = 10.368 | Episode Length = 50 | Episode Return = 24.0 | Evaluator Episodes = 1170 | Evaluator Steps = 58500 | Final Dist = 0.233 | Final Dist 10 = 0.438 | Final Dist 100 = 0.429 | Final Dist 1000 = 0.945 | Init Dist = 11.314 | Init Dist 10 = 11.314 | Init Dist 100 = 11.314 | Init Dist 1000 = 11.314 | Learner Steps = 3533 | Learner Walltime = 566.399 | Min Dist = 0.091 | Min Dist 10 = 0.067 | Min Dist 100 = 0.061 | Min Dist 1000 = 0.381 | Steps Per Second = 92.987 | Success = 1.000 | Success 1000 = 0.815
I0528 14:56:59.642521 22892391589440 terminal.py:91] [Actor] Actor Episodes = 4722 | Actor Steps = 236100 | Delta Dist = 10.228 | Delta Dist 10 = 8.749 | Delta Dist 100 = 9.179 | Delta Dist 1000 = 8.243 | Episode Length = 50 | Episode Return = 24.0 | Evaluator Episodes = 1168 | Evaluator Steps = 58400 | Final Dist = 1.086 | Final Dist 10 = 2.565 | Final Dist 100 = 2.134 | Final Dist 1000 = 3.071 | Init Dist = 11.314 | Init Dist 10 = 11.314 | Init Dist 100 = 11.314 | Init Dist 1000 = 11.314 | Learner Steps = 3526 | Learner Walltime = 565.104 | Min Dist = 1.086 | Min Dist 10 = 0.056 | Min Dist 100 = 0.305 | Min Dist 1000 = 0.397 | Steps Per Second = 91.497 | Success = 0.000 | Success 1000 = 0.983
I0528 14:56:59.706872 22863692109376 terminal.py:91] [Learner] Actor Episodes = 4721 | Actor Loss = 6.180790901184082 | Actor Steps = 236050 | Binary Accuracy = 0.9959921836853027 | Categorical Accuracy = 0.1134033203125 | Critic Loss = 4.014895439147949 | Entropy Mean = -14.679882049560547 | Evaluator Episodes = 1168 | Evaluator Steps = 58400 | Learner Steps = 3537 | Learner Walltime = 566.975 | Logits Neg = -14.794588088989258 | Logits Pos = -3.995959520339966 | Logsumexp = 0.4772712290287018 | Steps Per Second = 561.656
I0528 14:57:00.568213 22895222769216 terminal.py:91] [Evaluator] Actor Episodes = 4731 | Actor Steps = 236550 | Delta Dist = 10.957 | Delta Dist 10 = 10.964 | Delta Dist 100 = 10.893 | Delta Dist 1000 = 10.372 | Episode Length = 50 | Episode Return = 25.0 | Evaluator Episodes = 1172 | Evaluator Steps = 58600 | Final Dist = 0.357 | Final Dist 10 = 0.349 | Final Dist 100 = 0.421 | Final Dist 1000 = 0.942 | Init Dist = 11.314 | Init Dist 10 = 11.314 | Init Dist 100 = 11.314 | Init Dist 1000 = 11.314 | Learner Steps = 3540 | Learner Walltime = 567.502 | Min Dist = 0.111 | Min Dist 10 = 0.072 | Min Dist 100 = 0.062 | Min Dist 1000 = 0.378 | Steps Per Second = 104.818 | Success = 1.000 | Success 1000 = 0.817
I0528 14:57:00.635957 22892421006912 terminal.py:91] [Actor] Actor Episodes = 4730 | Actor Steps = 236500 | Delta Dist = 10.961 | Delta Dist 10 = 8.085 | Delta Dist 100 = 8.934 | Delta Dist 1000 = 8.225 | Episode Length = 50 | Episode Return = 26.0 | Evaluator Episodes = 1170 | Evaluator Steps = 58500 | Final Dist = 0.353 | Final Dist 10 = 3.228 | Final Dist 100 = 2.380 | Final Dist 1000 = 3.088 | Init Dist = 11.314 | Init Dist 10 = 11.314 | Init Dist 100 = 11.314 | Init Dist 1000 = 11.314 | Learner Steps = 3533 | Learner Walltime = 566.399 | Min Dist = 0.292 | Min Dist 10 = 1.292 | Min Dist 100 = 0.424 | Min Dist 1000 = 0.409 | Steps Per Second = 101.498 | Success = 1.000 | Success 1000 = 0.982
I0528 14:57:01.375053 22892418905664 terminal.py:91] [Actor] Actor Episodes = 4734 | Actor Steps = 236700 | Delta Dist = 11.208 | Delta Dist 10 = 6.098 | Delta Dist 100 = 8.704 | Delta Dist 1000 = 8.203 | Episode Length = 50 | Episode Return = 24.0 | Evaluator Episodes = 1172 | Evaluator Steps = 58600 | Final Dist = 0.106 | Final Dist 10 = 5.215 | Final Dist 100 = 2.609 | Final Dist 1000 = 3.110 | Init Dist = 11.314 | Init Dist 10 = 11.314 | Init Dist 100 = 11.314 | Init Dist 1000 = 11.314 | Learner Steps = 3540 | Learner Walltime = 567.502 | Min Dist = 0.106 | Min Dist 10 = 1.229 | Min Dist 100 = 0.428 | Min Dist 1000 = 0.409 | Steps Per Second = 90.196 | Success = 1.000 | Success 1000 = 0.982
I0528 14:57:01.659154 22895222769216 terminal.py:91] [Evaluator] Actor Episodes = 4739 | Actor Steps = 236950 | Delta Dist = 11.268 | Delta Dist 10 = 10.938 | Delta Dist 100 = 10.882 | Delta Dist 1000 = 10.374 | Episode Length = 50 | Episode Return = 24.0 | Evaluator Episodes = 1174 | Evaluator Steps = 58700 | Final Dist = 0.046 | Final Dist 10 = 0.375 | Final Dist 100 = 0.432 | Final Dist 1000 = 0.940 | Init Dist = 11.314 | Init Dist 10 = 11.314 | Init Dist 100 = 11.314 | Init Dist 1000 = 11.314 | Learner Steps = 3546 | Learner Walltime = 568.549 | Min Dist = 0.046 | Min Dist 10 = 0.073 | Min Dist 100 = 0.062 | Min Dist 1000 = 0.375 | Steps Per Second = 97.060 | Success = 1.000 | Success 1000 = 0.819
I0528 14:57:02.334500 22918291473984 lp_utils.py:96] StepsLimiter: Reached 237050 recorded steps
I0528 14:57:02.806122 22895222769216 terminal.py:91] [Evaluator] Actor Episodes = 4749 | Actor Steps = 237450 | Delta Dist = 10.947 | Delta Dist 10 = 10.873 | Delta Dist 100 = 10.875 | Delta Dist 1000 = 10.378 | Episode Length = 50 | Episode Return = 22.0 | Evaluator Episodes = 1176 | Evaluator Steps = 58800 | Final Dist = 0.367 | Final Dist 10 = 0.441 | Final Dist 100 = 0.438 | Final Dist 1000 = 0.936 | Init Dist = 11.314 | Init Dist 10 = 11.314 | Init Dist 100 = 11.314 | Init Dist 1000 = 11.314 | Learner Steps = 3553 | Learner Walltime = 569.643 | Min Dist = 0.043 | Min Dist 10 = 0.071 | Min Dist 100 = 0.062 | Min Dist 1000 = 0.372 | Steps Per Second = 89.743 | Success = 1.000 | Success 1000 = 0.821
I0528 14:57:02.864618 22918293575232 savers.py:156] Saving checkpoint: /home/gliu2/rebuttal/checkpoints/contrastive_cpc_point_FourRooms_0/checkpoints/counter
I0528 14:57:03.875240 22895222769216 terminal.py:91] [Evaluator] Actor Episodes = 4755 | Actor Steps = 237750 | Delta Dist = 10.265 | Delta Dist 10 = 10.859 | Delta Dist 100 = 10.874 | Delta Dist 1000 = 10.381 | Episode Length = 50 | Episode Return = 22.0 | Evaluator Episodes = 1178 | Evaluator Steps = 58900 | Final Dist = 1.049 | Final Dist 10 = 0.455 | Final Dist 100 = 0.439 | Final Dist 1000 = 0.932 | Init Dist = 11.314 | Init Dist 10 = 11.314 | Init Dist 100 = 11.314 | Init Dist 1000 = 11.314 | Learner Steps = 3559 | Learner Walltime = 570.675 | Min Dist = 0.057 | Min Dist 10 = 0.073 | Min Dist 100 = 0.062 | Min Dist 1000 = 0.370 | Steps Per Second = 88.035 | Success = 1.000 | Success 1000 = 0.823
I0528 14:57:05.410000 22895222769216 terminal.py:91] [Evaluator] Actor Episodes = 4765 | Actor Steps = 238250 | Delta Dist = 10.198 | Delta Dist 10 = 10.871 | Delta Dist 100 = 10.866 | Delta Dist 1000 = 10.387 | Episode Length = 50 | Episode Return = 25.0 | Evaluator Episodes = 1181 | Evaluator Steps = 59050 | Final Dist = 1.116 | Final Dist 10 = 0.443 | Final Dist 100 = 0.448 | Final Dist 1000 = 0.927 | Init Dist = 11.314 | Init Dist 10 = 11.314 | Init Dist 100 = 11.314 | Init Dist 1000 = 11.314 | Learner Steps = 3565 | Learner Walltime = 571.727 | Min Dist = 0.088 | Min Dist 10 = 0.055 | Min Dist 100 = 0.062 | Min Dist 1000 = 0.366 | Steps Per Second = 89.839 | Success = 1.000 | Success 1000 = 0.826
I0528 14:57:06.483499 22895222769216 terminal.py:91] [Evaluator] Actor Episodes = 4773 | Actor Steps = 238650 | Delta Dist = 11.294 | Delta Dist 10 = 10.741 | Delta Dist 100 = 10.861 | Delta Dist 1000 = 10.389 | Episode Length = 50 | Episode Return = 25.0 | Evaluator Episodes = 1183 | Evaluator Steps = 59150 | Final Dist = 0.020 | Final Dist 10 = 0.572 | Final Dist 100 = 0.453 | Final Dist 1000 = 0.925 | Init Dist = 11.314 | Init Dist 10 = 11.314 | Init Dist 100 = 11.314 | Init Dist 1000 = 11.314 | Learner Steps = 3572 | Learner Walltime = 572.870 | Min Dist = 0.020 | Min Dist 10 = 0.052 | Min Dist 100 = 0.062 | Min Dist 1000 = 0.363 | Steps Per Second = 90.555 | Success = 1.000 | Success 1000 = 0.828
I0528 14:57:07.525299 22895222769216 terminal.py:91] [Evaluator] Actor Episodes = 4780 | Actor Steps = 239000 | Delta Dist = 11.127 | Delta Dist 10 = 10.837 | Delta Dist 100 = 10.865 | Delta Dist 1000 = 10.393 | Episode Length = 50 | Episode Return = 23.0 | Evaluator Episodes = 1185 | Evaluator Steps = 59250 | Final Dist = 0.187 | Final Dist 10 = 0.477 | Final Dist 100 = 0.449 | Final Dist 1000 = 0.920 | Init Dist = 11.314 | Init Dist 10 = 11.314 | Init Dist 100 = 11.314 | Init Dist 1000 = 11.314 | Learner Steps = 3578 | Learner Walltime = 573.932 | Min Dist = 0.044 | Min Dist 10 = 0.046 | Min Dist 100 = 0.061 | Min Dist 1000 = 0.360 | Steps Per Second = 94.713 | Success = 1.000 | Success 1000 = 0.830
I0528 14:57:08.547535 22895222769216 terminal.py:91] [Evaluator] Actor Episodes = 4789 | Actor Steps = 239450 | Delta Dist = 11.173 | Delta Dist 10 = 10.944 | Delta Dist 100 = 10.882 | Delta Dist 1000 = 10.397 | Episode Length = 50 | Episode Return = 24.0 | Evaluator Episodes = 1187 | Evaluator Steps = 59350 | Final Dist = 0.141 | Final Dist 10 = 0.370 | Final Dist 100 = 0.432 | Final Dist 1000 = 0.916 | Init Dist = 11.314 | Init Dist 10 = 11.314 | Init Dist 100 = 11.314 | Init Dist 1000 = 11.314 | Learner Steps = 3585 | Learner Walltime = 575.004 | Min Dist = 0.014 | Min Dist 10 = 0.048 | Min Dist 100 = 0.061 | Min Dist 1000 = 0.357 | Steps Per Second = 109.046 | Success = 1.000 | Success 1000 = 0.832
I0528 14:57:09.033925 22892410500672 terminal.py:91] [Actor] Actor Episodes = 4797 | Actor Steps = 239850 | Delta Dist = 10.253 | Delta Dist 10 = 9.307 | Delta Dist 100 = 7.941 | Delta Dist 1000 = 8.134 | Episode Length = 50 | Episode Return = 25.0 | Evaluator Episodes = 1187 | Evaluator Steps = 59350 | Final Dist = 1.060 | Final Dist 10 = 2.007 | Final Dist 100 = 3.373 | Final Dist 1000 = 3.179 | Init Dist = 11.314 | Init Dist 10 = 11.314 | Init Dist 100 = 11.314 | Init Dist 1000 = 11.314 | Learner Steps = 3592 | Learner Walltime = 576.112 | Min Dist = 0.100 | Min Dist 10 = 0.078 | Min Dist 100 = 0.288 | Min Dist 1000 = 0.418 | Steps Per Second = 85.618 | Success = 1.000 | Success 1000 = 0.980
I0528 14:57:09.647530 22895222769216 terminal.py:91] [Evaluator] Actor Episodes = 4797 | Actor Steps = 239850 | Delta Dist = 11.165 | Delta Dist 10 = 10.937 | Delta Dist 100 = 10.883 | Delta Dist 1000 = 10.401 | Episode Length = 50 | Episode Return = 25.0 | Evaluator Episodes = 1189 | Evaluator Steps = 59450 | Final Dist = 0.149 | Final Dist 10 = 0.377 | Final Dist 100 = 0.431 | Final Dist 1000 = 0.913 | Init Dist = 11.314 | Init Dist 10 = 11.314 | Init Dist 100 = 11.314 | Init Dist 1000 = 11.314 | Learner Steps = 3592 | Learner Walltime = 576.112 | Min Dist = 0.061 | Min Dist 10 = 0.044 | Min Dist 100 = 0.060 | Min Dist 1000 = 0.354 | Steps Per Second = 100.989 | Success = 1.000 | Success 1000 = 0.834
I0528 14:57:09.800899 22863692109376 terminal.py:91] [Learner] Actor Episodes = 4793 | Actor Loss = 6.081739902496338 | Actor Steps = 239650 | Binary Accuracy = 0.9959743022918701 | Categorical Accuracy = 0.10595703125 | Critic Loss = 3.982588291168213 | Entropy Mean = -12.77947998046875 | Evaluator Episodes = 1187 | Evaluator Steps = 59350 | Learner Steps = 3597 | Learner Walltime = 577.066 | Logits Neg = -14.849233627319336 | Logits Pos = -3.966820001602173 | Logsumexp = 0.4697894752025604 | Steps Per Second = 236.053
I0528 14:57:09.967955 22892391589440 terminal.py:91] [Actor] Actor Episodes = 4803 | Actor Steps = 240150 | Delta Dist = 10.253 | Delta Dist 10 = 8.603 | Delta Dist 100 = 7.854 | Delta Dist 1000 = 8.137 | Episode Length = 50 | Episode Return = 21.0 | Evaluator Episodes = 1189 | Evaluator Steps = 59450 | Final Dist = 1.061 | Final Dist 10 = 2.711 | Final Dist 100 = 3.459 | Final Dist 1000 = 3.177 | Init Dist = 11.314 | Init Dist 10 = 11.314 | Init Dist 100 = 11.314 | Init Dist 1000 = 11.314 | Learner Steps = 3598 | Learner Walltime = 577.155 | Min Dist = 0.013 | Min Dist 10 = 0.115 | Min Dist 100 = 0.292 | Min Dist 1000 = 0.406 | Steps Per Second = 105.723 | Success = 1.000 | Success 1000 = 0.980
I0528 14:57:10.748676 22895222769216 terminal.py:91] [Evaluator] Actor Episodes = 4805 | Actor Steps = 240250 | Delta Dist = 11.286 | Delta Dist 10 = 10.944 | Delta Dist 100 = 10.895 | Delta Dist 1000 = 10.406 | Episode Length = 50 | Episode Return = 21.0 | Evaluator Episodes = 1191 | Evaluator Steps = 59550 | Final Dist = 0.028 | Final Dist 10 = 0.370 | Final Dist 100 = 0.419 | Final Dist 1000 = 0.908 | Init Dist = 11.314 | Init Dist 10 = 11.314 | Init Dist 100 = 11.314 | Init Dist 1000 = 11.314 | Learner Steps = 3598 | Learner Walltime = 577.155 | Min Dist = 0.020 | Min Dist 10 = 0.049 | Min Dist 100 = 0.060 | Min Dist 1000 = 0.351 | Steps Per Second = 92.093 | Success = 1.000 | Success 1000 = 0.836
I0528 14:57:10.832577 22892421006912 terminal.py:91] [Actor] Actor Episodes = 4809 | Actor Steps = 240450 | Delta Dist = 10.543 | Delta Dist 10 = 8.700 | Delta Dist 100 = 7.732 | Delta Dist 1000 = 8.131 | Episode Length = 50 | Episode Return = 22.0 | Evaluator Episodes = 1191 | Evaluator Steps = 59550 | Final Dist = 0.771 | Final Dist 10 = 2.614 | Final Dist 100 = 3.582 | Final Dist 1000 = 3.183 | Init Dist = 11.314 | Init Dist 10 = 11.314 | Init Dist 100 = 11.314 | Init Dist 1000 = 11.314 | Learner Steps = 3598 | Learner Walltime = 577.155 | Min Dist = 0.023 | Min Dist 10 = 0.057 | Min Dist 100 = 0.288 | Min Dist 1000 = 0.406 | Steps Per Second = 88.089 | Success = 1.000 | Success 1000 = 0.980
I0528 14:57:11.802257 22895222769216 terminal.py:91] [Evaluator] Actor Episodes = 4813 | Actor Steps = 240650 | Delta Dist = 10.943 | Delta Dist 10 = 11.111 | Delta Dist 100 = 10.904 | Delta Dist 1000 = 10.409 | Episode Length = 50 | Episode Return = 24.0 | Evaluator Episodes = 1193 | Evaluator Steps = 59650 | Final Dist = 0.371 | Final Dist 10 = 0.202 | Final Dist 100 = 0.410 | Final Dist 1000 = 0.905 | Init Dist = 11.314 | Init Dist 10 = 11.314 | Init Dist 100 = 11.314 | Init Dist 1000 = 11.314 | Learner Steps = 3604 | Learner Walltime = 578.201 | Min Dist = 0.049 | Min Dist 10 = 0.043 | Min Dist 100 = 0.060 | Min Dist 1000 = 0.348 | Steps Per Second = 84.436 | Success = 1.000 | Success 1000 = 0.838
I0528 14:57:11.826977 22892418905664 terminal.py:91] [Actor] Actor Episodes = 4815 | Actor Steps = 240750 | Delta Dist = 11.259 | Delta Dist 10 = 8.563 | Delta Dist 100 = 7.819 | Delta Dist 1000 = 8.132 | Episode Length = 50 | Episode Return = 24.0 | Evaluator Episodes = 1193 | Evaluator Steps = 59650 | Final Dist = 0.055 | Final Dist 10 = 2.751 | Final Dist 100 = 3.494 | Final Dist 1000 = 3.181 | Init Dist = 11.314 | Init Dist 10 = 11.314 | Init Dist 100 = 11.314 | Init Dist 1000 = 11.314 | Learner Steps = 3604 | Learner Walltime = 578.201 | Min Dist = 0.055 | Min Dist 10 = 0.052 | Min Dist 100 = 0.289 | Min Dist 1000 = 0.406 | Steps Per Second = 89.495 | Success = 1.000 | Success 1000 = 0.980
I0528 14:57:12.347810 22918291473984 lp_utils.py:96] StepsLimiter: Reached 241050 recorded steps
I0528 14:57:12.870705 22895222769216 terminal.py:91] [Evaluator] Actor Episodes = 4821 | Actor Steps = 241050 | Delta Dist = 10.302 | Delta Dist 10 = 11.072 | Delta Dist 100 = 10.901 | Delta Dist 1000 = 10.413 | Episode Length = 50 | Episode Return = 21.0 | Evaluator Episodes = 1195 | Evaluator Steps = 59750 | Final Dist = 1.011 | Final Dist 10 = 0.241 | Final Dist 100 = 0.412 | Final Dist 1000 = 0.901 | Init Dist = 11.314 | Init Dist 10 = 11.314 | Init Dist 100 = 11.314 | Init Dist 1000 = 11.314 | Learner Steps = 3610 | Learner Walltime = 579.255 | Min Dist = 0.006 | Min Dist 10 = 0.046 | Min Dist 100 = 0.061 | Min Dist 1000 = 0.345 | Steps Per Second = 94.625 | Success = 1.000 | Success 1000 = 0.840
I0528 14:57:13.997763 22895222769216 terminal.py:91] [Evaluator] Actor Episodes = 4829 | Actor Steps = 241450 | Delta Dist = 11.179 | Delta Dist 10 = 10.988 | Delta Dist 100 = 10.892 | Delta Dist 1000 = 10.417 | Episode Length = 50 | Episode Return = 23.0 | Evaluator Episodes = 1197 | Evaluator Steps = 59850 | Final Dist = 0.135 | Final Dist 10 = 0.325 | Final Dist 100 = 0.422 | Final Dist 1000 = 0.897 | Init Dist = 11.314 | Init Dist 10 = 11.314 | Init Dist 100 = 11.314 | Init Dist 1000 = 11.314 | Learner Steps = 3616 | Learner Walltime = 580.331 | Min Dist = 0.083 | Min Dist 10 = 0.039 | Min Dist 100 = 0.060 | Min Dist 1000 = 0.342 | Steps Per Second = 103.551 | Success = 1.000 | Success 1000 = 0.842
I0528 14:57:15.065174 22895222769216 terminal.py:91] [Evaluator] Actor Episodes = 4837 | Actor Steps = 241850 | Delta Dist = 11.262 | Delta Dist 10 = 11.014 | Delta Dist 100 = 10.886 | Delta Dist 1000 = 10.421 | Episode Length = 50 | Episode Return = 26.0 | Evaluator Episodes = 1199 | Evaluator Steps = 59950 | Final Dist = 0.052 | Final Dist 10 = 0.300 | Final Dist 100 = 0.428 | Final Dist 1000 = 0.893 | Init Dist = 11.314 | Init Dist 10 = 11.314 | Init Dist 100 = 11.314 | Init Dist 1000 = 11.314 | Learner Steps = 3622 | Learner Walltime = 581.424 | Min Dist = 0.052 | Min Dist 10 = 0.041 | Min Dist 100 = 0.060 | Min Dist 1000 = 0.340 | Steps Per Second = 103.302 | Success = 1.000 | Success 1000 = 0.844
I0528 14:57:16.113405 22895222769216 terminal.py:91] [Evaluator] Actor Episodes = 4845 | Actor Steps = 242250 | Delta Dist = 11.182 | Delta Dist 10 = 10.923 | Delta Dist 100 = 10.888 | Delta Dist 1000 = 10.424 | Episode Length = 50 | Episode Return = 24.0 | Evaluator Episodes = 1201 | Evaluator Steps = 60050 | Final Dist = 0.131 | Final Dist 10 = 0.390 | Final Dist 100 = 0.426 | Final Dist 1000 = 0.890 | Init Dist = 11.314 | Init Dist 10 = 11.314 | Init Dist 100 = 11.314 | Init Dist 1000 = 11.314 | Learner Steps = 3629 | Learner Walltime = 582.547 | Min Dist = 0.098 | Min Dist 10 = 0.046 | Min Dist 100 = 0.061 | Min Dist 1000 = 0.337 | Steps Per Second = 100.274 | Success = 1.000 | Success 1000 = 0.846
I0528 14:57:17.147959 22895222769216 terminal.py:91] [Evaluator] Actor Episodes = 4854 | Actor Steps = 242700 | Delta Dist = 11.142 | Delta Dist 10 = 10.817 | Delta Dist 100 = 10.889 | Delta Dist 1000 = 10.428 | Episode Length = 50 | Episode Return = 23.0 | Evaluator Episodes = 1203 | Evaluator Steps = 60150 | Final Dist = 0.172 | Final Dist 10 = 0.497 | Final Dist 100 = 0.425 | Final Dist 1000 = 0.886 | Init Dist = 11.314 | Init Dist 10 = 11.314 | Init Dist 100 = 11.314 | Init Dist 1000 = 11.314 | Learner Steps = 3635 | Learner Walltime = 583.599 | Min Dist = 0.077 | Min Dist 10 = 0.052 | Min Dist 100 = 0.061 | Min Dist 1000 = 0.334 | Steps Per Second = 86.474 | Success = 1.000 | Success 1000 = 0.848
I0528 14:57:18.657653 22895222769216 terminal.py:91] [Evaluator] Actor Episodes = 4869 | Actor Steps = 243450 | Delta Dist = 11.197 | Delta Dist 10 = 10.772 | Delta Dist 100 = 10.891 | Delta Dist 1000 = 10.433 | Episode Length = 50 | Episode Return = 22.0 | Evaluator Episodes = 1206 | Evaluator Steps = 60300 | Final Dist = 0.117 | Final Dist 10 = 0.542 | Final Dist 100 = 0.423 | Final Dist 1000 = 0.881 | Init Dist = 11.314 | Init Dist 10 = 11.314 | Init Dist 100 = 11.314 | Init Dist 1000 = 11.314 | Learner Steps = 3648 | Learner Walltime = 585.704 | Min Dist = 0.042 | Min Dist 10 = 0.055 | Min Dist 100 = 0.061 | Min Dist 1000 = 0.330 | Steps Per Second = 86.854 | Success = 1.000 | Success 1000 = 0.851
I0528 14:57:19.064803 22892410500672 terminal.py:91] [Actor] Actor Episodes = 4870 | Actor Steps = 243500 | Delta Dist = 10.243 | Delta Dist 10 = 11.047 | Delta Dist 100 = 9.078 | Delta Dist 1000 = 8.213 | Episode Length = 50 | Episode Return = 23.0 | Evaluator Episodes = 1203 | Evaluator Steps = 60150 | Final Dist = 1.070 | Final Dist 10 = 0.267 | Final Dist 100 = 2.236 | Final Dist 1000 = 3.101 | Init Dist = 11.314 | Init Dist 10 = 11.314 | Init Dist 100 = 11.314 | Init Dist 1000 = 11.314 | Learner Steps = 3648 | Learner Walltime = 585.704 | Min Dist = 0.048 | Min Dist 10 = 0.099 | Min Dist 100 = 0.082 | Min Dist 1000 = 0.383 | Steps Per Second = 103.526 | Success = 0.000 | Success 1000 = 0.979
I0528 14:57:19.774804 22895222769216 terminal.py:91] [Evaluator] Actor Episodes = 4877 | Actor Steps = 243850 | Delta Dist = 11.284 | Delta Dist 10 = 10.764 | Delta Dist 100 = 10.898 | Delta Dist 1000 = 10.437 | Episode Length = 50 | Episode Return = 23.0 | Evaluator Episodes = 1208 | Evaluator Steps = 60400 | Final Dist = 0.029 | Final Dist 10 = 0.550 | Final Dist 100 = 0.415 | Final Dist 1000 = 0.876 | Init Dist = 11.314 | Init Dist 10 = 11.314 | Init Dist 100 = 11.314 | Init Dist 1000 = 11.314 | Learner Steps = 3655 | Learner Walltime = 587.010 | Min Dist = 0.029 | Min Dist 10 = 0.055 | Min Dist 100 = 0.061 | Min Dist 1000 = 0.327 | Steps Per Second = 81.513 | Success = 1.000 | Success 1000 = 0.853
I0528 14:57:19.834475 22863692109376 terminal.py:91] [Learner] Actor Episodes = 4877 | Actor Loss = 6.395066261291504 | Actor Steps = 243850 | Binary Accuracy = 0.9959683418273926 | Categorical Accuracy = 0.12481689453125 | Critic Loss = 3.90704345703125 | Entropy Mean = -12.473962783813477 | Evaluator Episodes = 1206 | Evaluator Steps = 60300 | Learner Steps = 3656 | Learner Walltime = 587.103 | Logits Neg = -15.287158012390137 | Logits Pos = -3.9106528759002686 | Logsumexp = 0.49080121517181396 | Steps Per Second = 692.053
I0528 14:57:20.168533 22892391589440 terminal.py:91] [Actor] Actor Episodes = 4878 | Actor Steps = 243900 | Delta Dist = 11.082 | Delta Dist 10 = 8.595 | Delta Dist 100 = 9.161 | Delta Dist 1000 = 8.232 | Episode Length = 50 | Episode Return = 24.0 | Evaluator Episodes = 1206 | Evaluator Steps = 60300 | Final Dist = 0.232 | Final Dist 10 = 2.719 | Final Dist 100 = 2.153 | Final Dist 1000 = 3.082 | Init Dist = 11.314 | Init Dist 10 = 11.314 | Init Dist 100 = 11.314 | Init Dist 1000 = 11.314 | Learner Steps = 3648 | Learner Walltime = 585.704 | Min Dist = 0.080 | Min Dist 10 = 0.077 | Min Dist 100 = 0.085 | Min Dist 1000 = 0.382 | Steps Per Second = 92.134 | Success = 1.000 | Success 1000 = 0.979
I0528 14:57:20.789895 22895222769216 terminal.py:91] [Evaluator] Actor Episodes = 4883 | Actor Steps = 244150 | Delta Dist = 10.392 | Delta Dist 10 = 10.839 | Delta Dist 100 = 10.903 | Delta Dist 1000 = 10.442 | Episode Length = 50 | Episode Return = 25.0 | Evaluator Episodes = 1210 | Evaluator Steps = 60500 | Final Dist = 0.922 | Final Dist 10 = 0.474 | Final Dist 100 = 0.411 | Final Dist 1000 = 0.871 | Init Dist = 11.314 | Init Dist 10 = 11.314 | Init Dist 100 = 11.314 | Init Dist 1000 = 11.314 | Learner Steps = 3655 | Learner Walltime = 587.010 | Min Dist = 0.052 | Min Dist 10 = 0.060 | Min Dist 100 = 0.061 | Min Dist 1000 = 0.324 | Steps Per Second = 92.799 | Success = 1.000 | Success 1000 = 0.855
I0528 14:57:20.931166 22892421006912 terminal.py:91] [Actor] Actor Episodes = 4882 | Actor Steps = 244100 | Delta Dist = 10.290 | Delta Dist 10 = 10.676 | Delta Dist 100 = 9.220 | Delta Dist 1000 = 8.251 | Episode Length = 50 | Episode Return = 23.0 | Evaluator Episodes = 1208 | Evaluator Steps = 60400 | Final Dist = 1.024 | Final Dist 10 = 0.637 | Final Dist 100 = 2.094 | Final Dist 1000 = 3.063 | Init Dist = 11.314 | Init Dist 10 = 11.314 | Init Dist 100 = 11.314 | Init Dist 1000 = 11.314 | Learner Steps = 3655 | Learner Walltime = 587.010 | Min Dist = 0.061 | Min Dist 10 = 0.161 | Min Dist 100 = 0.095 | Min Dist 1000 = 0.372 | Steps Per Second = 95.112 | Success = 1.000 | Success 1000 = 0.978
I0528 14:57:21.830249 22895222769216 terminal.py:91] [Evaluator] Actor Episodes = 4892 | Actor Steps = 244600 | Delta Dist = 11.101 | Delta Dist 10 = 10.850 | Delta Dist 100 = 10.903 | Delta Dist 1000 = 10.446 | Episode Length = 50 | Episode Return = 23.0 | Evaluator Episodes = 1212 | Evaluator Steps = 60600 | Final Dist = 0.213 | Final Dist 10 = 0.464 | Final Dist 100 = 0.410 | Final Dist 1000 = 0.868 | Init Dist = 11.314 | Init Dist 10 = 11.314 | Init Dist 100 = 11.314 | Init Dist 1000 = 11.314 | Learner Steps = 3662 | Learner Walltime = 588.086 | Min Dist = 0.033 | Min Dist 10 = 0.052 | Min Dist 100 = 0.061 | Min Dist 1000 = 0.321 | Steps Per Second = 104.474 | Success = 1.000 | Success 1000 = 0.857
I0528 14:57:21.846014 22892418905664 terminal.py:91] [Actor] Actor Episodes = 4889 | Actor Steps = 244450 | Delta Dist = 11.250 | Delta Dist 10 = 10.316 | Delta Dist 100 = 9.290 | Delta Dist 1000 = 8.275 | Episode Length = 50 | Episode Return = 25.0 | Evaluator Episodes = 1210 | Evaluator Steps = 60500 | Final Dist = 0.064 | Final Dist 10 = 0.997 | Final Dist 100 = 2.024 | Final Dist 1000 = 3.038 | Init Dist = 11.314 | Init Dist 10 = 11.314 | Init Dist 100 = 11.314 | Init Dist 1000 = 11.314 | Learner Steps = 3662 | Learner Walltime = 588.086 | Min Dist = 0.037 | Min Dist 10 = 0.180 | Min Dist 100 = 0.096 | Min Dist 1000 = 0.361 | Steps Per Second = 107.136 | Success = 1.000 | Success 1000 = 0.978
I0528 14:57:22.363206 22918291473984 lp_utils.py:96] StepsLimiter: Reached 244700 recorded steps
I0528 14:57:22.989759 22895222769216 terminal.py:91] [Evaluator] Actor Episodes = 4900 | Actor Steps = 245000 | Delta Dist = 11.200 | Delta Dist 10 = 10.938 | Delta Dist 100 = 10.913 | Delta Dist 1000 = 10.450 | Episode Length = 50 | Episode Return = 24.0 | Evaluator Episodes = 1214 | Evaluator Steps = 60700 | Final Dist = 0.113 | Final Dist 10 = 0.375 | Final Dist 100 = 0.401 | Final Dist 1000 = 0.863 | Init Dist = 11.314 | Init Dist 10 = 11.314 | Init Dist 100 = 11.314 | Init Dist 1000 = 11.314 | Learner Steps = 3669 | Learner Walltime = 589.235 | Min Dist = 0.051 | Min Dist 10 = 0.048 | Min Dist 100 = 0.060 | Min Dist 1000 = 0.318 | Steps Per Second = 82.566 | Success = 1.000 | Success 1000 = 0.859
I0528 14:57:24.475268 22895222769216 terminal.py:91] [Evaluator] Actor Episodes = 4911 | Actor Steps = 245550 | Delta Dist = 11.245 | Delta Dist 10 = 11.078 | Delta Dist 100 = 10.920 | Delta Dist 1000 = 10.457 | Episode Length = 50 | Episode Return = 24.0 | Evaluator Episodes = 1217 | Evaluator Steps = 60850 | Final Dist = 0.069 | Final Dist 10 = 0.236 | Final Dist 100 = 0.394 | Final Dist 1000 = 0.856 | Init Dist = 11.314 | Init Dist 10 = 11.314 | Init Dist 100 = 11.314 | Init Dist 1000 = 11.314 | Learner Steps = 3682 | Learner Walltime = 591.343 | Min Dist = 0.069 | Min Dist 10 = 0.057 | Min Dist 100 = 0.059 | Min Dist 1000 = 0.314 | Steps Per Second = 95.539 | Success = 1.000 | Success 1000 = 0.862
I0528 14:57:25.879852 22895222769216 terminal.py:91] [Evaluator] Actor Episodes = 4922 | Actor Steps = 246100 | Delta Dist = 11.140 | Delta Dist 10 = 11.084 | Delta Dist 100 = 10.939 | Delta Dist 1000 = 10.464 | Episode Length = 50 | Episode Return = 21.0 | Evaluator Episodes = 1220 | Evaluator Steps = 61000 | Final Dist = 0.174 | Final Dist 10 = 0.229 | Final Dist 100 = 0.375 | Final Dist 1000 = 0.850 | Init Dist = 11.314 | Init Dist 10 = 11.314 | Init Dist 100 = 11.314 | Init Dist 1000 = 11.314 | Learner Steps = 3689 | Learner Walltime = 592.366 | Min Dist = 0.031 | Min Dist 10 = 0.062 | Min Dist 100 = 0.060 | Min Dist 1000 = 0.310 | Steps Per Second = 103.537 | Success = 1.000 | Success 1000 = 0.865
I0528 14:57:26.964684 22895222769216 terminal.py:91] [Evaluator] Actor Episodes = 4932 | Actor Steps = 246600 | Delta Dist = 11.284 | Delta Dist 10 = 11.068 | Delta Dist 100 = 10.929 | Delta Dist 1000 = 10.467 | Episode Length = 50 | Episode Return = 23.0 | Evaluator Episodes = 1222 | Evaluator Steps = 61100 | Final Dist = 0.030 | Final Dist 10 = 0.246 | Final Dist 100 = 0.384 | Final Dist 1000 = 0.846 | Init Dist = 11.314 | Init Dist 10 = 11.314 | Init Dist 100 = 11.314 | Init Dist 1000 = 11.314 | Learner Steps = 3696 | Learner Walltime = 593.633 | Min Dist = 0.011 | Min Dist 10 = 0.057 | Min Dist 100 = 0.059 | Min Dist 1000 = 0.307 | Steps Per Second = 91.566 | Success = 1.000 | Success 1000 = 0.867
I0528 14:57:28.145367 22895222769216 terminal.py:91] [Evaluator] Actor Episodes = 4940 | Actor Steps = 247000 | Delta Dist = 11.267 | Delta Dist 10 = 10.987 | Delta Dist 100 = 10.922 | Delta Dist 1000 = 10.471 | Episode Length = 50 | Episode Return = 21.0 | Evaluator Episodes = 1224 | Evaluator Steps = 61200 | Final Dist = 0.047 | Final Dist 10 = 0.326 | Final Dist 100 = 0.392 | Final Dist 1000 = 0.843 | Init Dist = 11.314 | Init Dist 10 = 11.314 | Init Dist 100 = 11.314 | Init Dist 1000 = 11.314 | Learner Steps = 3703 | Learner Walltime = 594.740 | Min Dist = 0.047 | Min Dist 10 = 0.056 | Min Dist 100 = 0.058 | Min Dist 1000 = 0.304 | Steps Per Second = 84.387 | Success = 1.000 | Success 1000 = 0.869
I0528 14:57:29.080674 22892410500672 terminal.py:91] [Actor] Actor Episodes = 4948 | Actor Steps = 247400 | Delta Dist = 11.252 | Delta Dist 10 = 9.555 | Delta Dist 100 = 9.257 | Delta Dist 1000 = 8.386 | Episode Length = 50 | Episode Return = 22.0 | Evaluator Episodes = 1224 | Evaluator Steps = 61200 | Final Dist = 0.062 | Final Dist 10 = 1.759 | Final Dist 100 = 2.057 | Final Dist 1000 = 2.927 | Init Dist = 11.314 | Init Dist 10 = 11.314 | Init Dist 100 = 11.314 | Init Dist 1000 = 11.314 | Learner Steps = 3709 | Learner Walltime = 596.056 | Min Dist = 0.031 | Min Dist 10 = 0.064 | Min Dist 100 = 0.088 | Min Dist 1000 = 0.323 | Steps Per Second = 87.647 | Success = 1.000 | Success 1000 = 0.980
I0528 14:57:29.419897 22895222769216 terminal.py:91] [Evaluator] Actor Episodes = 4948 | Actor Steps = 247400 | Delta Dist = 10.945 | Delta Dist 10 = 10.911 | Delta Dist 100 = 10.915 | Delta Dist 1000 = 10.474 | Episode Length = 50 | Episode Return = 24.0 | Evaluator Episodes = 1226 | Evaluator Steps = 61300 | Final Dist = 0.369 | Final Dist 10 = 0.403 | Final Dist 100 = 0.399 | Final Dist 1000 = 0.839 | Init Dist = 11.314 | Init Dist 10 = 11.314 | Init Dist 100 = 11.314 | Init Dist 1000 = 11.314 | Learner Steps = 3709 | Learner Walltime = 596.056 | Min Dist = 0.022 | Min Dist 10 = 0.054 | Min Dist 100 = 0.058 | Min Dist 1000 = 0.301 | Steps Per Second = 80.437 | Success = 1.000 | Success 1000 = 0.871
I0528 14:57:29.931161 22863692109376 terminal.py:91] [Learner] Actor Episodes = 4952 | Actor Loss = 6.280351161956787 | Actor Steps = 247600 | Binary Accuracy = 0.9959290027618408 | Categorical Accuracy = 0.10760498046875 | Critic Loss = 4.021160125732422 | Entropy Mean = -14.160919189453125 | Evaluator Episodes = 1226 | Evaluator Steps = 61300 | Learner Steps = 3715 | Learner Walltime = 597.197 | Logits Neg = -14.35824203491211 | Logits Pos = -4.0194549560546875 | Logsumexp = 0.5688855648040771 | Steps Per Second = 205.108
I0528 14:57:30.263206 22892391589440 terminal.py:91] [Actor] Actor Episodes = 4951 | Actor Steps = 247550 | Delta Dist = 10.993 | Delta Dist 10 = 9.898 | Delta Dist 100 = 9.218 | Delta Dist 1000 = 8.417 | Episode Length = 50 | Episode Return = 24.0 | Evaluator Episodes = 1226 | Evaluator Steps = 61300 | Final Dist = 0.320 | Final Dist 10 = 1.415 | Final Dist 100 = 2.096 | Final Dist 1000 = 2.897 | Init Dist = 11.314 | Init Dist 10 = 11.314 | Init Dist 100 = 11.314 | Init Dist 1000 = 11.314 | Learner Steps = 3709 | Learner Walltime = 596.056 | Min Dist = 0.059 | Min Dist 10 = 0.038 | Min Dist 100 = 0.086 | Min Dist 1000 = 0.322 | Steps Per Second = 106.664 | Success = 1.000 | Success 1000 = 0.980
I0528 14:57:30.478220 22895222769216 terminal.py:91] [Evaluator] Actor Episodes = 4956 | Actor Steps = 247800 | Delta Dist = 10.281 | Delta Dist 10 = 10.900 | Delta Dist 100 = 10.923 | Delta Dist 1000 = 10.478 | Episode Length = 50 | Episode Return = 24.0 | Evaluator Episodes = 1228 | Evaluator Steps = 61400 | Final Dist = 1.033 | Final Dist 10 = 0.413 | Final Dist 100 = 0.390 | Final Dist 1000 = 0.836 | Init Dist = 11.314 | Init Dist 10 = 11.314 | Init Dist 100 = 11.314 | Init Dist 1000 = 11.314 | Learner Steps = 3715 | Learner Walltime = 597.197 | Min Dist = 0.018 | Min Dist 10 = 0.051 | Min Dist 100 = 0.058 | Min Dist 1000 = 0.299 | Steps Per Second = 98.933 | Success = 1.000 | Success 1000 = 0.873
I0528 14:57:31.037286 22892421006912 terminal.py:91] [Actor] Actor Episodes = 4956 | Actor Steps = 247800 | Delta Dist = 11.129 | Delta Dist 10 = 9.362 | Delta Dist 100 = 9.299 | Delta Dist 1000 = 8.433 | Episode Length = 50 | Episode Return = 23.0 | Evaluator Episodes = 1226 | Evaluator Steps = 61300 | Final Dist = 0.185 | Final Dist 10 = 1.951 | Final Dist 100 = 2.015 | Final Dist 1000 = 2.881 | Init Dist = 11.314 | Init Dist 10 = 11.314 | Init Dist 100 = 11.314 | Init Dist 1000 = 11.314 | Learner Steps = 3715 | Learner Walltime = 597.197 | Min Dist = 0.065 | Min Dist 10 = 0.046 | Min Dist 100 = 0.085 | Min Dist 1000 = 0.322 | Steps Per Second = 101.006 | Success = 1.000 | Success 1000 = 0.981
I0528 14:57:31.612325 22895222769216 terminal.py:91] [Evaluator] Actor Episodes = 4961 | Actor Steps = 248050 | Delta Dist = 11.156 | Delta Dist 10 = 10.811 | Delta Dist 100 = 10.915 | Delta Dist 1000 = 10.482 | Episode Length = 50 | Episode Return = 25.0 | Evaluator Episodes = 1230 | Evaluator Steps = 61500 | Final Dist = 0.158 | Final Dist 10 = 0.503 | Final Dist 100 = 0.399 | Final Dist 1000 = 0.832 | Init Dist = 11.314 | Init Dist 10 = 11.314 | Init Dist 100 = 11.314 | Init Dist 1000 = 11.314 | Learner Steps = 3722 | Learner Walltime = 598.343 | Min Dist = 0.050 | Min Dist 10 = 0.041 | Min Dist 100 = 0.057 | Min Dist 1000 = 0.296 | Steps Per Second = 80.177 | Success = 1.000 | Success 1000 = 0.875
I0528 14:57:32.090075 22892418905664 terminal.py:91] [Actor] Actor Episodes = 4969 | Actor Steps = 248450 | Delta Dist = 11.053 | Delta Dist 10 = 9.060 | Delta Dist 100 = 9.156 | Delta Dist 1000 = 8.434 | Episode Length = 50 | Episode Return = 25.0 | Evaluator Episodes = 1230 | Evaluator Steps = 61500 | Final Dist = 0.260 | Final Dist 10 = 2.254 | Final Dist 100 = 2.158 | Final Dist 1000 = 2.879 | Init Dist = 11.314 | Init Dist 10 = 11.314 | Init Dist 100 = 11.314 | Init Dist 1000 = 11.314 | Learner Steps = 3722 | Learner Walltime = 598.343 | Min Dist = 0.005 | Min Dist 10 = 0.054 | Min Dist 100 = 0.082 | Min Dist 1000 = 0.322 | Steps Per Second = 86.770 | Success = 1.000 | Success 1000 = 0.981
I0528 14:57:32.384446 22918291473984 lp_utils.py:96] StepsLimiter: Reached 248450 recorded steps
I0528 14:57:32.752287 22895222769216 terminal.py:91] [Evaluator] Actor Episodes = 4973 | Actor Steps = 248650 | Delta Dist = 11.246 | Delta Dist 10 = 10.915 | Delta Dist 100 = 10.934 | Delta Dist 1000 = 10.486 | Episode Length = 50 | Episode Return = 24.0 | Evaluator Episodes = 1232 | Evaluator Steps = 61600 | Final Dist = 0.068 | Final Dist 10 = 0.399 | Final Dist 100 = 0.380 | Final Dist 1000 = 0.827 | Init Dist = 11.314 | Init Dist 10 = 11.314 | Init Dist 100 = 11.314 | Init Dist 1000 = 11.314 | Learner Steps = 3729 | Learner Walltime = 599.540 | Min Dist = 0.033 | Min Dist 10 = 0.045 | Min Dist 100 = 0.056 | Min Dist 1000 = 0.293 | Steps Per Second = 89.803 | Success = 1.000 | Success 1000 = 0.877
I0528 14:57:33.838595 22895222769216 terminal.py:91] [Evaluator] Actor Episodes = 4981 | Actor Steps = 249050 | Delta Dist = 11.219 | Delta Dist 10 = 10.912 | Delta Dist 100 = 10.927 | Delta Dist 1000 = 10.489 | Episode Length = 50 | Episode Return = 24.0 | Evaluator Episodes = 1234 | Evaluator Steps = 61700 | Final Dist = 0.095 | Final Dist 10 = 0.402 | Final Dist 100 = 0.386 | Final Dist 1000 = 0.825 | Init Dist = 11.314 | Init Dist 10 = 11.314 | Init Dist 100 = 11.314 | Init Dist 1000 = 11.314 | Learner Steps = 3735 | Learner Walltime = 600.668 | Min Dist = 0.080 | Min Dist 10 = 0.046 | Min Dist 100 = 0.056 | Min Dist 1000 = 0.290 | Steps Per Second = 90.734 | Success = 1.000 | Success 1000 = 0.879
I0528 14:57:34.996938 22895222769216 terminal.py:91] [Evaluator] Actor Episodes = 4989 | Actor Steps = 249450 | Delta Dist = 11.266 | Delta Dist 10 = 10.902 | Delta Dist 100 = 10.919 | Delta Dist 1000 = 10.492 | Episode Length = 50 | Episode Return = 23.0 | Evaluator Episodes = 1236 | Evaluator Steps = 61800 | Final Dist = 0.048 | Final Dist 10 = 0.412 | Final Dist 100 = 0.395 | Final Dist 1000 = 0.822 | Init Dist = 11.314 | Init Dist 10 = 11.314 | Init Dist 100 = 11.314 | Init Dist 1000 = 11.314 | Learner Steps = 3742 | Learner Walltime = 601.727 | Min Dist = 0.043 | Min Dist 10 = 0.045 | Min Dist 100 = 0.055 | Min Dist 1000 = 0.287 | Steps Per Second = 99.448 | Success = 1.000 | Success 1000 = 0.881
I0528 14:57:36.063716 22895222769216 terminal.py:91] [Evaluator] Actor Episodes = 4995 | Actor Steps = 249750 | Delta Dist = 11.039 | Delta Dist 10 = 10.941 | Delta Dist 100 = 10.921 | Delta Dist 1000 = 10.496 | Episode Length = 50 | Episode Return = 23.0 | Evaluator Episodes = 1238 | Evaluator Steps = 61900 | Final Dist = 0.274 | Final Dist 10 = 0.373 | Final Dist 100 = 0.393 | Final Dist 1000 = 0.817 | Init Dist = 11.314 | Init Dist 10 = 11.314 | Init Dist 100 = 11.314 | Init Dist 1000 = 11.314 | Learner Steps = 3748 | Learner Walltime = 602.799 | Min Dist = 0.018 | Min Dist 10 = 0.040 | Min Dist 100 = 0.054 | Min Dist 1000 = 0.284 | Steps Per Second = 95.985 | Success = 1.000 | Success 1000 = 0.883
I0528 14:57:36.952576 22897759475264 savers.py:156] Saving checkpoint: /home/gliu2/rebuttal/checkpoints/contrastive_cpc_point_FourRooms_0/checkpoints/learner
I0528 14:57:37.210472 22895222769216 terminal.py:91] [Evaluator] Actor Episodes = 5003 | Actor Steps = 250150 | Delta Dist = 11.235 | Delta Dist 10 = 11.025 | Delta Dist 100 = 10.920 | Delta Dist 1000 = 10.501 | Episode Length = 50 | Episode Return = 23.0 | Evaluator Episodes = 1240 | Evaluator Steps = 62000 | Final Dist = 0.078 | Final Dist 10 = 0.289 | Final Dist 100 = 0.394 | Final Dist 1000 = 0.813 | Init Dist = 11.314 | Init Dist 10 = 11.314 | Init Dist 100 = 11.314 | Init Dist 1000 = 11.314 | Learner Steps = 3754 | Learner Walltime = 603.805 | Min Dist = 0.022 | Min Dist 10 = 0.037 | Min Dist 100 = 0.053 | Min Dist 1000 = 0.281 | Steps Per Second = 74.745 | Success = 1.000 | Success 1000 = 0.885
I0528 14:57:38.410129 22895222769216 terminal.py:91] [Evaluator] Actor Episodes = 5015 | Actor Steps = 250750 | Delta Dist = 10.962 | Delta Dist 10 = 10.936 | Delta Dist 100 = 10.917 | Delta Dist 1000 = 10.504 | Episode Length = 50 | Episode Return = 26.0 | Evaluator Episodes = 1242 | Evaluator Steps = 62100 | Final Dist = 0.352 | Final Dist 10 = 0.378 | Final Dist 100 = 0.397 | Final Dist 1000 = 0.809 | Init Dist = 11.314 | Init Dist 10 = 11.314 | Init Dist 100 = 11.314 | Init Dist 1000 = 11.314 | Learner Steps = 3760 | Learner Walltime = 604.988 | Min Dist = 0.018 | Min Dist 10 = 0.032 | Min Dist 100 = 0.053 | Min Dist 1000 = 0.279 | Steps Per Second = 78.684 | Success = 1.000 | Success 1000 = 0.887
I0528 14:57:39.313529 22892410500672 terminal.py:91] [Actor] Actor Episodes = 5015 | Actor Steps = 250750 | Delta Dist = 10.950 | Delta Dist 10 = 9.623 | Delta Dist 100 = 9.174 | Delta Dist 1000 = 8.465 | Episode Length = 50 | Episode Return = 22.0 | Evaluator Episodes = 1240 | Evaluator Steps = 62000 | Final Dist = 0.364 | Final Dist 10 = 1.691 | Final Dist 100 = 2.140 | Final Dist 1000 = 2.848 | Init Dist = 11.314 | Init Dist 10 = 11.314 | Init Dist 100 = 11.314 | Init Dist 1000 = 11.314 | Learner Steps = 3760 | Learner Walltime = 604.988 | Min Dist = 0.033 | Min Dist 10 = 0.054 | Min Dist 100 = 0.367 | Min Dist 1000 = 0.340 | Steps Per Second = 113.497 | Success = 1.000 | Success 1000 = 0.979
I0528 14:57:39.541040 22895222769216 terminal.py:91] [Evaluator] Actor Episodes = 5021 | Actor Steps = 251050 | Delta Dist = 11.141 | Delta Dist 10 = 10.988 | Delta Dist 100 = 10.914 | Delta Dist 1000 = 10.508 | Episode Length = 50 | Episode Return = 22.0 | Evaluator Episodes = 1244 | Evaluator Steps = 62200 | Final Dist = 0.173 | Final Dist 10 = 0.326 | Final Dist 100 = 0.399 | Final Dist 1000 = 0.806 | Init Dist = 11.314 | Init Dist 10 = 11.314 | Init Dist 100 = 11.314 | Init Dist 1000 = 11.314 | Learner Steps = 3767 | Learner Walltime = 606.308 | Min Dist = 0.040 | Min Dist 10 = 0.030 | Min Dist 100 = 0.052 | Min Dist 1000 = 0.276 | Steps Per Second = 90.963 | Success = 1.000 | Success 1000 = 0.889
I0528 14:57:40.073170 22863692109376 terminal.py:91] [Learner] Actor Episodes = 5026 | Actor Loss = 6.24822998046875 | Actor Steps = 251300 | Binary Accuracy = 0.9960484504699707 | Categorical Accuracy = 0.1162109375 | Critic Loss = 3.964306592941284 | Entropy Mean = -14.411909103393555 | Evaluator Episodes = 1244 | Evaluator Steps = 62200 | Learner Steps = 3773 | Learner Walltime = 607.345 | Logits Neg = -15.02562141418457 | Logits Pos = -3.9485201835632324 | Logsumexp = 0.4507567882537842 | Steps Per Second = 220.978
I0528 14:57:40.591090 22895222769216 terminal.py:91] [Evaluator] Actor Episodes = 5030 | Actor Steps = 251500 | Delta Dist = 10.267 | Delta Dist 10 = 10.980 | Delta Dist 100 = 10.913 | Delta Dist 1000 = 10.511 | Episode Length = 50 | Episode Return = 21.0 | Evaluator Episodes = 1246 | Evaluator Steps = 62300 | Final Dist = 1.047 | Final Dist 10 = 0.334 | Final Dist 100 = 0.400 | Final Dist 1000 = 0.802 | Init Dist = 11.314 | Init Dist 10 = 11.314 | Init Dist 100 = 11.314 | Init Dist 1000 = 11.314 | Learner Steps = 3773 | Learner Walltime = 607.345 | Min Dist = 0.031 | Min Dist 10 = 0.029 | Min Dist 100 = 0.051 | Min Dist 1000 = 0.273 | Steps Per Second = 98.345 | Success = 1.000 | Success 1000 = 0.891
I0528 14:57:40.629138 22892391589440 terminal.py:91] [Actor] Actor Episodes = 5029 | Actor Steps = 251450 | Delta Dist = 11.172 | Delta Dist 10 = 9.495 | Delta Dist 100 = 9.210 | Delta Dist 1000 = 8.469 | Episode Length = 50 | Episode Return = 23.0 | Evaluator Episodes = 1244 | Evaluator Steps = 62200 | Final Dist = 0.142 | Final Dist 10 = 1.819 | Final Dist 100 = 2.104 | Final Dist 1000 = 2.845 | Init Dist = 11.314 | Init Dist 10 = 11.314 | Init Dist 100 = 11.314 | Init Dist 1000 = 11.314 | Learner Steps = 3773 | Learner Walltime = 607.345 | Min Dist = 0.081 | Min Dist 10 = 0.062 | Min Dist 100 = 0.359 | Min Dist 1000 = 0.328 | Steps Per Second = 96.046 | Success = 1.000 | Success 1000 = 0.979
I0528 14:57:41.082461 22892421006912 terminal.py:91] [Actor] Actor Episodes = 5031 | Actor Steps = 251550 | Delta Dist = 10.948 | Delta Dist 10 = 8.441 | Delta Dist 100 = 9.106 | Delta Dist 1000 = 8.458 | Episode Length = 50 | Episode Return = 22.0 | Evaluator Episodes = 1244 | Evaluator Steps = 62200 | Final Dist = 0.366 | Final Dist 10 = 2.873 | Final Dist 100 = 2.208 | Final Dist 1000 = 2.856 | Init Dist = 11.314 | Init Dist 10 = 11.314 | Init Dist 100 = 11.314 | Init Dist 1000 = 11.314 | Learner Steps = 3773 | Learner Walltime = 607.345 | Min Dist = 0.036 | Min Dist 10 = 0.082 | Min Dist 100 = 0.361 | Min Dist 1000 = 0.328 | Steps Per Second = 83.287 | Success = 1.000 | Success 1000 = 0.979
I0528 14:57:41.641340 22895222769216 terminal.py:91] [Evaluator] Actor Episodes = 5038 | Actor Steps = 251900 | Delta Dist = 11.155 | Delta Dist 10 = 10.864 | Delta Dist 100 = 10.923 | Delta Dist 1000 = 10.514 | Episode Length = 50 | Episode Return = 24.0 | Evaluator Episodes = 1248 | Evaluator Steps = 62400 | Final Dist = 0.158 | Final Dist 10 = 0.450 | Final Dist 100 = 0.390 | Final Dist 1000 = 0.800 | Init Dist = 11.314 | Init Dist 10 = 11.314 | Init Dist 100 = 11.314 | Init Dist 1000 = 11.314 | Learner Steps = 3780 | Learner Walltime = 608.416 | Min Dist = 0.069 | Min Dist 10 = 0.030 | Min Dist 100 = 0.050 | Min Dist 1000 = 0.270 | Steps Per Second = 105.868 | Success = 1.000 | Success 1000 = 0.893
I0528 14:57:42.403711 22918291473984 lp_utils.py:96] StepsLimiter: Reached 252000 recorded steps
I0528 14:57:42.507442 22892418905664 terminal.py:91] [Actor] Actor Episodes = 5043 | Actor Steps = 252150 | Delta Dist = 10.223 | Delta Dist 10 = 8.475 | Delta Dist 100 = 8.939 | Delta Dist 1000 = 8.466 | Episode Length = 50 | Episode Return = 23.0 | Evaluator Episodes = 1248 | Evaluator Steps = 62400 | Final Dist = 1.091 | Final Dist 10 = 2.838 | Final Dist 100 = 2.374 | Final Dist 1000 = 2.848 | Init Dist = 11.314 | Init Dist 10 = 11.314 | Init Dist 100 = 11.314 | Init Dist 1000 = 11.314 | Learner Steps = 3786 | Learner Walltime = 609.562 | Min Dist = 0.081 | Min Dist 10 = 0.093 | Min Dist 100 = 0.363 | Min Dist 1000 = 0.328 | Steps Per Second = 81.845 | Success = 1.000 | Success 1000 = 0.979
I0528 14:57:42.679498 22895222769216 terminal.py:91] [Evaluator] Actor Episodes = 5043 | Actor Steps = 252150 | Delta Dist = 11.001 | Delta Dist 10 = 10.870 | Delta Dist 100 = 10.923 | Delta Dist 1000 = 10.518 | Episode Length = 50 | Episode Return = 23.0 | Evaluator Episodes = 1250 | Evaluator Steps = 62500 | Final Dist = 0.313 | Final Dist 10 = 0.443 | Final Dist 100 = 0.390 | Final Dist 1000 = 0.795 | Init Dist = 11.314 | Init Dist 10 = 11.314 | Init Dist 100 = 11.314 | Init Dist 1000 = 11.314 | Learner Steps = 3786 | Learner Walltime = 609.562 | Min Dist = 0.024 | Min Dist 10 = 0.038 | Min Dist 100 = 0.050 | Min Dist 1000 = 0.268 | Steps Per Second = 105.610 | Success = 1.000 | Success 1000 = 0.895
I0528 14:57:43.810444 22895222769216 terminal.py:91] [Evaluator] Actor Episodes = 5056 | Actor Steps = 252800 | Delta Dist = 10.244 | Delta Dist 10 = 10.925 | Delta Dist 100 = 10.927 | Delta Dist 1000 = 10.522 | Episode Length = 50 | Episode Return = 23.0 | Evaluator Episodes = 1252 | Evaluator Steps = 62600 | Final Dist = 1.070 | Final Dist 10 = 0.389 | Final Dist 100 = 0.387 | Final Dist 1000 = 0.792 | Init Dist = 11.314 | Init Dist 10 = 11.314 | Init Dist 100 = 11.314 | Init Dist 1000 = 11.314 | Learner Steps = 3793 | Learner Walltime = 610.600 | Min Dist = 0.049 | Min Dist 10 = 0.038 | Min Dist 100 = 0.050 | Min Dist 1000 = 0.265 | Steps Per Second = 77.527 | Success = 1.000 | Success 1000 = 0.897
I0528 14:57:44.864151 22895222769216 terminal.py:91] [Evaluator] Actor Episodes = 5062 | Actor Steps = 253100 | Delta Dist = 11.296 | Delta Dist 10 = 10.850 | Delta Dist 100 = 10.920 | Delta Dist 1000 = 10.524 | Episode Length = 50 | Episode Return = 22.0 | Evaluator Episodes = 1254 | Evaluator Steps = 62700 | Final Dist = 0.017 | Final Dist 10 = 0.464 | Final Dist 100 = 0.394 | Final Dist 1000 = 0.790 | Init Dist = 11.314 | Init Dist 10 = 11.314 | Init Dist 100 = 11.314 | Init Dist 1000 = 11.314 | Learner Steps = 3799 | Learner Walltime = 611.679 | Min Dist = 0.001 | Min Dist 10 = 0.042 | Min Dist 100 = 0.049 | Min Dist 1000 = 0.262 | Steps Per Second = 92.637 | Success = 1.000 | Success 1000 = 0.899
I0528 14:57:45.872624 22895222769216 terminal.py:91] [Evaluator] Actor Episodes = 5069 | Actor Steps = 253450 | Delta Dist = 11.140 | Delta Dist 10 = 10.968 | Delta Dist 100 = 10.921 | Delta Dist 1000 = 10.528 | Episode Length = 50 | Episode Return = 22.0 | Evaluator Episodes = 1256 | Evaluator Steps = 62800 | Final Dist = 0.174 | Final Dist 10 = 0.345 | Final Dist 100 = 0.392 | Final Dist 1000 = 0.786 | Init Dist = 11.314 | Init Dist 10 = 11.314 | Init Dist 100 = 11.314 | Init Dist 1000 = 11.314 | Learner Steps = 3805 | Learner Walltime = 612.759 | Min Dist = 0.023 | Min Dist 10 = 0.036 | Min Dist 100 = 0.049 | Min Dist 1000 = 0.259 | Steps Per Second = 99.797 | Success = 1.000 | Success 1000 = 0.901
I0528 14:57:46.984328 22895222769216 terminal.py:91] [Evaluator] Actor Episodes = 5079 | Actor Steps = 253950 | Delta Dist = 11.120 | Delta Dist 10 = 10.972 | Delta Dist 100 = 10.930 | Delta Dist 1000 = 10.530 | Episode Length = 50 | Episode Return = 22.0 | Evaluator Episodes = 1258 | Evaluator Steps = 62900 | Final Dist = 0.193 | Final Dist 10 = 0.342 | Final Dist 100 = 0.383 | Final Dist 1000 = 0.783 | Init Dist = 11.314 | Init Dist 10 = 11.314 | Init Dist 100 = 11.314 | Init Dist 1000 = 11.314 | Learner Steps = 3811 | Learner Walltime = 613.831 | Min Dist = 0.027 | Min Dist 10 = 0.036 | Min Dist 100 = 0.048 | Min Dist 1000 = 0.257 | Steps Per Second = 96.733 | Success = 1.000 | Success 1000 = 0.903
I0528 14:57:48.112188 22895222769216 terminal.py:91] [Evaluator] Actor Episodes = 5087 | Actor Steps = 254350 | Delta Dist = 11.216 | Delta Dist 10 = 10.941 | Delta Dist 100 = 10.927 | Delta Dist 1000 = 10.534 | Episode Length = 50 | Episode Return = 25.0 | Evaluator Episodes = 1260 | Evaluator Steps = 63000 | Final Dist = 0.098 | Final Dist 10 = 0.372 | Final Dist 100 = 0.387 | Final Dist 1000 = 0.780 | Init Dist = 11.314 | Init Dist 10 = 11.314 | Init Dist 100 = 11.314 | Init Dist 1000 = 11.314 | Learner Steps = 3818 | Learner Walltime = 614.960 | Min Dist = 0.067 | Min Dist 10 = 0.036 | Min Dist 100 = 0.049 | Min Dist 1000 = 0.254 | Steps Per Second = 101.281 | Success = 1.000 | Success 1000 = 0.905
I0528 14:57:49.330911 22892410500672 terminal.py:91] [Actor] Actor Episodes = 5095 | Actor Steps = 254750 | Delta Dist = 11.128 | Delta Dist 10 = 9.635 | Delta Dist 100 = 8.350 | Delta Dist 1000 = 8.469 | Episode Length = 50 | Episode Return = 25.0 | Evaluator Episodes = 1260 | Evaluator Steps = 63000 | Final Dist = 0.185 | Final Dist 10 = 1.679 | Final Dist 100 = 2.963 | Final Dist 1000 = 2.845 | Init Dist = 11.314 | Init Dist 10 = 11.314 | Init Dist 100 = 11.314 | Init Dist 1000 = 11.314 | Learner Steps = 3825 | Learner Walltime = 616.047 | Min Dist = 0.085 | Min Dist 10 = 0.066 | Min Dist 100 = 0.709 | Min Dist 1000 = 0.348 | Steps Per Second = 109.645 | Success = 1.000 | Success 1000 = 0.980
I0528 14:57:49.567103 22895222769216 terminal.py:91] [Evaluator] Actor Episodes = 5096 | Actor Steps = 254800 | Delta Dist = 10.939 | Delta Dist 10 = 11.058 | Delta Dist 100 = 10.945 | Delta Dist 1000 = 10.539 | Episode Length = 50 | Episode Return = 23.0 | Evaluator Episodes = 1263 | Evaluator Steps = 63150 | Final Dist = 0.374 | Final Dist 10 = 0.256 | Final Dist 100 = 0.368 | Final Dist 1000 = 0.775 | Init Dist = 11.314 | Init Dist 10 = 11.314 | Init Dist 100 = 11.314 | Init Dist 1000 = 11.314 | Learner Steps = 3825 | Learner Walltime = 616.047 | Min Dist = 0.048 | Min Dist 10 = 0.043 | Min Dist 100 = 0.049 | Min Dist 1000 = 0.250 | Steps Per Second = 104.190 | Success = 1.000 | Success 1000 = 0.908
I0528 14:57:50.132174 22863692109376 terminal.py:91] [Learner] Actor Episodes = 5101 | Actor Loss = 6.070388317108154 | Actor Steps = 255050 | Binary Accuracy = 0.9960100650787354 | Categorical Accuracy = 0.1142578125 | Critic Loss = 4.0005927085876465 | Entropy Mean = -15.174810409545898 | Evaluator Episodes = 1263 | Evaluator Steps = 63150 | Learner Steps = 3833 | Learner Walltime = 617.404 | Logits Neg = -14.200231552124023 | Logits Pos = -3.982494354248047 | Logsumexp = 0.40200066566467285 | Steps Per Second = 676.830
I0528 14:57:50.649268 22895222769216 terminal.py:91] [Evaluator] Actor Episodes = 5106 | Actor Steps = 255300 | Delta Dist = 11.171 | Delta Dist 10 = 10.951 | Delta Dist 100 = 10.935 | Delta Dist 1000 = 10.542 | Episode Length = 50 | Episode Return = 23.0 | Evaluator Episodes = 1265 | Evaluator Steps = 63250 | Final Dist = 0.143 | Final Dist 10 = 0.362 | Final Dist 100 = 0.378 | Final Dist 1000 = 0.772 | Init Dist = 11.314 | Init Dist 10 = 11.314 | Init Dist 100 = 11.314 | Init Dist 1000 = 11.314 | Learner Steps = 3832 | Learner Walltime = 617.310 | Min Dist = 0.018 | Min Dist 10 = 0.050 | Min Dist 100 = 0.049 | Min Dist 1000 = 0.247 | Steps Per Second = 105.236 | Success = 1.000 | Success 1000 = 0.910
I0528 14:57:50.663591 22892391589440 terminal.py:91] [Actor] Actor Episodes = 5104 | Actor Steps = 255200 | Delta Dist = 11.206 | Delta Dist 10 = 7.813 | Delta Dist 100 = 8.225 | Delta Dist 1000 = 8.451 | Episode Length = 50 | Episode Return = 23.0 | Evaluator Episodes = 1263 | Evaluator Steps = 63150 | Final Dist = 0.108 | Final Dist 10 = 3.500 | Final Dist 100 = 3.088 | Final Dist 1000 = 2.863 | Init Dist = 11.314 | Init Dist 10 = 11.314 | Init Dist 100 = 11.314 | Init Dist 1000 = 11.314 | Learner Steps = 3832 | Learner Walltime = 617.310 | Min Dist = 0.010 | Min Dist 10 = 0.065 | Min Dist 100 = 0.512 | Min Dist 1000 = 0.348 | Steps Per Second = 112.469 | Success = 1.000 | Success 1000 = 0.980
I0528 14:57:51.623358 22892421006912 terminal.py:91] [Actor] Actor Episodes = 5109 | Actor Steps = 255450 | Delta Dist = 10.573 | Delta Dist 10 = 9.244 | Delta Dist 100 = 8.361 | Delta Dist 1000 = 8.470 | Episode Length = 50 | Episode Return = 24.0 | Evaluator Episodes = 1265 | Evaluator Steps = 63250 | Final Dist = 0.740 | Final Dist 10 = 2.070 | Final Dist 100 = 2.953 | Final Dist 1000 = 2.844 | Init Dist = 11.314 | Init Dist 10 = 11.314 | Init Dist 100 = 11.314 | Init Dist 1000 = 11.314 | Learner Steps = 3832 | Learner Walltime = 617.310 | Min Dist = 0.024 | Min Dist 10 = 0.065 | Min Dist 100 = 0.400 | Min Dist 1000 = 0.336 | Steps Per Second = 92.312 | Success = 1.000 | Success 1000 = 0.980
I0528 14:57:51.682172 22895222769216 terminal.py:91] [Evaluator] Actor Episodes = 5115 | Actor Steps = 255750 | Delta Dist = 11.145 | Delta Dist 10 = 10.850 | Delta Dist 100 = 10.926 | Delta Dist 1000 = 10.544 | Episode Length = 50 | Episode Return = 22.0 | Evaluator Episodes = 1267 | Evaluator Steps = 63350 | Final Dist = 0.168 | Final Dist 10 = 0.464 | Final Dist 100 = 0.388 | Final Dist 1000 = 0.770 | Init Dist = 11.314 | Init Dist 10 = 11.314 | Init Dist 100 = 11.314 | Init Dist 1000 = 11.314 | Learner Steps = 3839 | Learner Walltime = 618.363 | Min Dist = 0.027 | Min Dist 10 = 0.055 | Min Dist 100 = 0.049 | Min Dist 1000 = 0.244 | Steps Per Second = 107.212 | Success = 1.000 | Success 1000 = 0.912
I0528 14:57:52.422598 22918291473984 lp_utils.py:96] StepsLimiter: Reached 255850 recorded steps
I0528 14:57:52.765614 22895222769216 terminal.py:91] [Evaluator] Actor Episodes = 5121 | Actor Steps = 256050 | Delta Dist = 11.208 | Delta Dist 10 = 10.930 | Delta Dist 100 = 10.927 | Delta Dist 1000 = 10.548 | Episode Length = 50 | Episode Return = 25.0 | Evaluator Episodes = 1269 | Evaluator Steps = 63450 | Final Dist = 0.106 | Final Dist 10 = 0.384 | Final Dist 100 = 0.387 | Final Dist 1000 = 0.766 | Init Dist = 11.314 | Init Dist 10 = 11.314 | Init Dist 100 = 11.314 | Init Dist 1000 = 11.314 | Learner Steps = 3846 | Learner Walltime = 619.523 | Min Dist = 0.040 | Min Dist 10 = 0.054 | Min Dist 100 = 0.048 | Min Dist 1000 = 0.242 | Steps Per Second = 85.316 | Success = 1.000 | Success 1000 = 0.914
I0528 14:57:52.969451 22892418905664 terminal.py:91] [Actor] Actor Episodes = 5120 | Actor Steps = 256000 | Delta Dist = 11.134 | Delta Dist 10 = 10.501 | Delta Dist 100 = 8.502 | Delta Dist 1000 = 8.479 | Episode Length = 50 | Episode Return = 24.0 | Evaluator Episodes = 1267 | Evaluator Steps = 63350 | Final Dist = 0.179 | Final Dist 10 = 0.813 | Final Dist 100 = 2.812 | Final Dist 1000 = 2.835 | Init Dist = 11.314 | Init Dist 10 = 11.314 | Init Dist 100 = 11.314 | Init Dist 1000 = 11.314 | Learner Steps = 3846 | Learner Walltime = 619.523 | Min Dist = 0.067 | Min Dist 10 = 0.046 | Min Dist 100 = 0.400 | Min Dist 1000 = 0.336 | Steps Per Second = 95.875 | Success = 1.000 | Success 1000 = 0.980
I0528 14:57:53.790771 22895222769216 terminal.py:91] [Evaluator] Actor Episodes = 5130 | Actor Steps = 256500 | Delta Dist = 10.926 | Delta Dist 10 = 10.952 | Delta Dist 100 = 10.936 | Delta Dist 1000 = 10.551 | Episode Length = 50 | Episode Return = 27.0 | Evaluator Episodes = 1271 | Evaluator Steps = 63550 | Final Dist = 0.388 | Final Dist 10 = 0.362 | Final Dist 100 = 0.378 | Final Dist 1000 = 0.763 | Init Dist = 11.314 | Init Dist 10 = 11.314 | Init Dist 100 = 11.314 | Init Dist 1000 = 11.314 | Learner Steps = 3852 | Learner Walltime = 620.591 | Min Dist = 0.047 | Min Dist 10 = 0.044 | Min Dist 100 = 0.047 | Min Dist 1000 = 0.239 | Steps Per Second = 92.030 | Success = 1.000 | Success 1000 = 0.916
I0528 14:57:55.340443 22895222769216 terminal.py:91] [Evaluator] Actor Episodes = 5141 | Actor Steps = 257050 | Delta Dist = 11.185 | Delta Dist 10 = 10.853 | Delta Dist 100 = 10.934 | Delta Dist 1000 = 10.554 | Episode Length = 50 | Episode Return = 24.0 | Evaluator Episodes = 1274 | Evaluator Steps = 63700 | Final Dist = 0.129 | Final Dist 10 = 0.460 | Final Dist 100 = 0.380 | Final Dist 1000 = 0.760 | Init Dist = 11.314 | Init Dist 10 = 11.314 | Init Dist 100 = 11.314 | Init Dist 1000 = 11.314 | Learner Steps = 3858 | Learner Walltime = 621.653 | Min Dist = 0.008 | Min Dist 10 = 0.044 | Min Dist 100 = 0.045 | Min Dist 1000 = 0.235 | Steps Per Second = 91.252 | Success = 1.000 | Success 1000 = 0.919
I0528 14:57:56.467783 22895222769216 terminal.py:91] [Evaluator] Actor Episodes = 5150 | Actor Steps = 257500 | Delta Dist = 10.227 | Delta Dist 10 = 10.944 | Delta Dist 100 = 10.942 | Delta Dist 1000 = 10.558 | Episode Length = 50 | Episode Return = 22.0 | Evaluator Episodes = 1276 | Evaluator Steps = 63800 | Final Dist = 1.086 | Final Dist 10 = 0.369 | Final Dist 100 = 0.371 | Final Dist 1000 = 0.756 | Init Dist = 11.314 | Init Dist 10 = 11.314 | Init Dist 100 = 11.314 | Init Dist 1000 = 11.314 | Learner Steps = 3865 | Learner Walltime = 622.818 | Min Dist = 0.046 | Min Dist 10 = 0.041 | Min Dist 100 = 0.045 | Min Dist 1000 = 0.232 | Steps Per Second = 83.631 | Success = 1.000 | Success 1000 = 0.921
I0528 14:57:57.516232 22895222769216 terminal.py:91] [Evaluator] Actor Episodes = 5158 | Actor Steps = 257900 | Delta Dist = 11.038 | Delta Dist 10 = 10.945 | Delta Dist 100 = 10.935 | Delta Dist 1000 = 10.560 | Episode Length = 50 | Episode Return = 23.0 | Evaluator Episodes = 1278 | Evaluator Steps = 63900 | Final Dist = 0.276 | Final Dist 10 = 0.369 | Final Dist 100 = 0.379 | Final Dist 1000 = 0.754 | Init Dist = 11.314 | Init Dist 10 = 11.314 | Init Dist 100 = 11.314 | Init Dist 1000 = 11.314 | Learner Steps = 3872 | Learner Walltime = 624.084 | Min Dist = 0.019 | Min Dist 10 = 0.039 | Min Dist 100 = 0.045 | Min Dist 1000 = 0.230 | Steps Per Second = 100.827 | Success = 1.000 | Success 1000 = 0.923
I0528 14:57:58.534027 22895222769216 terminal.py:91] [Evaluator] Actor Episodes = 5166 | Actor Steps = 258300 | Delta Dist = 10.252 | Delta Dist 10 = 10.948 | Delta Dist 100 = 10.944 | Delta Dist 1000 = 10.562 | Episode Length = 50 | Episode Return = 22.0 | Evaluator Episodes = 1280 | Evaluator Steps = 64000 | Final Dist = 1.062 | Final Dist 10 = 0.366 | Final Dist 100 = 0.369 | Final Dist 1000 = 0.751 | Init Dist = 11.314 | Init Dist 10 = 11.314 | Init Dist 100 = 11.314 | Init Dist 1000 = 11.314 | Learner Steps = 3880 | Learner Walltime = 625.301 | Min Dist = 0.009 | Min Dist 10 = 0.038 | Min Dist 100 = 0.045 | Min Dist 1000 = 0.229 | Steps Per Second = 102.978 | Success = 1.000 | Success 1000 = 0.923
I0528 14:57:59.612138 22895222769216 terminal.py:91] [Evaluator] Actor Episodes = 5173 | Actor Steps = 258650 | Delta Dist = 10.212 | Delta Dist 10 = 10.884 | Delta Dist 100 = 10.944 | Delta Dist 1000 = 10.565 | Episode Length = 50 | Episode Return = 22.0 | Evaluator Episodes = 1282 | Evaluator Steps = 64100 | Final Dist = 1.102 | Final Dist 10 = 0.430 | Final Dist 100 = 0.369 | Final Dist 1000 = 0.749 | Init Dist = 11.314 | Init Dist 10 = 11.314 | Init Dist 100 = 11.314 | Init Dist 1000 = 11.314 | Learner Steps = 3886 | Learner Walltime = 626.306 | Min Dist = 0.039 | Min Dist 10 = 0.035 | Min Dist 100 = 0.044 | Min Dist 1000 = 0.226 | Steps Per Second = 88.602 | Success = 1.000 | Success 1000 = 0.925
I0528 14:57:59.712314 22892410500672 terminal.py:91] [Actor] Actor Episodes = 5176 | Actor Steps = 258800 | Delta Dist = 11.139 | Delta Dist 10 = 9.313 | Delta Dist 100 = 9.062 | Delta Dist 1000 = 8.526 | Episode Length = 50 | Episode Return = 24.0 | Evaluator Episodes = 1282 | Evaluator Steps = 64100 | Final Dist = 0.174 | Final Dist 10 = 2.001 | Final Dist 100 = 2.251 | Final Dist 1000 = 2.788 | Init Dist = 11.314 | Init Dist 10 = 11.314 | Init Dist 100 = 11.314 | Init Dist 1000 = 11.314 | Learner Steps = 3886 | Learner Walltime = 626.306 | Min Dist = 0.121 | Min Dist 10 = 0.155 | Min Dist 100 = 0.287 | Min Dist 1000 = 0.344 | Steps Per Second = 96.872 | Success = 1.000 | Success 1000 = 0.980
I0528 14:58:00.218010 22863692109376 terminal.py:91] [Learner] Actor Episodes = 5178 | Actor Loss = 6.21095085144043 | Actor Steps = 258900 | Binary Accuracy = 0.99599289894104 | Categorical Accuracy = 0.11541748046875 | Critic Loss = 3.9742956161499023 | Entropy Mean = -15.901449203491211 | Evaluator Episodes = 1282 | Evaluator Steps = 64100 | Learner Steps = 3893 | Learner Walltime = 627.482 | Logits Neg = -14.480562210083008 | Logits Pos = -3.975832462310791 | Logsumexp = 0.42583900690078735 | Steps Per Second = 244.713
I0528 14:58:01.079492 22892391589440 terminal.py:91] [Actor] Actor Episodes = 5182 | Actor Steps = 259100 | Delta Dist = 11.220 | Delta Dist 10 = 8.923 | Delta Dist 100 = 9.193 | Delta Dist 1000 = 8.546 | Episode Length = 50 | Episode Return = 23.0 | Evaluator Episodes = 1282 | Evaluator Steps = 64100 | Final Dist = 0.093 | Final Dist 10 = 2.391 | Final Dist 100 = 2.121 | Final Dist 1000 = 2.767 | Init Dist = 11.314 | Init Dist 10 = 11.314 | Init Dist 100 = 11.314 | Init Dist 1000 = 11.314 | Learner Steps = 3893 | Learner Walltime = 627.482 | Min Dist = 0.047 | Min Dist 10 = 0.054 | Min Dist 100 = 0.173 | Min Dist 1000 = 0.344 | Steps Per Second = 100.900 | Success = 1.000 | Success 1000 = 0.980
I0528 14:58:01.106020 22895222769216 terminal.py:91] [Evaluator] Actor Episodes = 5186 | Actor Steps = 259300 | Delta Dist = 11.256 | Delta Dist 10 = 10.792 | Delta Dist 100 = 10.929 | Delta Dist 1000 = 10.567 | Episode Length = 50 | Episode Return = 23.0 | Evaluator Episodes = 1285 | Evaluator Steps = 64250 | Final Dist = 0.058 | Final Dist 10 = 0.522 | Final Dist 100 = 0.385 | Final Dist 1000 = 0.747 | Init Dist = 11.314 | Init Dist 10 = 11.314 | Init Dist 100 = 11.314 | Init Dist 1000 = 11.314 | Learner Steps = 3893 | Learner Walltime = 627.482 | Min Dist = 0.058 | Min Dist 10 = 0.036 | Min Dist 100 = 0.044 | Min Dist 1000 = 0.222 | Steps Per Second = 100.265 | Success = 1.000 | Success 1000 = 0.928
I0528 14:58:02.061754 22892421006912 terminal.py:91] [Actor] Actor Episodes = 5190 | Actor Steps = 259500 | Delta Dist = 11.303 | Delta Dist 10 = 8.118 | Delta Dist 100 = 9.026 | Delta Dist 1000 = 8.553 | Episode Length = 50 | Episode Return = 24.0 | Evaluator Episodes = 1285 | Evaluator Steps = 64250 | Final Dist = 0.010 | Final Dist 10 = 3.196 | Final Dist 100 = 2.288 | Final Dist 1000 = 2.761 | Init Dist = 11.314 | Init Dist 10 = 11.314 | Init Dist 100 = 11.314 | Init Dist 1000 = 11.314 | Learner Steps = 3900 | Learner Walltime = 628.511 | Min Dist = 0.010 | Min Dist 10 = 0.065 | Min Dist 100 = 0.173 | Min Dist 1000 = 0.344 | Steps Per Second = 81.687 | Success = 1.000 | Success 1000 = 0.980
I0528 14:58:02.276618 22895222769216 terminal.py:91] [Evaluator] Actor Episodes = 5195 | Actor Steps = 259750 | Delta Dist = 11.070 | Delta Dist 10 = 10.864 | Delta Dist 100 = 10.927 | Delta Dist 1000 = 10.571 | Episode Length = 50 | Episode Return = 25.0 | Evaluator Episodes = 1287 | Evaluator Steps = 64350 | Final Dist = 0.243 | Final Dist 10 = 0.449 | Final Dist 100 = 0.387 | Final Dist 1000 = 0.742 | Init Dist = 11.314 | Init Dist 10 = 11.314 | Init Dist 100 = 11.314 | Init Dist 1000 = 11.314 | Learner Steps = 3900 | Learner Walltime = 628.511 | Min Dist = 0.004 | Min Dist 10 = 0.034 | Min Dist 100 = 0.044 | Min Dist 1000 = 0.219 | Steps Per Second = 80.692 | Success = 1.000 | Success 1000 = 0.930
I0528 14:58:02.437834 22918291473984 lp_utils.py:96] StepsLimiter: Reached 259750 recorded steps
I0528 14:58:03.029812 22892418905664 terminal.py:91] [Actor] Actor Episodes = 5201 | Actor Steps = 260050 | Delta Dist = 11.224 | Delta Dist 10 = 7.077 | Delta Dist 100 = 9.039 | Delta Dist 1000 = 8.554 | Episode Length = 50 | Episode Return = 23.0 | Evaluator Episodes = 1287 | Evaluator Steps = 64350 | Final Dist = 0.089 | Final Dist 10 = 4.236 | Final Dist 100 = 2.274 | Final Dist 1000 = 2.760 | Init Dist = 11.314 | Init Dist 10 = 11.314 | Init Dist 100 = 11.314 | Init Dist 1000 = 11.314 | Learner Steps = 3906 | Learner Walltime = 629.742 | Min Dist = 0.034 | Min Dist 10 = 0.044 | Min Dist 100 = 0.170 | Min Dist 1000 = 0.343 | Steps Per Second = 79.642 | Success = 1.000 | Success 1000 = 0.980
I0528 14:58:03.121028 22918293575232 savers.py:156] Saving checkpoint: /home/gliu2/rebuttal/checkpoints/contrastive_cpc_point_FourRooms_0/checkpoints/counter
I0528 14:58:03.567767 22895222769216 terminal.py:91] [Evaluator] Actor Episodes = 5203 | Actor Steps = 260150 | Delta Dist = 11.216 | Delta Dist 10 = 10.853 | Delta Dist 100 = 10.934 | Delta Dist 1000 = 10.575 | Episode Length = 50 | Episode Return = 22.0 | Evaluator Episodes = 1289 | Evaluator Steps = 64450 | Final Dist = 0.098 | Final Dist 10 = 0.461 | Final Dist 100 = 0.380 | Final Dist 1000 = 0.739 | Init Dist = 11.314 | Init Dist 10 = 11.314 | Init Dist 100 = 11.314 | Init Dist 1000 = 11.314 | Learner Steps = 3912 | Learner Walltime = 630.792 | Min Dist = 0.054 | Min Dist 10 = 0.030 | Min Dist 100 = 0.043 | Min Dist 1000 = 0.217 | Steps Per Second = 77.606 | Success = 1.000 | Success 1000 = 0.932
I0528 14:58:04.570015 22895222769216 terminal.py:91] [Evaluator] Actor Episodes = 5211 | Actor Steps = 260550 | Delta Dist = 10.636 | Delta Dist 10 = 10.951 | Delta Dist 100 = 10.935 | Delta Dist 1000 = 10.580 | Episode Length = 50 | Episode Return = 25.0 | Evaluator Episodes = 1291 | Evaluator Steps = 64550 | Final Dist = 0.678 | Final Dist 10 = 0.362 | Final Dist 100 = 0.379 | Final Dist 1000 = 0.734 | Init Dist = 11.314 | Init Dist 10 = 11.314 | Init Dist 100 = 11.314 | Init Dist 1000 = 11.314 | Learner Steps = 3912 | Learner Walltime = 630.792 | Min Dist = 0.027 | Min Dist 10 = 0.033 | Min Dist 100 = 0.043 | Min Dist 1000 = 0.215 | Steps Per Second = 94.886 | Success = 1.000 | Success 1000 = 0.934
I0528 14:58:05.771679 22895222769216 terminal.py:91] [Evaluator] Actor Episodes = 5219 | Actor Steps = 260950 | Delta Dist = 11.072 | Delta Dist 10 = 10.897 | Delta Dist 100 = 10.918 | Delta Dist 1000 = 10.582 | Episode Length = 50 | Episode Return = 23.0 | Evaluator Episodes = 1293 | Evaluator Steps = 64650 | Final Dist = 0.242 | Final Dist 10 = 0.417 | Final Dist 100 = 0.395 | Final Dist 1000 = 0.732 | Init Dist = 11.314 | Init Dist 10 = 11.314 | Init Dist 100 = 11.314 | Init Dist 1000 = 11.314 | Learner Steps = 3923 | Learner Walltime = 632.933 | Min Dist = 0.040 | Min Dist 10 = 0.030 | Min Dist 100 = 0.043 | Min Dist 1000 = 0.213 | Steps Per Second = 75.228 | Success = 1.000 | Success 1000 = 0.935
I0528 14:58:06.945791 22895222769216 terminal.py:91] [Evaluator] Actor Episodes = 5227 | Actor Steps = 261350 | Delta Dist = 11.250 | Delta Dist 10 = 10.966 | Delta Dist 100 = 10.918 | Delta Dist 1000 = 10.584 | Episode Length = 50 | Episode Return = 24.0 | Evaluator Episodes = 1295 | Evaluator Steps = 64750 | Final Dist = 0.064 | Final Dist 10 = 0.348 | Final Dist 100 = 0.396 | Final Dist 1000 = 0.730 | Init Dist = 11.314 | Init Dist 10 = 11.314 | Init Dist 100 = 11.314 | Init Dist 1000 = 11.314 | Learner Steps = 3929 | Learner Walltime = 633.959 | Min Dist = 0.028 | Min Dist 10 = 0.031 | Min Dist 100 = 0.043 | Min Dist 1000 = 0.210 | Steps Per Second = 79.758 | Success = 1.000 | Success 1000 = 0.937
I0528 14:58:08.573155 22895222769216 terminal.py:91] [Evaluator] Actor Episodes = 5243 | Actor Steps = 262150 | Delta Dist = 11.198 | Delta Dist 10 = 10.874 | Delta Dist 100 = 10.915 | Delta Dist 1000 = 10.587 | Episode Length = 50 | Episode Return = 22.0 | Evaluator Episodes = 1298 | Evaluator Steps = 64900 | Final Dist = 0.116 | Final Dist 10 = 0.439 | Final Dist 100 = 0.399 | Final Dist 1000 = 0.726 | Init Dist = 11.314 | Init Dist 10 = 11.314 | Init Dist 100 = 11.314 | Init Dist 1000 = 11.314 | Learner Steps = 3936 | Learner Walltime = 635.195 | Min Dist = 0.047 | Min Dist 10 = 0.027 | Min Dist 100 = 0.042 | Min Dist 1000 = 0.207 | Steps Per Second = 78.815 | Success = 1.000 | Success 1000 = 0.939
I0528 14:58:09.645018 22895222769216 terminal.py:91] [Evaluator] Actor Episodes = 5251 | Actor Steps = 262550 | Delta Dist = 10.227 | Delta Dist 10 = 10.884 | Delta Dist 100 = 10.921 | Delta Dist 1000 = 10.591 | Episode Length = 50 | Episode Return = 24.0 | Evaluator Episodes = 1300 | Evaluator Steps = 65000 | Final Dist = 1.087 | Final Dist 10 = 0.430 | Final Dist 100 = 0.393 | Final Dist 1000 = 0.722 | Init Dist = 11.314 | Init Dist 10 = 11.314 | Init Dist 100 = 11.314 | Init Dist 1000 = 11.314 | Learner Steps = 3943 | Learner Walltime = 636.240 | Min Dist = 0.056 | Min Dist 10 = 0.030 | Min Dist 100 = 0.042 | Min Dist 1000 = 0.204 | Steps Per Second = 87.444 | Success = 1.000 | Success 1000 = 0.941
I0528 14:58:10.114640 22892410500672 terminal.py:91] [Actor] Actor Episodes = 5252 | Actor Steps = 262600 | Delta Dist = 10.268 | Delta Dist 10 = 8.452 | Delta Dist 100 = 8.984 | Delta Dist 1000 = 8.580 | Episode Length = 50 | Episode Return = 22.0 | Evaluator Episodes = 1298 | Evaluator Steps = 64900 | Final Dist = 1.046 | Final Dist 10 = 2.862 | Final Dist 100 = 2.330 | Final Dist 1000 = 2.734 | Init Dist = 11.314 | Init Dist 10 = 11.314 | Init Dist 100 = 11.314 | Init Dist 1000 = 11.314 | Learner Steps = 3943 | Learner Walltime = 636.240 | Min Dist = 0.210 | Min Dist 10 = 0.051 | Min Dist 100 = 0.164 | Min Dist 1000 = 0.321 | Steps Per Second = 102.732 | Success = 1.000 | Success 1000 = 0.981
I0528 14:58:10.224963 22863692109376 terminal.py:91] [Learner] Actor Episodes = 5251 | Actor Loss = 6.166593551635742 | Actor Steps = 262550 | Binary Accuracy = 0.9959931373596191 | Categorical Accuracy = 0.1112060546875 | Critic Loss = 4.019711971282959 | Entropy Mean = -15.319793701171875 | Evaluator Episodes = 1300 | Evaluator Steps = 65000 | Learner Steps = 3951 | Learner Walltime = 637.495 | Logits Neg = -14.121088027954102 | Logits Pos = -4.009823322296143 | Logsumexp = 0.490688294172287 | Steps Per Second = 579.785
I0528 14:58:10.663129 22895222769216 terminal.py:91] [Evaluator] Actor Episodes = 5255 | Actor Steps = 262750 | Delta Dist = 11.062 | Delta Dist 10 = 10.835 | Delta Dist 100 = 10.920 | Delta Dist 1000 = 10.594 | Episode Length = 50 | Episode Return = 22.0 | Evaluator Episodes = 1302 | Evaluator Steps = 65100 | Final Dist = 0.252 | Final Dist 10 = 0.478 | Final Dist 100 = 0.393 | Final Dist 1000 = 0.719 | Init Dist = 11.314 | Init Dist 10 = 11.314 | Init Dist 100 = 11.314 | Init Dist 1000 = 11.314 | Learner Steps = 3949 | Learner Walltime = 637.274 | Min Dist = 0.046 | Min Dist 10 = 0.034 | Min Dist 100 = 0.041 | Min Dist 1000 = 0.202 | Steps Per Second = 102.795 | Success = 1.000 | Success 1000 = 0.943
I0528 14:58:11.499085 22892391589440 terminal.py:91] [Actor] Actor Episodes = 5265 | Actor Steps = 263250 | Delta Dist = 2.707 | Delta Dist 10 = 7.499 | Delta Dist 100 = 8.877 | Delta Dist 1000 = 8.578 | Episode Length = 50 | Episode Return = 22.0 | Evaluator Episodes = 1302 | Evaluator Steps = 65100 | Final Dist = 8.607 | Final Dist 10 = 3.815 | Final Dist 100 = 2.437 | Final Dist 1000 = 2.736 | Init Dist = 11.314 | Init Dist 10 = 11.314 | Init Dist 100 = 11.314 | Init Dist 1000 = 11.314 | Learner Steps = 3955 | Learner Walltime = 638.326 | Min Dist = 0.098 | Min Dist 10 = 0.048 | Min Dist 100 = 0.166 | Min Dist 1000 = 0.320 | Steps Per Second = 95.939 | Success = 1.000 | Success 1000 = 0.981
I0528 14:58:11.684082 22895222769216 terminal.py:91] [Evaluator] Actor Episodes = 5265 | Actor Steps = 263250 | Delta Dist = 11.189 | Delta Dist 10 = 10.913 | Delta Dist 100 = 10.927 | Delta Dist 1000 = 10.597 | Episode Length = 50 | Episode Return = 23.0 | Evaluator Episodes = 1304 | Evaluator Steps = 65200 | Final Dist = 0.125 | Final Dist 10 = 0.401 | Final Dist 100 = 0.387 | Final Dist 1000 = 0.716 | Init Dist = 11.314 | Init Dist 10 = 11.314 | Init Dist 100 = 11.314 | Init Dist 1000 = 11.314 | Learner Steps = 3955 | Learner Walltime = 638.326 | Min Dist = 0.086 | Min Dist 10 = 0.036 | Min Dist 100 = 0.041 | Min Dist 1000 = 0.200 | Steps Per Second = 103.799 | Success = 1.000 | Success 1000 = 0.945
I0528 14:58:12.454521 22918291473984 lp_utils.py:96] StepsLimiter: Reached 263450 recorded steps
I0528 14:58:12.505089 22892421006912 terminal.py:91] [Actor] Actor Episodes = 5271 | Actor Steps = 263550 | Delta Dist = 10.200 | Delta Dist 10 = 6.791 | Delta Dist 100 = 8.776 | Delta Dist 1000 = 8.575 | Episode Length = 50 | Episode Return = 22.0 | Evaluator Episodes = 1304 | Evaluator Steps = 65200 | Final Dist = 1.114 | Final Dist 10 = 4.523 | Final Dist 100 = 2.538 | Final Dist 1000 = 2.738 | Init Dist = 11.314 | Init Dist 10 = 11.314 | Init Dist 100 = 11.314 | Init Dist 1000 = 11.314 | Learner Steps = 3961 | Learner Walltime = 639.376 | Min Dist = 0.012 | Min Dist 10 = 0.072 | Min Dist 100 = 0.170 | Min Dist 1000 = 0.297 | Steps Per Second = 86.153 | Success = 1.000 | Success 1000 = 0.981
I0528 14:58:12.892962 22895222769216 terminal.py:91] [Evaluator] Actor Episodes = 5273 | Actor Steps = 263650 | Delta Dist = 11.289 | Delta Dist 10 = 10.933 | Delta Dist 100 = 10.944 | Delta Dist 1000 = 10.599 | Episode Length = 50 | Episode Return = 22.0 | Evaluator Episodes = 1306 | Evaluator Steps = 65300 | Final Dist = 0.025 | Final Dist 10 = 0.381 | Final Dist 100 = 0.370 | Final Dist 1000 = 0.714 | Init Dist = 11.314 | Init Dist 10 = 11.314 | Init Dist 100 = 11.314 | Init Dist 1000 = 11.314 | Learner Steps = 3961 | Learner Walltime = 639.376 | Min Dist = 0.009 | Min Dist 10 = 0.041 | Min Dist 100 = 0.041 | Min Dist 1000 = 0.198 | Steps Per Second = 88.310 | Success = 1.000 | Success 1000 = 0.947
I0528 14:58:13.299968 22892418905664 terminal.py:91] [Actor] Actor Episodes = 5277 | Actor Steps = 263850 | Delta Dist = 9.530 | Delta Dist 10 = 8.025 | Delta Dist 100 = 8.579 | Delta Dist 1000 = 8.573 | Episode Length = 50 | Episode Return = 23.0 | Evaluator Episodes = 1306 | Evaluator Steps = 65300 | Final Dist = 1.784 | Final Dist 10 = 3.289 | Final Dist 100 = 2.734 | Final Dist 1000 = 2.740 | Init Dist = 11.314 | Init Dist 10 = 11.314 | Init Dist 100 = 11.314 | Init Dist 1000 = 11.314 | Learner Steps = 3968 | Learner Walltime = 640.438 | Min Dist = 0.062 | Min Dist 10 = 0.072 | Min Dist 100 = 0.161 | Min Dist 1000 = 0.286 | Steps Per Second = 83.504 | Success = 1.000 | Success 1000 = 0.981
I0528 14:58:13.918223 22895222769216 terminal.py:91] [Evaluator] Actor Episodes = 5281 | Actor Steps = 264050 | Delta Dist = 10.949 | Delta Dist 10 = 11.065 | Delta Dist 100 = 10.945 | Delta Dist 1000 = 10.602 | Episode Length = 50 | Episode Return = 21.0 | Evaluator Episodes = 1308 | Evaluator Steps = 65400 | Final Dist = 0.364 | Final Dist 10 = 0.249 | Final Dist 100 = 0.369 | Final Dist 1000 = 0.712 | Init Dist = 11.314 | Init Dist 10 = 11.314 | Init Dist 100 = 11.314 | Init Dist 1000 = 11.314 | Learner Steps = 3968 | Learner Walltime = 640.438 | Min Dist = 0.009 | Min Dist 10 = 0.041 | Min Dist 100 = 0.041 | Min Dist 1000 = 0.195 | Steps Per Second = 107.842 | Success = 1.000 | Success 1000 = 0.949
I0528 14:58:14.970169 22895222769216 terminal.py:91] [Evaluator] Actor Episodes = 5287 | Actor Steps = 264350 | Delta Dist = 11.051 | Delta Dist 10 = 11.042 | Delta Dist 100 = 10.941 | Delta Dist 1000 = 10.604 | Episode Length = 50 | Episode Return = 25.0 | Evaluator Episodes = 1310 | Evaluator Steps = 65500 | Final Dist = 0.263 | Final Dist 10 = 0.271 | Final Dist 100 = 0.373 | Final Dist 1000 = 0.710 | Init Dist = 11.314 | Init Dist 10 = 11.314 | Init Dist 100 = 11.314 | Init Dist 1000 = 11.314 | Learner Steps = 3975 | Learner Walltime = 641.544 | Min Dist = 0.003 | Min Dist 10 = 0.043 | Min Dist 100 = 0.041 | Min Dist 1000 = 0.193 | Steps Per Second = 82.550 | Success = 1.000 | Success 1000 = 0.951
I0528 14:58:16.146569 22895222769216 terminal.py:91] [Evaluator] Actor Episodes = 5296 | Actor Steps = 264800 | Delta Dist = 11.301 | Delta Dist 10 = 11.117 | Delta Dist 100 = 10.947 | Delta Dist 1000 = 10.608 | Episode Length = 50 | Episode Return = 24.0 | Evaluator Episodes = 1312 | Evaluator Steps = 65600 | Final Dist = 0.013 | Final Dist 10 = 0.197 | Final Dist 100 = 0.367 | Final Dist 1000 = 0.706 | Init Dist = 11.314 | Init Dist 10 = 11.314 | Init Dist 100 = 11.314 | Init Dist 1000 = 11.314 | Learner Steps = 3981 | Learner Walltime = 642.701 | Min Dist = 0.013 | Min Dist 10 = 0.037 | Min Dist 100 = 0.040 | Min Dist 1000 = 0.190 | Steps Per Second = 83.306 | Success = 1.000 | Success 1000 = 0.953
I0528 14:58:17.611777 22895222769216 terminal.py:91] [Evaluator] Actor Episodes = 5306 | Actor Steps = 265300 | Delta Dist = 10.303 | Delta Dist 10 = 11.064 | Delta Dist 100 = 10.940 | Delta Dist 1000 = 10.613 | Episode Length = 50 | Episode Return = 25.0 | Evaluator Episodes = 1315 | Evaluator Steps = 65750 | Final Dist = 1.011 | Final Dist 10 = 0.249 | Final Dist 100 = 0.374 | Final Dist 1000 = 0.701 | Init Dist = 11.314 | Init Dist 10 = 11.314 | Init Dist 100 = 11.314 | Init Dist 1000 = 11.314 | Learner Steps = 3994 | Learner Walltime = 644.807 | Min Dist = 0.077 | Min Dist 10 = 0.028 | Min Dist 100 = 0.039 | Min Dist 1000 = 0.186 | Steps Per Second = 94.647 | Success = 1.000 | Success 1000 = 0.956
I0528 14:58:18.624655 22895222769216 terminal.py:91] [Evaluator] Actor Episodes = 5313 | Actor Steps = 265650 | Delta Dist = 10.963 | Delta Dist 10 = 10.970 | Delta Dist 100 = 10.934 | Delta Dist 1000 = 10.615 | Episode Length = 50 | Episode Return = 24.0 | Evaluator Episodes = 1317 | Evaluator Steps = 65850 | Final Dist = 0.350 | Final Dist 10 = 0.344 | Final Dist 100 = 0.380 | Final Dist 1000 = 0.699 | Init Dist = 11.314 | Init Dist 10 = 11.314 | Init Dist 100 = 11.314 | Init Dist 1000 = 11.314 | Learner Steps = 4000 | Learner Walltime = 645.815 | Min Dist = 0.013 | Min Dist 10 = 0.032 | Min Dist 100 = 0.039 | Min Dist 1000 = 0.183 | Steps Per Second = 91.029 | Success = 1.000 | Success 1000 = 0.958
I0528 14:58:19.818147 22895222769216 terminal.py:91] [Evaluator] Actor Episodes = 5322 | Actor Steps = 266100 | Delta Dist = 10.251 | Delta Dist 10 = 10.986 | Delta Dist 100 = 10.931 | Delta Dist 1000 = 10.619 | Episode Length = 50 | Episode Return = 22.0 | Evaluator Episodes = 1319 | Evaluator Steps = 65950 | Final Dist = 1.062 | Final Dist 10 = 0.327 | Final Dist 100 = 0.382 | Final Dist 1000 = 0.695 | Init Dist = 11.314 | Init Dist 10 = 11.314 | Init Dist 100 = 11.314 | Init Dist 1000 = 11.314 | Learner Steps = 4006 | Learner Walltime = 646.889 | Min Dist = 0.050 | Min Dist 10 = 0.035 | Min Dist 100 = 0.037 | Min Dist 1000 = 0.180 | Steps Per Second = 80.487 | Success = 1.000 | Success 1000 = 0.960
I0528 14:58:20.229701 22863692109376 terminal.py:91] [Learner] Actor Episodes = 5322 | Actor Loss = 6.372678756713867 | Actor Steps = 266100 | Binary Accuracy = 0.9959909915924072 | Categorical Accuracy = 0.1201171875 | Critic Loss = 3.8935368061065674 | Entropy Mean = -13.615062713623047 | Evaluator Episodes = 1317 | Evaluator Steps = 65850 | Learner Steps = 4010 | Learner Walltime = 647.498 | Logits Neg = -15.130319595336914 | Logits Pos = -3.8837461471557617 | Logsumexp = 0.4853355288505554 | Steps Per Second = 845.932
I0528 14:58:20.542076 22892410500672 terminal.py:91] [Actor] Actor Episodes = 5331 | Actor Steps = 266550 | Delta Dist = 10.271 | Delta Dist 10 = 8.399 | Delta Dist 100 = 8.261 | Delta Dist 1000 = 8.600 | Episode Length = 50 | Episode Return = 23.0 | Evaluator Episodes = 1319 | Evaluator Steps = 65950 | Final Dist = 1.042 | Final Dist 10 = 2.915 | Final Dist 100 = 3.053 | Final Dist 1000 = 2.714 | Init Dist = 11.314 | Init Dist 10 = 11.314 | Init Dist 100 = 11.314 | Init Dist 1000 = 11.314 | Learner Steps = 4006 | Learner Walltime = 646.889 | Min Dist = 0.279 | Min Dist 10 = 0.176 | Min Dist 100 = 0.180 | Min Dist 1000 = 0.286 | Steps Per Second = 111.338 | Success = 1.000 | Success 1000 = 0.981
I0528 14:58:20.898772 22895222769216 terminal.py:91] [Evaluator] Actor Episodes = 5330 | Actor Steps = 266500 | Delta Dist = 11.253 | Delta Dist 10 = 10.820 | Delta Dist 100 = 10.914 | Delta Dist 1000 = 10.619 | Episode Length = 50 | Episode Return = 23.0 | Evaluator Episodes = 1321 | Evaluator Steps = 66050 | Final Dist = 0.061 | Final Dist 10 = 0.494 | Final Dist 100 = 0.400 | Final Dist 1000 = 0.694 | Init Dist = 11.314 | Init Dist 10 = 11.314 | Init Dist 100 = 11.314 | Init Dist 1000 = 11.314 | Learner Steps = 4012 | Learner Walltime = 647.920 | Min Dist = 0.009 | Min Dist 10 = 0.038 | Min Dist 100 = 0.038 | Min Dist 1000 = 0.178 | Steps Per Second = 87.639 | Success = 1.000 | Success 1000 = 0.962
I0528 14:58:21.597519 22892391589440 terminal.py:91] [Actor] Actor Episodes = 5337 | Actor Steps = 266850 | Delta Dist = 10.271 | Delta Dist 10 = 7.273 | Delta Dist 100 = 8.107 | Delta Dist 1000 = 8.591 | Episode Length = 50 | Episode Return = 21.0 | Evaluator Episodes = 1321 | Evaluator Steps = 66050 | Final Dist = 1.042 | Final Dist 10 = 4.040 | Final Dist 100 = 3.207 | Final Dist 1000 = 2.723 | Init Dist = 11.314 | Init Dist 10 = 11.314 | Init Dist 100 = 11.314 | Init Dist 1000 = 11.314 | Learner Steps = 4012 | Learner Walltime = 647.920 | Min Dist = 0.104 | Min Dist 10 = 0.084 | Min Dist 100 = 0.186 | Min Dist 1000 = 0.286 | Steps Per Second = 96.284 | Success = 1.000 | Success 1000 = 0.981
I0528 14:58:21.958691 22895222769216 terminal.py:91] [Evaluator] Actor Episodes = 5340 | Actor Steps = 267000 | Delta Dist = 10.240 | Delta Dist 10 = 10.815 | Delta Dist 100 = 10.922 | Delta Dist 1000 = 10.623 | Episode Length = 50 | Episode Return = 21.0 | Evaluator Episodes = 1323 | Evaluator Steps = 66150 | Final Dist = 1.074 | Final Dist 10 = 0.499 | Final Dist 100 = 0.392 | Final Dist 1000 = 0.691 | Init Dist = 11.314 | Init Dist 10 = 11.314 | Init Dist 100 = 11.314 | Init Dist 1000 = 11.314 | Learner Steps = 4018 | Learner Walltime = 648.991 | Min Dist = 0.013 | Min Dist 10 = 0.038 | Min Dist 100 = 0.038 | Min Dist 1000 = 0.175 | Steps Per Second = 99.831 | Success = 1.000 | Success 1000 = 0.964
I0528 14:58:22.472633 22918291473984 lp_utils.py:96] StepsLimiter: Reached 267000 recorded steps
I0528 14:58:22.960334 22892421006912 terminal.py:91] [Actor] Actor Episodes = 5351 | Actor Steps = 267550 | Delta Dist = 11.152 | Delta Dist 10 = 7.794 | Delta Dist 100 = 7.980 | Delta Dist 1000 = 8.593 | Episode Length = 50 | Episode Return = 23.0 | Evaluator Episodes = 1323 | Evaluator Steps = 66150 | Final Dist = 0.162 | Final Dist 10 = 3.519 | Final Dist 100 = 3.334 | Final Dist 1000 = 2.721 | Init Dist = 11.314 | Init Dist 10 = 11.314 | Init Dist 100 = 11.314 | Init Dist 1000 = 11.314 | Learner Steps = 4025 | Learner Walltime = 650.026 | Min Dist = 0.016 | Min Dist 10 = 1.182 | Min Dist 100 = 0.299 | Min Dist 1000 = 0.297 | Steps Per Second = 96.735 | Success = 1.000 | Success 1000 = 0.981
I0528 14:58:23.088392 22895222769216 terminal.py:91] [Evaluator] Actor Episodes = 5351 | Actor Steps = 267550 | Delta Dist = 10.910 | Delta Dist 10 = 10.797 | Delta Dist 100 = 10.920 | Delta Dist 1000 = 10.625 | Episode Length = 50 | Episode Return = 22.0 | Evaluator Episodes = 1325 | Evaluator Steps = 66250 | Final Dist = 0.404 | Final Dist 10 = 0.517 | Final Dist 100 = 0.394 | Final Dist 1000 = 0.689 | Init Dist = 11.314 | Init Dist 10 = 11.314 | Init Dist 100 = 11.314 | Init Dist 1000 = 11.314 | Learner Steps = 4025 | Learner Walltime = 650.026 | Min Dist = 0.013 | Min Dist 10 = 0.038 | Min Dist 100 = 0.037 | Min Dist 1000 = 0.172 | Steps Per Second = 101.628 | Success = 1.000 | Success 1000 = 0.966
I0528 14:58:23.538395 22892418905664 terminal.py:91] [Actor] Actor Episodes = 5345 | Actor Steps = 267250 | Delta Dist = 11.199 | Delta Dist 10 = 7.158 | Delta Dist 100 = 7.841 | Delta Dist 1000 = 8.598 | Episode Length = 50 | Episode Return = 27.0 | Evaluator Episodes = 1323 | Evaluator Steps = 66150 | Final Dist = 0.115 | Final Dist 10 = 4.156 | Final Dist 100 = 3.472 | Final Dist 1000 = 2.716 | Init Dist = 11.314 | Init Dist 10 = 11.314 | Init Dist 100 = 11.314 | Init Dist 1000 = 11.314 | Learner Steps = 4018 | Learner Walltime = 648.991 | Min Dist = 0.063 | Min Dist 10 = 0.047 | Min Dist 100 = 0.297 | Min Dist 1000 = 0.288 | Steps Per Second = 102.653 | Success = 1.000 | Success 1000 = 0.981
I0528 14:58:24.168332 22895222769216 terminal.py:91] [Evaluator] Actor Episodes = 5360 | Actor Steps = 268000 | Delta Dist = 10.259 | Delta Dist 10 = 10.852 | Delta Dist 100 = 10.929 | Delta Dist 1000 = 10.627 | Episode Length = 50 | Episode Return = 23.0 | Evaluator Episodes = 1327 | Evaluator Steps = 66350 | Final Dist = 1.055 | Final Dist 10 = 0.461 | Final Dist 100 = 0.385 | Final Dist 1000 = 0.687 | Init Dist = 11.314 | Init Dist 10 = 11.314 | Init Dist 100 = 11.314 | Init Dist 1000 = 11.314 | Learner Steps = 4031 | Learner Walltime = 651.107 | Min Dist = 0.014 | Min Dist 10 = 0.035 | Min Dist 100 = 0.037 | Min Dist 1000 = 0.169 | Steps Per Second = 85.535 | Success = 1.000 | Success 1000 = 0.968
I0528 14:58:25.216220 22895222769216 terminal.py:91] [Evaluator] Actor Episodes = 5368 | Actor Steps = 268400 | Delta Dist = 11.251 | Delta Dist 10 = 10.785 | Delta Dist 100 = 10.929 | Delta Dist 1000 = 10.630 | Episode Length = 50 | Episode Return = 22.0 | Evaluator Episodes = 1329 | Evaluator Steps = 66450 | Final Dist = 0.062 | Final Dist 10 = 0.528 | Final Dist 100 = 0.385 | Final Dist 1000 = 0.683 | Init Dist = 11.314 | Init Dist 10 = 11.314 | Init Dist 100 = 11.314 | Init Dist 1000 = 11.314 | Learner Steps = 4038 | Learner Walltime = 652.176 | Min Dist = 0.011 | Min Dist 10 = 0.034 | Min Dist 100 = 0.037 | Min Dist 1000 = 0.167 | Steps Per Second = 89.693 | Success = 1.000 | Success 1000 = 0.970
I0528 14:58:26.722723 22895222769216 terminal.py:91] [Evaluator] Actor Episodes = 5379 | Actor Steps = 268950 | Delta Dist = 10.327 | Delta Dist 10 = 10.961 | Delta Dist 100 = 10.928 | Delta Dist 1000 = 10.636 | Episode Length = 50 | Episode Return = 23.0 | Evaluator Episodes = 1332 | Evaluator Steps = 66600 | Final Dist = 0.987 | Final Dist 10 = 0.352 | Final Dist 100 = 0.385 | Final Dist 1000 = 0.677 | Init Dist = 11.314 | Init Dist 10 = 11.314 | Init Dist 100 = 11.314 | Init Dist 1000 = 11.314 | Learner Steps = 4045 | Learner Walltime = 653.247 | Min Dist = 0.026 | Min Dist 10 = 0.028 | Min Dist 100 = 0.036 | Min Dist 1000 = 0.162 | Steps Per Second = 93.061 | Success = 1.000 | Success 1000 = 0.973
I0528 14:58:27.794203 22895222769216 terminal.py:91] [Evaluator] Actor Episodes = 5387 | Actor Steps = 269350 | Delta Dist = 10.901 | Delta Dist 10 = 10.972 | Delta Dist 100 = 10.928 | Delta Dist 1000 = 10.640 | Episode Length = 50 | Episode Return = 23.0 | Evaluator Episodes = 1334 | Evaluator Steps = 66700 | Final Dist = 0.413 | Final Dist 10 = 0.342 | Final Dist 100 = 0.386 | Final Dist 1000 = 0.673 | Init Dist = 11.314 | Init Dist 10 = 11.314 | Init Dist 100 = 11.314 | Init Dist 1000 = 11.314 | Learner Steps = 4051 | Learner Walltime = 654.286 | Min Dist = 0.025 | Min Dist 10 = 0.028 | Min Dist 100 = 0.036 | Min Dist 1000 = 0.159 | Steps Per Second = 85.928 | Success = 1.000 | Success 1000 = 0.975
I0528 14:58:28.888023 22895222769216 terminal.py:91] [Evaluator] Actor Episodes = 5393 | Actor Steps = 269650 | Delta Dist = 11.224 | Delta Dist 10 = 10.990 | Delta Dist 100 = 10.935 | Delta Dist 1000 = 10.644 | Episode Length = 50 | Episode Return = 22.0 | Evaluator Episodes = 1336 | Evaluator Steps = 66800 | Final Dist = 0.090 | Final Dist 10 = 0.323 | Final Dist 100 = 0.379 | Final Dist 1000 = 0.670 | Init Dist = 11.314 | Init Dist 10 = 11.314 | Init Dist 100 = 11.314 | Init Dist 1000 = 11.314 | Learner Steps = 4056 | Learner Walltime = 655.322 | Min Dist = 0.075 | Min Dist 10 = 0.033 | Min Dist 100 = 0.036 | Min Dist 1000 = 0.157 | Steps Per Second = 91.927 | Success = 1.000 | Success 1000 = 0.977
I0528 14:58:29.907010 22895222769216 terminal.py:91] [Evaluator] Actor Episodes = 5401 | Actor Steps = 270050 | Delta Dist = 11.079 | Delta Dist 10 = 11.085 | Delta Dist 100 = 10.934 | Delta Dist 1000 = 10.649 | Episode Length = 50 | Episode Return = 22.0 | Evaluator Episodes = 1338 | Evaluator Steps = 66900 | Final Dist = 0.235 | Final Dist 10 = 0.229 | Final Dist 100 = 0.380 | Final Dist 1000 = 0.665 | Init Dist = 11.314 | Init Dist 10 = 11.314 | Init Dist 100 = 11.314 | Init Dist 1000 = 11.314 | Learner Steps = 4061 | Learner Walltime = 656.339 | Min Dist = 0.015 | Min Dist 10 = 0.042 | Min Dist 100 = 0.037 | Min Dist 1000 = 0.154 | Steps Per Second = 109.299 | Success = 1.000 | Success 1000 = 0.979
I0528 14:58:30.298886 22863692109376 terminal.py:91] [Learner] Actor Episodes = 5405 | Actor Loss = 6.120089530944824 | Actor Steps = 270250 | Binary Accuracy = 0.9959993362426758 | Categorical Accuracy = 0.1146240234375 | Critic Loss = 4.02723503112793 | Entropy Mean = -14.634323120117188 | Evaluator Episodes = 1338 | Evaluator Steps = 66900 | Learner Steps = 4068 | Learner Walltime = 657.568 | Logits Neg = -14.089394569396973 | Logits Pos = -4.005448818206787 | Logsumexp = 0.450228214263916 | Steps Per Second = 327.543
I0528 14:58:30.741906 22892410500672 terminal.py:91] [Actor] Actor Episodes = 5407 | Actor Steps = 270350 | Delta Dist = 6.172 | Delta Dist 10 = 9.915 | Delta Dist 100 = 8.654 | Delta Dist 1000 = 8.679 | Episode Length = 50 | Episode Return = 23.0 | Evaluator Episodes = 1338 | Evaluator Steps = 66900 | Final Dist = 5.141 | Final Dist 10 = 1.398 | Final Dist 100 = 2.660 | Final Dist 1000 = 2.634 | Init Dist = 11.314 | Init Dist 10 = 11.314 | Init Dist 100 = 11.314 | Init Dist 1000 = 11.314 | Learner Steps = 4067 | Learner Walltime = 657.373 | Min Dist = 0.039 | Min Dist 10 = 0.154 | Min Dist 100 = 0.201 | Min Dist 1000 = 0.284 | Steps Per Second = 86.941 | Success = 1.000 | Success 1000 = 0.982
I0528 14:58:30.983442 22895222769216 terminal.py:91] [Evaluator] Actor Episodes = 5409 | Actor Steps = 270450 | Delta Dist = 11.202 | Delta Dist 10 = 11.062 | Delta Dist 100 = 10.933 | Delta Dist 1000 = 10.654 | Episode Length = 50 | Episode Return = 21.0 | Evaluator Episodes = 1340 | Evaluator Steps = 67000 | Final Dist = 0.112 | Final Dist 10 = 0.252 | Final Dist 100 = 0.380 | Final Dist 1000 = 0.660 | Init Dist = 11.314 | Init Dist 10 = 11.314 | Init Dist 100 = 11.314 | Init Dist 1000 = 11.314 | Learner Steps = 4067 | Learner Walltime = 657.373 | Min Dist = 0.100 | Min Dist 10 = 0.042 | Min Dist 100 = 0.037 | Min Dist 1000 = 0.151 | Steps Per Second = 112.836 | Success = 1.000 | Success 1000 = 0.981
I0528 14:58:32.046008 22892391589440 terminal.py:91] [Actor] Actor Episodes = 5415 | Actor Steps = 270750 | Delta Dist = 11.105 | Delta Dist 10 = 8.570 | Delta Dist 100 = 8.673 | Delta Dist 1000 = 8.687 | Episode Length = 50 | Episode Return = 23.0 | Evaluator Episodes = 1340 | Evaluator Steps = 67000 | Final Dist = 0.209 | Final Dist 10 = 2.743 | Final Dist 100 = 2.641 | Final Dist 1000 = 2.627 | Init Dist = 11.314 | Init Dist 10 = 11.314 | Init Dist 100 = 11.314 | Init Dist 1000 = 11.314 | Learner Steps = 4067 | Learner Walltime = 657.373 | Min Dist = 0.090 | Min Dist 10 = 0.054 | Min Dist 100 = 0.193 | Min Dist 1000 = 0.284 | Steps Per Second = 100.545 | Success = 1.000 | Success 1000 = 0.983
I0528 14:58:32.477770 22895222769216 terminal.py:91] [Evaluator] Actor Episodes = 5419 | Actor Steps = 270950 | Delta Dist = 11.057 | Delta Dist 10 = 11.060 | Delta Dist 100 = 10.934 | Delta Dist 1000 = 10.659 | Episode Length = 50 | Episode Return = 22.0 | Evaluator Episodes = 1343 | Evaluator Steps = 67150 | Final Dist = 0.257 | Final Dist 10 = 0.253 | Final Dist 100 = 0.379 | Final Dist 1000 = 0.655 | Init Dist = 11.314 | Init Dist 10 = 11.314 | Init Dist 100 = 11.314 | Init Dist 1000 = 11.314 | Learner Steps = 4081 | Learner Walltime = 659.506 | Min Dist = 0.066 | Min Dist 10 = 0.047 | Min Dist 100 = 0.038 | Min Dist 1000 = 0.147 | Steps Per Second = 100.164 | Success = 1.000 | Success 1000 = 0.984
I0528 14:58:32.492726 22918291473984 lp_utils.py:96] StepsLimiter: Reached 270950 recorded steps
I0528 14:58:32.966825 22892421006912 terminal.py:91] [Actor] Actor Episodes = 5423 | Actor Steps = 271150 | Delta Dist = 11.181 | Delta Dist 10 = 9.210 | Delta Dist 100 = 8.523 | Delta Dist 1000 = 8.721 | Episode Length = 50 | Episode Return = 25.0 | Evaluator Episodes = 1343 | Evaluator Steps = 67150 | Final Dist = 0.133 | Final Dist 10 = 2.104 | Final Dist 100 = 2.791 | Final Dist 1000 = 2.593 | Init Dist = 11.314 | Init Dist 10 = 11.314 | Init Dist 100 = 11.314 | Init Dist 1000 = 11.314 | Learner Steps = 4081 | Learner Walltime = 659.506 | Min Dist = 0.017 | Min Dist 10 = 0.039 | Min Dist 100 = 0.191 | Min Dist 1000 = 0.283 | Steps Per Second = 108.460 | Success = 1.000 | Success 1000 = 0.983
I0528 14:58:33.777699 22892418905664 terminal.py:91] [Actor] Actor Episodes = 5431 | Actor Steps = 271550 | Delta Dist = 11.259 | Delta Dist 10 = 9.661 | Delta Dist 100 = 8.837 | Delta Dist 1000 = 8.748 | Episode Length = 50 | Episode Return = 21.0 | Evaluator Episodes = 1343 | Evaluator Steps = 67150 | Final Dist = 0.055 | Final Dist 10 = 1.653 | Final Dist 100 = 2.477 | Final Dist 1000 = 2.566 | Init Dist = 11.314 | Init Dist 10 = 11.314 | Init Dist 100 = 11.314 | Init Dist 1000 = 11.314 | Learner Steps = 4088 | Learner Walltime = 660.552 | Min Dist = 0.027 | Min Dist 10 = 0.027 | Min Dist 100 = 0.177 | Min Dist 1000 = 0.271 | Steps Per Second = 100.386 | Success = 1.000 | Success 1000 = 0.983
I0528 14:58:33.936876 22895222769216 terminal.py:91] [Evaluator] Actor Episodes = 5431 | Actor Steps = 271550 | Delta Dist = 11.249 | Delta Dist 10 = 10.985 | Delta Dist 100 = 10.935 | Delta Dist 1000 = 10.664 | Episode Length = 50 | Episode Return = 21.0 | Evaluator Episodes = 1346 | Evaluator Steps = 67300 | Final Dist = 0.065 | Final Dist 10 = 0.329 | Final Dist 100 = 0.378 | Final Dist 1000 = 0.650 | Init Dist = 11.314 | Init Dist 10 = 11.314 | Init Dist 100 = 11.314 | Init Dist 1000 = 11.314 | Learner Steps = 4088 | Learner Walltime = 660.552 | Min Dist = 0.028 | Min Dist 10 = 0.046 | Min Dist 100 = 0.037 | Min Dist 1000 = 0.143 | Steps Per Second = 91.841 | Success = 1.000 | Success 1000 = 0.987
I0528 14:58:35.081827 22895222769216 terminal.py:91] [Evaluator] Actor Episodes = 5441 | Actor Steps = 272050 | Delta Dist = 10.237 | Delta Dist 10 = 10.988 | Delta Dist 100 = 10.946 | Delta Dist 1000 = 10.669 | Episode Length = 50 | Episode Return = 22.0 | Evaluator Episodes = 1348 | Evaluator Steps = 67400 | Final Dist = 1.076 | Final Dist 10 = 0.326 | Final Dist 100 = 0.368 | Final Dist 1000 = 0.645 | Init Dist = 11.314 | Init Dist 10 = 11.314 | Init Dist 100 = 11.314 | Init Dist 1000 = 11.314 | Learner Steps = 4094 | Learner Walltime = 661.584 | Min Dist = 0.034 | Min Dist 10 = 0.035 | Min Dist 100 = 0.037 | Min Dist 1000 = 0.140 | Steps Per Second = 83.994 | Success = 1.000 | Success 1000 = 0.989
I0528 14:58:36.332660 22895222769216 terminal.py:91] [Evaluator] Actor Episodes = 5449 | Actor Steps = 272450 | Delta Dist = 11.092 | Delta Dist 10 = 10.805 | Delta Dist 100 = 10.927 | Delta Dist 1000 = 10.671 | Episode Length = 50 | Episode Return = 23.0 | Evaluator Episodes = 1350 | Evaluator Steps = 67500 | Final Dist = 0.222 | Final Dist 10 = 0.508 | Final Dist 100 = 0.387 | Final Dist 1000 = 0.642 | Init Dist = 11.314 | Init Dist 10 = 11.314 | Init Dist 100 = 11.314 | Init Dist 1000 = 11.314 | Learner Steps = 4100 | Learner Walltime = 662.704 | Min Dist = 0.007 | Min Dist 10 = 0.036 | Min Dist 100 = 0.036 | Min Dist 1000 = 0.137 | Steps Per Second = 80.033 | Success = 1.000 | Success 1000 = 0.991
I0528 14:58:37.268501 22897759475264 savers.py:156] Saving checkpoint: /home/gliu2/rebuttal/checkpoints/contrastive_cpc_point_FourRooms_0/checkpoints/learner
I0528 14:58:37.703780 22895222769216 terminal.py:91] [Evaluator] Actor Episodes = 5459 | Actor Steps = 272950 | Delta Dist = 11.135 | Delta Dist 10 = 10.803 | Delta Dist 100 = 10.929 | Delta Dist 1000 = 10.675 | Episode Length = 50 | Episode Return = 24.0 | Evaluator Episodes = 1352 | Evaluator Steps = 67600 | Final Dist = 0.179 | Final Dist 10 = 0.511 | Final Dist 100 = 0.385 | Final Dist 1000 = 0.639 | Init Dist = 11.314 | Init Dist 10 = 11.314 | Init Dist 100 = 11.314 | Init Dist 1000 = 11.314 | Learner Steps = 4110 | Learner Walltime = 664.976 | Min Dist = 0.032 | Min Dist 10 = 0.032 | Min Dist 100 = 0.037 | Min Dist 1000 = 0.134 | Steps Per Second = 71.540 | Success = 1.000 | Success 1000 = 0.993
I0528 14:58:38.722533 22895222769216 terminal.py:91] [Evaluator] Actor Episodes = 5467 | Actor Steps = 273350 | Delta Dist = 10.230 | Delta Dist 10 = 10.886 | Delta Dist 100 = 10.938 | Delta Dist 1000 = 10.680 | Episode Length = 50 | Episode Return = 23.0 | Evaluator Episodes = 1354 | Evaluator Steps = 67700 | Final Dist = 1.084 | Final Dist 10 = 0.428 | Final Dist 100 = 0.375 | Final Dist 1000 = 0.634 | Init Dist = 11.314 | Init Dist 10 = 11.314 | Init Dist 100 = 11.314 | Init Dist 1000 = 11.314 | Learner Steps = 4110 | Learner Walltime = 664.976 | Min Dist = 0.019 | Min Dist 10 = 0.027 | Min Dist 100 = 0.036 | Min Dist 1000 = 0.131 | Steps Per Second = 98.960 | Success = 1.000 | Success 1000 = 0.995
I0528 14:58:39.829187 22895222769216 terminal.py:91] [Evaluator] Actor Episodes = 5473 | Actor Steps = 273650 | Delta Dist = 11.056 | Delta Dist 10 = 10.877 | Delta Dist 100 = 10.926 | Delta Dist 1000 = 10.682 | Episode Length = 50 | Episode Return = 23.0 | Evaluator Episodes = 1356 | Evaluator Steps = 67800 | Final Dist = 0.258 | Final Dist 10 = 0.437 | Final Dist 100 = 0.388 | Final Dist 1000 = 0.632 | Init Dist = 11.314 | Init Dist 10 = 11.314 | Init Dist 100 = 11.314 | Init Dist 1000 = 11.314 | Learner Steps = 4118 | Learner Walltime = 666.180 | Min Dist = 0.020 | Min Dist 10 = 0.032 | Min Dist 100 = 0.037 | Min Dist 1000 = 0.128 | Steps Per Second = 92.977 | Success = 1.000 | Success 1000 = 0.997
I0528 14:58:40.369773 22863692109376 terminal.py:91] [Learner] Actor Episodes = 5477 | Actor Loss = 6.277881145477295 | Actor Steps = 273850 | Binary Accuracy = 0.9959983825683594 | Categorical Accuracy = 0.12322998046875 | Critic Loss = 3.9929587841033936 | Entropy Mean = -15.675392150878906 | Evaluator Episodes = 1356 | Evaluator Steps = 67800 | Learner Steps = 4126 | Learner Walltime = 667.634 | Logits Neg = -14.464667320251465 | Logits Pos = -3.996408462524414 | Logsumexp = 0.4597083032131195 | Steps Per Second = 162.643
I0528 14:58:41.002441 22895222769216 terminal.py:91] [Evaluator] Actor Episodes = 5481 | Actor Steps = 274050 | Delta Dist = 11.221 | Delta Dist 10 = 10.861 | Delta Dist 100 = 10.935 | Delta Dist 1000 = 10.686 | Episode Length = 50 | Episode Return = 22.0 | Evaluator Episodes = 1358 | Evaluator Steps = 67900 | Final Dist = 0.092 | Final Dist 10 = 0.452 | Final Dist 100 = 0.379 | Final Dist 1000 = 0.628 | Init Dist = 11.314 | Init Dist 10 = 11.314 | Init Dist 100 = 11.314 | Init Dist 1000 = 11.314 | Learner Steps = 4125 | Learner Walltime = 667.240 | Min Dist = 0.007 | Min Dist 10 = 0.034 | Min Dist 100 = 0.037 | Min Dist 1000 = 0.125 | Steps Per Second = 76.962 | Success = 1.000 | Success 1000 = 0.999
I0528 14:58:41.178831 22892410500672 terminal.py:91] [Actor] Actor Episodes = 5480 | Actor Steps = 274000 | Delta Dist = 11.042 | Delta Dist 10 = 7.883 | Delta Dist 100 = 8.964 | Delta Dist 1000 = 8.760 | Episode Length = 50 | Episode Return = 23.0 | Evaluator Episodes = 1356 | Evaluator Steps = 67800 | Final Dist = 0.271 | Final Dist 10 = 3.431 | Final Dist 100 = 2.350 | Final Dist 1000 = 2.554 | Init Dist = 11.314 | Init Dist 10 = 11.314 | Init Dist 100 = 11.314 | Init Dist 1000 = 11.314 | Learner Steps = 4125 | Learner Walltime = 667.240 | Min Dist = 0.263 | Min Dist 10 = 0.035 | Min Dist 100 = 0.179 | Min Dist 1000 = 0.247 | Steps Per Second = 88.598 | Success = 1.000 | Success 1000 = 0.987
I0528 14:58:42.129055 22895222769216 terminal.py:91] [Evaluator] Actor Episodes = 5489 | Actor Steps = 274450 | Delta Dist = 11.258 | Delta Dist 10 = 10.957 | Delta Dist 100 = 10.928 | Delta Dist 1000 = 10.688 | Episode Length = 50 | Episode Return = 24.0 | Evaluator Episodes = 1360 | Evaluator Steps = 68000 | Final Dist = 0.056 | Final Dist 10 = 0.356 | Final Dist 100 = 0.385 | Final Dist 1000 = 0.626 | Init Dist = 11.314 | Init Dist 10 = 11.314 | Init Dist 100 = 11.314 | Init Dist 1000 = 11.314 | Learner Steps = 4129 | Learner Walltime = 668.434 | Min Dist = 0.019 | Min Dist 10 = 0.030 | Min Dist 100 = 0.036 | Min Dist 1000 = 0.123 | Steps Per Second = 87.565 | Success = 1.000 | Success 1000 = 1.000
I0528 14:58:42.311401 22892391589440 terminal.py:91] [Actor] Actor Episodes = 5493 | Actor Steps = 274650 | Delta Dist = 11.281 | Delta Dist 10 = 7.884 | Delta Dist 100 = 8.753 | Delta Dist 1000 = 8.760 | Episode Length = 50 | Episode Return = 24.0 | Evaluator Episodes = 1360 | Evaluator Steps = 68000 | Final Dist = 0.033 | Final Dist 10 = 3.430 | Final Dist 100 = 2.561 | Final Dist 1000 = 2.554 | Init Dist = 11.314 | Init Dist 10 = 11.314 | Init Dist 100 = 11.314 | Init Dist 1000 = 11.314 | Learner Steps = 4129 | Learner Walltime = 668.434 | Min Dist = 0.011 | Min Dist 10 = 0.053 | Min Dist 100 = 0.181 | Min Dist 1000 = 0.247 | Steps Per Second = 88.369 | Success = 1.000 | Success 1000 = 0.987
I0528 14:58:42.508365 22918291473984 lp_utils.py:96] StepsLimiter: Reached 274650 recorded steps
I0528 14:58:43.214870 22895222769216 terminal.py:91] [Evaluator] Actor Episodes = 5497 | Actor Steps = 274850 | Delta Dist = 10.269 | Delta Dist 10 = 10.976 | Delta Dist 100 = 10.930 | Delta Dist 1000 = 10.692 | Episode Length = 50 | Episode Return = 23.0 | Evaluator Episodes = 1362 | Evaluator Steps = 68100 | Final Dist = 1.045 | Final Dist 10 = 0.338 | Final Dist 100 = 0.384 | Final Dist 1000 = 0.622 | Init Dist = 11.314 | Init Dist 10 = 11.314 | Init Dist 100 = 11.314 | Init Dist 1000 = 11.314 | Learner Steps = 4136 | Learner Walltime = 669.616 | Min Dist = 0.029 | Min Dist 10 = 0.026 | Min Dist 100 = 0.035 | Min Dist 1000 = 0.122 | Steps Per Second = 83.743 | Success = 1.000 | Success 1000 = 1.000
I0528 14:58:43.238034 22892421006912 terminal.py:91] [Actor] Actor Episodes = 5499 | Actor Steps = 274950 | Delta Dist = 11.203 | Delta Dist 10 = 8.105 | Delta Dist 100 = 8.817 | Delta Dist 1000 = 8.758 | Episode Length = 50 | Episode Return = 21.0 | Evaluator Episodes = 1362 | Evaluator Steps = 68100 | Final Dist = 0.110 | Final Dist 10 = 3.209 | Final Dist 100 = 2.497 | Final Dist 1000 = 2.555 | Init Dist = 11.314 | Init Dist 10 = 11.314 | Init Dist 100 = 11.314 | Init Dist 1000 = 11.314 | Learner Steps = 4136 | Learner Walltime = 669.616 | Min Dist = 0.030 | Min Dist 10 = 0.036 | Min Dist 100 = 0.174 | Min Dist 1000 = 0.246 | Steps Per Second = 85.035 | Success = 1.000 | Success 1000 = 0.987
I0528 14:58:44.141593 22892418905664 terminal.py:91] [Actor] Actor Episodes = 5505 | Actor Steps = 275250 | Delta Dist = 10.205 | Delta Dist 10 = 8.010 | Delta Dist 100 = 8.703 | Delta Dist 1000 = 8.744 | Episode Length = 50 | Episode Return = 23.0 | Evaluator Episodes = 1362 | Evaluator Steps = 68100 | Final Dist = 1.109 | Final Dist 10 = 3.304 | Final Dist 100 = 2.610 | Final Dist 1000 = 2.570 | Init Dist = 11.314 | Init Dist 10 = 11.314 | Init Dist 100 = 11.314 | Init Dist 1000 = 11.314 | Learner Steps = 4142 | Learner Walltime = 670.669 | Min Dist = 0.009 | Min Dist 10 = 0.038 | Min Dist 100 = 0.164 | Min Dist 1000 = 0.246 | Steps Per Second = 101.853 | Success = 1.000 | Success 1000 = 0.987
I0528 14:58:44.318927 22895222769216 terminal.py:91] [Evaluator] Actor Episodes = 5505 | Actor Steps = 275250 | Delta Dist = 10.266 | Delta Dist 10 = 10.809 | Delta Dist 100 = 10.914 | Delta Dist 1000 = 10.695 | Episode Length = 50 | Episode Return = 23.0 | Evaluator Episodes = 1364 | Evaluator Steps = 68200 | Final Dist = 1.048 | Final Dist 10 = 0.505 | Final Dist 100 = 0.400 | Final Dist 1000 = 0.619 | Init Dist = 11.314 | Init Dist 10 = 11.314 | Init Dist 100 = 11.314 | Init Dist 1000 = 11.314 | Learner Steps = 4142 | Learner Walltime = 670.669 | Min Dist = 0.023 | Min Dist 10 = 0.028 | Min Dist 100 = 0.035 | Min Dist 1000 = 0.121 | Steps Per Second = 96.435 | Success = 1.000 | Success 1000 = 1.000
I0528 14:58:45.498232 22895222769216 terminal.py:91] [Evaluator] Actor Episodes = 5515 | Actor Steps = 275750 | Delta Dist = 11.127 | Delta Dist 10 = 10.801 | Delta Dist 100 = 10.912 | Delta Dist 1000 = 10.698 | Episode Length = 50 | Episode Return = 25.0 | Evaluator Episodes = 1366 | Evaluator Steps = 68300 | Final Dist = 0.186 | Final Dist 10 = 0.513 | Final Dist 100 = 0.401 | Final Dist 1000 = 0.616 | Init Dist = 11.314 | Init Dist 10 = 11.314 | Init Dist 100 = 11.314 | Init Dist 1000 = 11.314 | Learner Steps = 4148 | Learner Walltime = 671.740 | Min Dist = 0.060 | Min Dist 10 = 0.024 | Min Dist 100 = 0.034 | Min Dist 1000 = 0.120 | Steps Per Second = 91.771 | Success = 1.000 | Success 1000 = 1.000
I0528 14:58:46.546698 22895222769216 terminal.py:91] [Evaluator] Actor Episodes = 5523 | Actor Steps = 276150 | Delta Dist = 11.239 | Delta Dist 10 = 10.707 | Delta Dist 100 = 10.912 | Delta Dist 1000 = 10.702 | Episode Length = 50 | Episode Return = 22.0 | Evaluator Episodes = 1368 | Evaluator Steps = 68400 | Final Dist = 0.075 | Final Dist 10 = 0.606 | Final Dist 100 = 0.402 | Final Dist 1000 = 0.612 | Init Dist = 11.314 | Init Dist 10 = 11.314 | Init Dist 100 = 11.314 | Init Dist 1000 = 11.314 | Learner Steps = 4156 | Learner Walltime = 672.842 | Min Dist = 0.037 | Min Dist 10 = 0.024 | Min Dist 100 = 0.034 | Min Dist 1000 = 0.119 | Steps Per Second = 104.328 | Success = 1.000 | Success 1000 = 1.000
I0528 14:58:47.603826 22895222769216 terminal.py:91] [Evaluator] Actor Episodes = 5531 | Actor Steps = 276550 | Delta Dist = 10.929 | Delta Dist 10 = 10.807 | Delta Dist 100 = 10.914 | Delta Dist 1000 = 10.707 | Episode Length = 50 | Episode Return = 24.0 | Evaluator Episodes = 1370 | Evaluator Steps = 68500 | Final Dist = 0.384 | Final Dist 10 = 0.507 | Final Dist 100 = 0.400 | Final Dist 1000 = 0.607 | Init Dist = 11.314 | Init Dist 10 = 11.314 | Init Dist 100 = 11.314 | Init Dist 1000 = 11.314 | Learner Steps = 4162 | Learner Walltime = 673.930 | Min Dist = 0.040 | Min Dist 10 = 0.029 | Min Dist 100 = 0.034 | Min Dist 1000 = 0.118 | Steps Per Second = 106.638 | Success = 1.000 | Success 1000 = 1.000
I0528 14:58:48.668812 22895222769216 terminal.py:91] [Evaluator] Actor Episodes = 5535 | Actor Steps = 276750 | Delta Dist = 11.236 | Delta Dist 10 = 10.776 | Delta Dist 100 = 10.914 | Delta Dist 1000 = 10.711 | Episode Length = 50 | Episode Return = 22.0 | Evaluator Episodes = 1372 | Evaluator Steps = 68600 | Final Dist = 0.078 | Final Dist 10 = 0.537 | Final Dist 100 = 0.400 | Final Dist 1000 = 0.602 | Init Dist = 11.314 | Init Dist 10 = 11.314 | Init Dist 100 = 11.314 | Init Dist 1000 = 11.314 | Learner Steps = 4168 | Learner Walltime = 675.076 | Min Dist = 0.048 | Min Dist 10 = 0.029 | Min Dist 100 = 0.034 | Min Dist 1000 = 0.117 | Steps Per Second = 87.999 | Success = 1.000 | Success 1000 = 1.000
I0528 14:58:50.183370 22895222769216 terminal.py:91] [Evaluator] Actor Episodes = 5551 | Actor Steps = 277550 | Delta Dist = 11.113 | Delta Dist 10 = 10.972 | Delta Dist 100 = 10.917 | Delta Dist 1000 = 10.714 | Episode Length = 50 | Episode Return = 23.0 | Evaluator Episodes = 1375 | Evaluator Steps = 68750 | Final Dist = 0.200 | Final Dist 10 = 0.342 | Final Dist 100 = 0.397 | Final Dist 1000 = 0.599 | Init Dist = 11.314 | Init Dist 10 = 11.314 | Init Dist 100 = 11.314 | Init Dist 1000 = 11.314 | Learner Steps = 4182 | Learner Walltime = 677.358 | Min Dist = 0.015 | Min Dist 10 = 0.033 | Min Dist 100 = 0.034 | Min Dist 1000 = 0.116 | Steps Per Second = 89.115 | Success = 1.000 | Success 1000 = 1.000
I0528 14:58:50.413748 22863692109376 terminal.py:91] [Learner] Actor Episodes = 5551 | Actor Loss = 5.947880744934082 | Actor Steps = 277550 | Binary Accuracy = 0.9960627555847168 | Categorical Accuracy = 0.11346435546875 | Critic Loss = 4.0440168380737305 | Entropy Mean = -15.510021209716797 | Evaluator Episodes = 1372 | Evaluator Steps = 68600 | Learner Steps = 4184 | Learner Walltime = 677.682 | Logits Neg = -13.359095573425293 | Logits Pos = -4.0311431884765625 | Logsumexp = 0.37435173988342285 | Steps Per Second = 258.695
I0528 14:58:51.260220 22895222769216 terminal.py:91] [Evaluator] Actor Episodes = 5559 | Actor Steps = 277950 | Delta Dist = 10.259 | Delta Dist 10 = 10.894 | Delta Dist 100 = 10.916 | Delta Dist 1000 = 10.717 | Episode Length = 50 | Episode Return = 22.0 | Evaluator Episodes = 1377 | Evaluator Steps = 68850 | Final Dist = 1.055 | Final Dist 10 = 0.420 | Final Dist 100 = 0.398 | Final Dist 1000 = 0.597 | Init Dist = 11.314 | Init Dist 10 = 11.314 | Init Dist 100 = 11.314 | Init Dist 1000 = 11.314 | Learner Steps = 4189 | Learner Walltime = 678.436 | Min Dist = 0.028 | Min Dist 10 = 0.027 | Min Dist 100 = 0.033 | Min Dist 1000 = 0.115 | Steps Per Second = 88.905 | Success = 1.000 | Success 1000 = 1.000
I0528 14:58:51.354622 22892410500672 terminal.py:91] [Actor] Actor Episodes = 5556 | Actor Steps = 277800 | Delta Dist = 11.103 | Delta Dist 10 = 9.252 | Delta Dist 100 = 8.711 | Delta Dist 1000 = 8.721 | Episode Length = 50 | Episode Return = 25.0 | Evaluator Episodes = 1375 | Evaluator Steps = 68750 | Final Dist = 0.211 | Final Dist 10 = 2.062 | Final Dist 100 = 2.603 | Final Dist 1000 = 2.592 | Init Dist = 11.314 | Init Dist 10 = 11.314 | Init Dist 100 = 11.314 | Init Dist 1000 = 11.314 | Learner Steps = 4182 | Learner Walltime = 677.358 | Min Dist = 0.008 | Min Dist 10 = 0.082 | Min Dist 100 = 0.273 | Min Dist 1000 = 0.266 | Steps Per Second = 103.693 | Success = 1.000 | Success 1000 = 0.987
I0528 14:58:52.329970 22895222769216 terminal.py:91] [Evaluator] Actor Episodes = 5563 | Actor Steps = 278150 | Delta Dist = 11.281 | Delta Dist 10 = 10.810 | Delta Dist 100 = 10.901 | Delta Dist 1000 = 10.719 | Episode Length = 50 | Episode Return = 24.0 | Evaluator Episodes = 1379 | Evaluator Steps = 68950 | Final Dist = 0.032 | Final Dist 10 = 0.504 | Final Dist 100 = 0.413 | Final Dist 1000 = 0.595 | Init Dist = 11.314 | Init Dist 10 = 11.314 | Init Dist 100 = 11.314 | Init Dist 1000 = 11.314 | Learner Steps = 4195 | Learner Walltime = 679.486 | Min Dist = 0.022 | Min Dist 10 = 0.031 | Min Dist 100 = 0.033 | Min Dist 1000 = 0.115 | Steps Per Second = 84.545 | Success = 1.000 | Success 1000 = 1.000
I0528 14:58:52.524695 22918291473984 lp_utils.py:96] StepsLimiter: Reached 278300 recorded steps
I0528 14:58:52.615266 22892391589440 terminal.py:91] [Actor] Actor Episodes = 5564 | Actor Steps = 278200 | Delta Dist = 11.263 | Delta Dist 10 = 7.598 | Delta Dist 100 = 8.619 | Delta Dist 1000 = 8.712 | Episode Length = 50 | Episode Return = 22.0 | Evaluator Episodes = 1377 | Evaluator Steps = 68850 | Final Dist = 0.051 | Final Dist 10 = 3.715 | Final Dist 100 = 2.694 | Final Dist 1000 = 2.601 | Init Dist = 11.314 | Init Dist 10 = 11.314 | Init Dist 100 = 11.314 | Init Dist 1000 = 11.314 | Learner Steps = 4189 | Learner Walltime = 678.436 | Min Dist = 0.051 | Min Dist 10 = 0.074 | Min Dist 100 = 0.275 | Min Dist 1000 = 0.266 | Steps Per Second = 90.394 | Success = 1.000 | Success 1000 = 0.987
I0528 14:58:53.442047 22892421006912 terminal.py:91] [Actor] Actor Episodes = 5572 | Actor Steps = 278600 | Delta Dist = 10.370 | Delta Dist 10 = 8.792 | Delta Dist 100 = 8.515 | Delta Dist 1000 = 8.705 | Episode Length = 50 | Episode Return = 24.0 | Evaluator Episodes = 1379 | Evaluator Steps = 68950 | Final Dist = 0.943 | Final Dist 10 = 2.522 | Final Dist 100 = 2.799 | Final Dist 1000 = 2.608 | Init Dist = 11.314 | Init Dist 10 = 11.314 | Init Dist 100 = 11.314 | Init Dist 1000 = 11.314 | Learner Steps = 4195 | Learner Walltime = 679.486 | Min Dist = 0.058 | Min Dist 10 = 0.032 | Min Dist 100 = 0.274 | Min Dist 1000 = 0.266 | Steps Per Second = 95.682 | Success = 1.000 | Success 1000 = 0.987
I0528 14:58:53.905991 22895222769216 terminal.py:91] [Evaluator] Actor Episodes = 5577 | Actor Steps = 278850 | Delta Dist = 11.055 | Delta Dist 10 = 10.730 | Delta Dist 100 = 10.899 | Delta Dist 1000 = 10.722 | Episode Length = 50 | Episode Return = 25.0 | Evaluator Episodes = 1382 | Evaluator Steps = 69100 | Final Dist = 0.259 | Final Dist 10 = 0.584 | Final Dist 100 = 0.415 | Final Dist 1000 = 0.592 | Init Dist = 11.314 | Init Dist 10 = 11.314 | Init Dist 100 = 11.314 | Init Dist 1000 = 11.314 | Learner Steps = 4201 | Learner Walltime = 680.495 | Min Dist = 0.043 | Min Dist 10 = 0.030 | Min Dist 100 = 0.033 | Min Dist 1000 = 0.114 | Steps Per Second = 86.560 | Success = 1.000 | Success 1000 = 1.000
I0528 14:58:54.676659 22892418905664 terminal.py:91] [Actor] Actor Episodes = 5585 | Actor Steps = 279250 | Delta Dist = 11.049 | Delta Dist 10 = 8.535 | Delta Dist 100 = 8.686 | Delta Dist 1000 = 8.698 | Episode Length = 50 | Episode Return = 26.0 | Evaluator Episodes = 1382 | Evaluator Steps = 69100 | Final Dist = 0.264 | Final Dist 10 = 2.779 | Final Dist 100 = 2.628 | Final Dist 1000 = 2.616 | Init Dist = 11.314 | Init Dist 10 = 11.314 | Init Dist 100 = 11.314 | Init Dist 1000 = 11.314 | Learner Steps = 4207 | Learner Walltime = 681.542 | Min Dist = 0.035 | Min Dist 10 = 0.063 | Min Dist 100 = 0.276 | Min Dist 1000 = 0.266 | Steps Per Second = 88.536 | Success = 1.000 | Success 1000 = 0.987
I0528 14:58:55.458281 22895222769216 terminal.py:91] [Evaluator] Actor Episodes = 5589 | Actor Steps = 279450 | Delta Dist = 10.323 | Delta Dist 10 = 10.782 | Delta Dist 100 = 10.916 | Delta Dist 1000 = 10.727 | Episode Length = 50 | Episode Return = 23.0 | Evaluator Episodes = 1385 | Evaluator Steps = 69250 | Final Dist = 0.991 | Final Dist 10 = 0.532 | Final Dist 100 = 0.398 | Final Dist 1000 = 0.586 | Init Dist = 11.314 | Init Dist 10 = 11.314 | Init Dist 100 = 11.314 | Init Dist 1000 = 11.314 | Learner Steps = 4213 | Learner Walltime = 682.594 | Min Dist = 0.040 | Min Dist 10 = 0.024 | Min Dist 100 = 0.033 | Min Dist 1000 = 0.112 | Steps Per Second = 88.890 | Success = 1.000 | Success 1000 = 1.000
I0528 14:58:56.659271 22895222769216 terminal.py:91] [Evaluator] Actor Episodes = 5599 | Actor Steps = 279950 | Delta Dist = 11.064 | Delta Dist 10 = 10.792 | Delta Dist 100 = 10.909 | Delta Dist 1000 = 10.730 | Episode Length = 50 | Episode Return = 21.0 | Evaluator Episodes = 1387 | Evaluator Steps = 69350 | Final Dist = 0.250 | Final Dist 10 = 0.522 | Final Dist 100 = 0.405 | Final Dist 1000 = 0.583 | Init Dist = 11.314 | Init Dist 10 = 11.314 | Init Dist 100 = 11.314 | Init Dist 1000 = 11.314 | Learner Steps = 4219 | Learner Walltime = 683.694 | Min Dist = 0.011 | Min Dist 10 = 0.029 | Min Dist 100 = 0.033 | Min Dist 1000 = 0.112 | Steps Per Second = 87.308 | Success = 1.000 | Success 1000 = 1.000
I0528 14:58:57.700038 22895222769216 terminal.py:91] [Evaluator] Actor Episodes = 5605 | Actor Steps = 280250 | Delta Dist = 11.105 | Delta Dist 10 = 10.957 | Delta Dist 100 = 10.911 | Delta Dist 1000 = 10.734 | Episode Length = 50 | Episode Return = 23.0 | Evaluator Episodes = 1389 | Evaluator Steps = 69450 | Final Dist = 0.209 | Final Dist 10 = 0.357 | Final Dist 100 = 0.403 | Final Dist 1000 = 0.580 | Init Dist = 11.314 | Init Dist 10 = 11.314 | Init Dist 100 = 11.314 | Init Dist 1000 = 11.314 | Learner Steps = 4226 | Learner Walltime = 684.728 | Min Dist = 0.055 | Min Dist 10 = 0.022 | Min Dist 100 = 0.033 | Min Dist 1000 = 0.111 | Steps Per Second = 90.756 | Success = 1.000 | Success 1000 = 1.000
I0528 14:58:58.769147 22895222769216 terminal.py:91] [Evaluator] Actor Episodes = 5613 | Actor Steps = 280650 | Delta Dist = 11.068 | Delta Dist 10 = 10.970 | Delta Dist 100 = 10.910 | Delta Dist 1000 = 10.738 | Episode Length = 50 | Episode Return = 22.0 | Evaluator Episodes = 1391 | Evaluator Steps = 69550 | Final Dist = 0.246 | Final Dist 10 = 0.344 | Final Dist 100 = 0.404 | Final Dist 1000 = 0.576 | Init Dist = 11.314 | Init Dist 10 = 11.314 | Init Dist 100 = 11.314 | Init Dist 1000 = 11.314 | Learner Steps = 4232 | Learner Walltime = 685.809 | Min Dist = 0.014 | Min Dist 10 = 0.026 | Min Dist 100 = 0.033 | Min Dist 1000 = 0.110 | Steps Per Second = 83.091 | Success = 1.000 | Success 1000 = 1.000
I0528 14:58:59.887690 22895222769216 terminal.py:91] [Evaluator] Actor Episodes = 5623 | Actor Steps = 281150 | Delta Dist = 11.077 | Delta Dist 10 = 10.962 | Delta Dist 100 = 10.914 | Delta Dist 1000 = 10.741 | Episode Length = 50 | Episode Return = 22.0 | Evaluator Episodes = 1393 | Evaluator Steps = 69650 | Final Dist = 0.237 | Final Dist 10 = 0.351 | Final Dist 100 = 0.400 | Final Dist 1000 = 0.573 | Init Dist = 11.314 | Init Dist 10 = 11.314 | Init Dist 100 = 11.314 | Init Dist 1000 = 11.314 | Learner Steps = 4239 | Learner Walltime = 686.868 | Min Dist = 0.021 | Min Dist 10 = 0.022 | Min Dist 100 = 0.032 | Min Dist 1000 = 0.109 | Steps Per Second = 89.948 | Success = 1.000 | Success 1000 = 1.000
slurmstepd: error: *** JOB 4950936 ON babel-2-25 CANCELLED AT 2025-05-28T14:59:00 ***
I0528 14:59:00.247051 22927996241728 savers.py:207] Caught SIGTERM: forcing a checkpoint save.
I0528 14:59:00.247644 22927996241728 savers.py:156] Saving checkpoint: /home/gliu2/rebuttal/checkpoints/contrastive_cpc_point_FourRooms_0/checkpoints/counter
